"seed","basename","file","threshold","pep_total","pep_pass","q_total","q_pass"
1,"drep_tcell100p_scored_target","drep_tcell100p_scored_target_seed1_label0_pep_ipspline.txt",0.01,132,109,132,125
1,"drep_tcell100p_scored_target","drep_tcell100p_scored_target_seed1_label0_pep_ipspline.txt",0.05,132,113,132,127
2,"drep_tcell100p_scored_target","drep_tcell100p_scored_target_seed2_label0_pep_ipspline.txt",0.01,132,109,132,126
2,"drep_tcell100p_scored_target","drep_tcell100p_scored_target_seed2_label0_pep_ipspline.txt",0.05,132,113,132,127
3,"drep_tcell100p_scored_target","drep_tcell100p_scored_target_seed3_label0_pep_ipspline.txt",0.01,132,109,132,125
3,"drep_tcell100p_scored_target","drep_tcell100p_scored_target_seed3_label0_pep_ipspline.txt",0.05,132,113,132,127
4,"drep_tcell100p_scored_target","drep_tcell100p_scored_target_seed4_label0_pep_ipspline.txt",0.01,132,109,132,125
4,"drep_tcell100p_scored_target","drep_tcell100p_scored_target_seed4_label0_pep_ipspline.txt",0.05,132,113,132,127
5,"drep_tcell100p_scored_target","drep_tcell100p_scored_target_seed5_label0_pep_ipspline.txt",0.01,132,109,132,125
5,"drep_tcell100p_scored_target","drep_tcell100p_scored_target_seed5_label0_pep_ipspline.txt",0.05,132,112,132,127
6,"drep_tcell100p_scored_target","drep_tcell100p_scored_target_seed6_label0_pep_ipspline.txt",0.01,132,109,132,125
6,"drep_tcell100p_scored_target","drep_tcell100p_scored_target_seed6_label0_pep_ipspline.txt",0.05,132,113,132,127
7,"drep_tcell100p_scored_target","drep_tcell100p_scored_target_seed7_label0_pep_ipspline.txt",0.01,132,109,132,125
7,"drep_tcell100p_scored_target","drep_tcell100p_scored_target_seed7_label0_pep_ipspline.txt",0.05,132,113,132,126
8,"drep_tcell100p_scored_target","drep_tcell100p_scored_target_seed8_label0_pep_ipspline.txt",0.01,132,109,132,126
8,"drep_tcell100p_scored_target","drep_tcell100p_scored_target_seed8_label0_pep_ipspline.txt",0.05,132,113,132,126
9,"drep_tcell100p_scored_target","drep_tcell100p_scored_target_seed9_label0_pep_ipspline.txt",0.01,132,109,132,125
9,"drep_tcell100p_scored_target","drep_tcell100p_scored_target_seed9_label0_pep_ipspline.txt",0.05,132,113,132,127
10,"drep_tcell100p_scored_target","drep_tcell100p_scored_target_seed10_label0_pep_ipspline.txt",0.01,132,109,132,125
10,"drep_tcell100p_scored_target","drep_tcell100p_scored_target_seed10_label0_pep_ipspline.txt",0.05,132,112,132,127
11,"drep_tcell100p_scored_target","drep_tcell100p_scored_target_seed11_label0_pep_ipspline.txt",0.01,132,109,132,125
11,"drep_tcell100p_scored_target","drep_tcell100p_scored_target_seed11_label0_pep_ipspline.txt",0.05,132,113,132,127
12,"drep_tcell100p_scored_target","drep_tcell100p_scored_target_seed12_label0_pep_ipspline.txt",0.01,132,109,132,126
12,"drep_tcell100p_scored_target","drep_tcell100p_scored_target_seed12_label0_pep_ipspline.txt",0.05,132,113,132,127
13,"drep_tcell100p_scored_target","drep_tcell100p_scored_target_seed13_label0_pep_ipspline.txt",0.01,132,109,132,125
13,"drep_tcell100p_scored_target","drep_tcell100p_scored_target_seed13_label0_pep_ipspline.txt",0.05,132,113,132,127
14,"drep_tcell100p_scored_target","drep_tcell100p_scored_target_seed14_label0_pep_ipspline.txt",0.01,132,109,132,126
14,"drep_tcell100p_scored_target","drep_tcell100p_scored_target_seed14_label0_pep_ipspline.txt",0.05,132,114,132,127
15,"drep_tcell100p_scored_target","drep_tcell100p_scored_target_seed15_label0_pep_ipspline.txt",0.01,132,109,132,126
15,"drep_tcell100p_scored_target","drep_tcell100p_scored_target_seed15_label0_pep_ipspline.txt",0.05,132,114,132,127
16,"drep_tcell100p_scored_target","drep_tcell100p_scored_target_seed16_label0_pep_ipspline.txt",0.01,132,109,132,126
16,"drep_tcell100p_scored_target","drep_tcell100p_scored_target_seed16_label0_pep_ipspline.txt",0.05,132,113,132,127
17,"drep_tcell100p_scored_target","drep_tcell100p_scored_target_seed17_label0_pep_ipspline.txt",0.01,132,109,132,126
17,"drep_tcell100p_scored_target","drep_tcell100p_scored_target_seed17_label0_pep_ipspline.txt",0.05,132,113,132,127
18,"drep_tcell100p_scored_target","drep_tcell100p_scored_target_seed18_label0_pep_ipspline.txt",0.01,132,109,132,125
18,"drep_tcell100p_scored_target","drep_tcell100p_scored_target_seed18_label0_pep_ipspline.txt",0.05,132,113,132,127
19,"drep_tcell100p_scored_target","drep_tcell100p_scored_target_seed19_label0_pep_ipspline.txt",0.01,132,109,132,126
19,"drep_tcell100p_scored_target","drep_tcell100p_scored_target_seed19_label0_pep_ipspline.txt",0.05,132,113,132,127
20,"drep_tcell100p_scored_target","drep_tcell100p_scored_target_seed20_label0_pep_ipspline.txt",0.01,132,109,132,125
20,"drep_tcell100p_scored_target","drep_tcell100p_scored_target_seed20_label0_pep_ipspline.txt",0.05,132,113,132,127
21,"drep_tcell100p_scored_target","drep_tcell100p_scored_target_seed21_label0_pep_ipspline.txt",0.01,132,109,132,126
21,"drep_tcell100p_scored_target","drep_tcell100p_scored_target_seed21_label0_pep_ipspline.txt",0.05,132,114,132,127
22,"drep_tcell100p_scored_target","drep_tcell100p_scored_target_seed22_label0_pep_ipspline.txt",0.01,132,109,132,126
22,"drep_tcell100p_scored_target","drep_tcell100p_scored_target_seed22_label0_pep_ipspline.txt",0.05,132,115,132,127
23,"drep_tcell100p_scored_target","drep_tcell100p_scored_target_seed23_label0_pep_ipspline.txt",0.01,132,109,132,126
23,"drep_tcell100p_scored_target","drep_tcell100p_scored_target_seed23_label0_pep_ipspline.txt",0.05,132,114,132,127
24,"drep_tcell100p_scored_target","drep_tcell100p_scored_target_seed24_label0_pep_ipspline.txt",0.01,132,109,132,125
24,"drep_tcell100p_scored_target","drep_tcell100p_scored_target_seed24_label0_pep_ipspline.txt",0.05,132,113,132,127
25,"drep_tcell100p_scored_target","drep_tcell100p_scored_target_seed25_label0_pep_ipspline.txt",0.01,132,109,132,126
25,"drep_tcell100p_scored_target","drep_tcell100p_scored_target_seed25_label0_pep_ipspline.txt",0.05,132,114,132,127
26,"drep_tcell100p_scored_target","drep_tcell100p_scored_target_seed26_label0_pep_ipspline.txt",0.01,132,109,132,126
26,"drep_tcell100p_scored_target","drep_tcell100p_scored_target_seed26_label0_pep_ipspline.txt",0.05,132,114,132,127
27,"drep_tcell100p_scored_target","drep_tcell100p_scored_target_seed27_label0_pep_ipspline.txt",0.01,132,109,132,126
27,"drep_tcell100p_scored_target","drep_tcell100p_scored_target_seed27_label0_pep_ipspline.txt",0.05,132,113,132,127
28,"drep_tcell100p_scored_target","drep_tcell100p_scored_target_seed28_label0_pep_ipspline.txt",0.01,132,109,132,125
28,"drep_tcell100p_scored_target","drep_tcell100p_scored_target_seed28_label0_pep_ipspline.txt",0.05,132,113,132,127
29,"drep_tcell100p_scored_target","drep_tcell100p_scored_target_seed29_label0_pep_ipspline.txt",0.01,132,109,132,126
29,"drep_tcell100p_scored_target","drep_tcell100p_scored_target_seed29_label0_pep_ipspline.txt",0.05,132,113,132,127
30,"drep_tcell100p_scored_target","drep_tcell100p_scored_target_seed30_label0_pep_ipspline.txt",0.01,132,109,132,125
30,"drep_tcell100p_scored_target","drep_tcell100p_scored_target_seed30_label0_pep_ipspline.txt",0.05,132,113,132,127
31,"drep_tcell100p_scored_target","drep_tcell100p_scored_target_seed31_label0_pep_ipspline.txt",0.01,132,109,132,125
31,"drep_tcell100p_scored_target","drep_tcell100p_scored_target_seed31_label0_pep_ipspline.txt",0.05,132,113,132,127
32,"drep_tcell100p_scored_target","drep_tcell100p_scored_target_seed32_label0_pep_ipspline.txt",0.01,132,109,132,126
32,"drep_tcell100p_scored_target","drep_tcell100p_scored_target_seed32_label0_pep_ipspline.txt",0.05,132,113,132,127
33,"drep_tcell100p_scored_target","drep_tcell100p_scored_target_seed33_label0_pep_ipspline.txt",0.01,132,109,132,125
33,"drep_tcell100p_scored_target","drep_tcell100p_scored_target_seed33_label0_pep_ipspline.txt",0.05,132,113,132,127
34,"drep_tcell100p_scored_target","drep_tcell100p_scored_target_seed34_label0_pep_ipspline.txt",0.01,132,109,132,126
34,"drep_tcell100p_scored_target","drep_tcell100p_scored_target_seed34_label0_pep_ipspline.txt",0.05,132,114,132,127
35,"drep_tcell100p_scored_target","drep_tcell100p_scored_target_seed35_label0_pep_ipspline.txt",0.01,132,109,132,126
35,"drep_tcell100p_scored_target","drep_tcell100p_scored_target_seed35_label0_pep_ipspline.txt",0.05,132,113,132,127
36,"drep_tcell100p_scored_target","drep_tcell100p_scored_target_seed36_label0_pep_ipspline.txt",0.01,132,109,132,125
36,"drep_tcell100p_scored_target","drep_tcell100p_scored_target_seed36_label0_pep_ipspline.txt",0.05,132,113,132,127
37,"drep_tcell100p_scored_target","drep_tcell100p_scored_target_seed37_label0_pep_ipspline.txt",0.01,132,109,132,125
37,"drep_tcell100p_scored_target","drep_tcell100p_scored_target_seed37_label0_pep_ipspline.txt",0.05,132,113,132,127
38,"drep_tcell100p_scored_target","drep_tcell100p_scored_target_seed38_label0_pep_ipspline.txt",0.01,132,109,132,125
38,"drep_tcell100p_scored_target","drep_tcell100p_scored_target_seed38_label0_pep_ipspline.txt",0.05,132,113,132,127
39,"drep_tcell100p_scored_target","drep_tcell100p_scored_target_seed39_label0_pep_ipspline.txt",0.01,132,109,132,126
39,"drep_tcell100p_scored_target","drep_tcell100p_scored_target_seed39_label0_pep_ipspline.txt",0.05,132,113,132,127
40,"drep_tcell100p_scored_target","drep_tcell100p_scored_target_seed40_label0_pep_ipspline.txt",0.01,132,109,132,126
40,"drep_tcell100p_scored_target","drep_tcell100p_scored_target_seed40_label0_pep_ipspline.txt",0.05,132,114,132,127
41,"drep_tcell100p_scored_target","drep_tcell100p_scored_target_seed41_label0_pep_ipspline.txt",0.01,132,109,132,126
41,"drep_tcell100p_scored_target","drep_tcell100p_scored_target_seed41_label0_pep_ipspline.txt",0.05,132,113,132,127
42,"drep_tcell100p_scored_target","drep_tcell100p_scored_target_seed42_label0_pep_ipspline.txt",0.01,132,109,132,125
42,"drep_tcell100p_scored_target","drep_tcell100p_scored_target_seed42_label0_pep_ipspline.txt",0.05,132,113,132,127
43,"drep_tcell100p_scored_target","drep_tcell100p_scored_target_seed43_label0_pep_ipspline.txt",0.01,132,109,132,125
43,"drep_tcell100p_scored_target","drep_tcell100p_scored_target_seed43_label0_pep_ipspline.txt",0.05,132,113,132,127
44,"drep_tcell100p_scored_target","drep_tcell100p_scored_target_seed44_label0_pep_ipspline.txt",0.01,132,109,132,126
44,"drep_tcell100p_scored_target","drep_tcell100p_scored_target_seed44_label0_pep_ipspline.txt",0.05,132,113,132,127
45,"drep_tcell100p_scored_target","drep_tcell100p_scored_target_seed45_label0_pep_ipspline.txt",0.01,132,109,132,125
45,"drep_tcell100p_scored_target","drep_tcell100p_scored_target_seed45_label0_pep_ipspline.txt",0.05,132,113,132,127
46,"drep_tcell100p_scored_target","drep_tcell100p_scored_target_seed46_label0_pep_ipspline.txt",0.01,132,109,132,125
46,"drep_tcell100p_scored_target","drep_tcell100p_scored_target_seed46_label0_pep_ipspline.txt",0.05,132,113,132,127
47,"drep_tcell100p_scored_target","drep_tcell100p_scored_target_seed47_label0_pep_ipspline.txt",0.01,132,109,132,125
47,"drep_tcell100p_scored_target","drep_tcell100p_scored_target_seed47_label0_pep_ipspline.txt",0.05,132,113,132,127
48,"drep_tcell100p_scored_target","drep_tcell100p_scored_target_seed48_label0_pep_ipspline.txt",0.01,132,109,132,126
48,"drep_tcell100p_scored_target","drep_tcell100p_scored_target_seed48_label0_pep_ipspline.txt",0.05,132,113,132,126
49,"drep_tcell100p_scored_target","drep_tcell100p_scored_target_seed49_label0_pep_ipspline.txt",0.01,132,109,132,126
49,"drep_tcell100p_scored_target","drep_tcell100p_scored_target_seed49_label0_pep_ipspline.txt",0.05,132,114,132,127
50,"drep_tcell100p_scored_target","drep_tcell100p_scored_target_seed50_label0_pep_ipspline.txt",0.01,132,109,132,126
50,"drep_tcell100p_scored_target","drep_tcell100p_scored_target_seed50_label0_pep_ipspline.txt",0.05,132,114,132,127
51,"drep_tcell100p_scored_target","drep_tcell100p_scored_target_seed51_label0_pep_ipspline.txt",0.01,132,109,132,125
51,"drep_tcell100p_scored_target","drep_tcell100p_scored_target_seed51_label0_pep_ipspline.txt",0.05,132,113,132,127
52,"drep_tcell100p_scored_target","drep_tcell100p_scored_target_seed52_label0_pep_ipspline.txt",0.01,132,109,132,125
52,"drep_tcell100p_scored_target","drep_tcell100p_scored_target_seed52_label0_pep_ipspline.txt",0.05,132,113,132,127
53,"drep_tcell100p_scored_target","drep_tcell100p_scored_target_seed53_label0_pep_ipspline.txt",0.01,132,109,132,125
53,"drep_tcell100p_scored_target","drep_tcell100p_scored_target_seed53_label0_pep_ipspline.txt",0.05,132,113,132,127
54,"drep_tcell100p_scored_target","drep_tcell100p_scored_target_seed54_label0_pep_ipspline.txt",0.01,132,109,132,125
54,"drep_tcell100p_scored_target","drep_tcell100p_scored_target_seed54_label0_pep_ipspline.txt",0.05,132,113,132,127
55,"drep_tcell100p_scored_target","drep_tcell100p_scored_target_seed55_label0_pep_ipspline.txt",0.01,132,109,132,125
55,"drep_tcell100p_scored_target","drep_tcell100p_scored_target_seed55_label0_pep_ipspline.txt",0.05,132,112,132,127
56,"drep_tcell100p_scored_target","drep_tcell100p_scored_target_seed56_label0_pep_ipspline.txt",0.01,132,109,132,126
56,"drep_tcell100p_scored_target","drep_tcell100p_scored_target_seed56_label0_pep_ipspline.txt",0.05,132,113,132,127
57,"drep_tcell100p_scored_target","drep_tcell100p_scored_target_seed57_label0_pep_ipspline.txt",0.01,132,109,132,125
57,"drep_tcell100p_scored_target","drep_tcell100p_scored_target_seed57_label0_pep_ipspline.txt",0.05,132,113,132,127
58,"drep_tcell100p_scored_target","drep_tcell100p_scored_target_seed58_label0_pep_ipspline.txt",0.01,132,109,132,125
58,"drep_tcell100p_scored_target","drep_tcell100p_scored_target_seed58_label0_pep_ipspline.txt",0.05,132,113,132,127
59,"drep_tcell100p_scored_target","drep_tcell100p_scored_target_seed59_label0_pep_ipspline.txt",0.01,132,109,132,126
59,"drep_tcell100p_scored_target","drep_tcell100p_scored_target_seed59_label0_pep_ipspline.txt",0.05,132,114,132,127
60,"drep_tcell100p_scored_target","drep_tcell100p_scored_target_seed60_label0_pep_ipspline.txt",0.01,132,109,132,126
60,"drep_tcell100p_scored_target","drep_tcell100p_scored_target_seed60_label0_pep_ipspline.txt",0.05,132,113,132,126
61,"drep_tcell100p_scored_target","drep_tcell100p_scored_target_seed61_label0_pep_ipspline.txt",0.01,132,109,132,126
61,"drep_tcell100p_scored_target","drep_tcell100p_scored_target_seed61_label0_pep_ipspline.txt",0.05,132,113,132,127
62,"drep_tcell100p_scored_target","drep_tcell100p_scored_target_seed62_label0_pep_ipspline.txt",0.01,132,109,132,125
62,"drep_tcell100p_scored_target","drep_tcell100p_scored_target_seed62_label0_pep_ipspline.txt",0.05,132,112,132,127
63,"drep_tcell100p_scored_target","drep_tcell100p_scored_target_seed63_label0_pep_ipspline.txt",0.01,132,109,132,125
63,"drep_tcell100p_scored_target","drep_tcell100p_scored_target_seed63_label0_pep_ipspline.txt",0.05,132,113,132,127
64,"drep_tcell100p_scored_target","drep_tcell100p_scored_target_seed64_label0_pep_ipspline.txt",0.01,132,109,132,125
64,"drep_tcell100p_scored_target","drep_tcell100p_scored_target_seed64_label0_pep_ipspline.txt",0.05,132,113,132,127
65,"drep_tcell100p_scored_target","drep_tcell100p_scored_target_seed65_label0_pep_ipspline.txt",0.01,132,109,132,126
65,"drep_tcell100p_scored_target","drep_tcell100p_scored_target_seed65_label0_pep_ipspline.txt",0.05,132,114,132,127
66,"drep_tcell100p_scored_target","drep_tcell100p_scored_target_seed66_label0_pep_ipspline.txt",0.01,132,109,132,125
66,"drep_tcell100p_scored_target","drep_tcell100p_scored_target_seed66_label0_pep_ipspline.txt",0.05,132,113,132,127
67,"drep_tcell100p_scored_target","drep_tcell100p_scored_target_seed67_label0_pep_ipspline.txt",0.01,132,109,132,125
67,"drep_tcell100p_scored_target","drep_tcell100p_scored_target_seed67_label0_pep_ipspline.txt",0.05,132,112,132,126
68,"drep_tcell100p_scored_target","drep_tcell100p_scored_target_seed68_label0_pep_ipspline.txt",0.01,132,109,132,125
68,"drep_tcell100p_scored_target","drep_tcell100p_scored_target_seed68_label0_pep_ipspline.txt",0.05,132,113,132,127
69,"drep_tcell100p_scored_target","drep_tcell100p_scored_target_seed69_label0_pep_ipspline.txt",0.01,132,109,132,125
69,"drep_tcell100p_scored_target","drep_tcell100p_scored_target_seed69_label0_pep_ipspline.txt",0.05,132,112,132,127
70,"drep_tcell100p_scored_target","drep_tcell100p_scored_target_seed70_label0_pep_ipspline.txt",0.01,132,109,132,126
70,"drep_tcell100p_scored_target","drep_tcell100p_scored_target_seed70_label0_pep_ipspline.txt",0.05,132,113,132,126
71,"drep_tcell100p_scored_target","drep_tcell100p_scored_target_seed71_label0_pep_ipspline.txt",0.01,132,109,132,125
71,"drep_tcell100p_scored_target","drep_tcell100p_scored_target_seed71_label0_pep_ipspline.txt",0.05,132,113,132,126
72,"drep_tcell100p_scored_target","drep_tcell100p_scored_target_seed72_label0_pep_ipspline.txt",0.01,132,109,132,125
72,"drep_tcell100p_scored_target","drep_tcell100p_scored_target_seed72_label0_pep_ipspline.txt",0.05,132,113,132,127
73,"drep_tcell100p_scored_target","drep_tcell100p_scored_target_seed73_label0_pep_ipspline.txt",0.01,132,109,132,125
73,"drep_tcell100p_scored_target","drep_tcell100p_scored_target_seed73_label0_pep_ipspline.txt",0.05,132,112,132,126
74,"drep_tcell100p_scored_target","drep_tcell100p_scored_target_seed74_label0_pep_ipspline.txt",0.01,132,109,132,125
74,"drep_tcell100p_scored_target","drep_tcell100p_scored_target_seed74_label0_pep_ipspline.txt",0.05,132,113,132,127
75,"drep_tcell100p_scored_target","drep_tcell100p_scored_target_seed75_label0_pep_ipspline.txt",0.01,132,109,132,125
75,"drep_tcell100p_scored_target","drep_tcell100p_scored_target_seed75_label0_pep_ipspline.txt",0.05,132,113,132,127
76,"drep_tcell100p_scored_target","drep_tcell100p_scored_target_seed76_label0_pep_ipspline.txt",0.01,132,109,132,125
76,"drep_tcell100p_scored_target","drep_tcell100p_scored_target_seed76_label0_pep_ipspline.txt",0.05,132,113,132,127
77,"drep_tcell100p_scored_target","drep_tcell100p_scored_target_seed77_label0_pep_ipspline.txt",0.01,132,109,132,125
77,"drep_tcell100p_scored_target","drep_tcell100p_scored_target_seed77_label0_pep_ipspline.txt",0.05,132,113,132,127
78,"drep_tcell100p_scored_target","drep_tcell100p_scored_target_seed78_label0_pep_ipspline.txt",0.01,132,109,132,125
78,"drep_tcell100p_scored_target","drep_tcell100p_scored_target_seed78_label0_pep_ipspline.txt",0.05,132,113,132,127
79,"drep_tcell100p_scored_target","drep_tcell100p_scored_target_seed79_label0_pep_ipspline.txt",0.01,132,109,132,125
79,"drep_tcell100p_scored_target","drep_tcell100p_scored_target_seed79_label0_pep_ipspline.txt",0.05,132,112,132,126
80,"drep_tcell100p_scored_target","drep_tcell100p_scored_target_seed80_label0_pep_ipspline.txt",0.01,132,109,132,125
80,"drep_tcell100p_scored_target","drep_tcell100p_scored_target_seed80_label0_pep_ipspline.txt",0.05,132,113,132,127
81,"drep_tcell100p_scored_target","drep_tcell100p_scored_target_seed81_label0_pep_ipspline.txt",0.01,132,109,132,125
81,"drep_tcell100p_scored_target","drep_tcell100p_scored_target_seed81_label0_pep_ipspline.txt",0.05,132,113,132,127
82,"drep_tcell100p_scored_target","drep_tcell100p_scored_target_seed82_label0_pep_ipspline.txt",0.01,132,109,132,125
82,"drep_tcell100p_scored_target","drep_tcell100p_scored_target_seed82_label0_pep_ipspline.txt",0.05,132,113,132,127
83,"drep_tcell100p_scored_target","drep_tcell100p_scored_target_seed83_label0_pep_ipspline.txt",0.01,132,109,132,125
83,"drep_tcell100p_scored_target","drep_tcell100p_scored_target_seed83_label0_pep_ipspline.txt",0.05,132,113,132,127
84,"drep_tcell100p_scored_target","drep_tcell100p_scored_target_seed84_label0_pep_ipspline.txt",0.01,132,109,132,125
84,"drep_tcell100p_scored_target","drep_tcell100p_scored_target_seed84_label0_pep_ipspline.txt",0.05,132,113,132,127
85,"drep_tcell100p_scored_target","drep_tcell100p_scored_target_seed85_label0_pep_ipspline.txt",0.01,132,109,132,126
85,"drep_tcell100p_scored_target","drep_tcell100p_scored_target_seed85_label0_pep_ipspline.txt",0.05,132,114,132,127
86,"drep_tcell100p_scored_target","drep_tcell100p_scored_target_seed86_label0_pep_ipspline.txt",0.01,132,109,132,125
86,"drep_tcell100p_scored_target","drep_tcell100p_scored_target_seed86_label0_pep_ipspline.txt",0.05,132,112,132,127
87,"drep_tcell100p_scored_target","drep_tcell100p_scored_target_seed87_label0_pep_ipspline.txt",0.01,132,109,132,125
87,"drep_tcell100p_scored_target","drep_tcell100p_scored_target_seed87_label0_pep_ipspline.txt",0.05,132,113,132,127
88,"drep_tcell100p_scored_target","drep_tcell100p_scored_target_seed88_label0_pep_ipspline.txt",0.01,132,109,132,125
88,"drep_tcell100p_scored_target","drep_tcell100p_scored_target_seed88_label0_pep_ipspline.txt",0.05,132,113,132,127
89,"drep_tcell100p_scored_target","drep_tcell100p_scored_target_seed89_label0_pep_ipspline.txt",0.01,132,109,132,126
89,"drep_tcell100p_scored_target","drep_tcell100p_scored_target_seed89_label0_pep_ipspline.txt",0.05,132,113,132,127
90,"drep_tcell100p_scored_target","drep_tcell100p_scored_target_seed90_label0_pep_ipspline.txt",0.01,132,109,132,126
90,"drep_tcell100p_scored_target","drep_tcell100p_scored_target_seed90_label0_pep_ipspline.txt",0.05,132,113,132,127
91,"drep_tcell100p_scored_target","drep_tcell100p_scored_target_seed91_label0_pep_ipspline.txt",0.01,132,109,132,125
91,"drep_tcell100p_scored_target","drep_tcell100p_scored_target_seed91_label0_pep_ipspline.txt",0.05,132,112,132,127
92,"drep_tcell100p_scored_target","drep_tcell100p_scored_target_seed92_label0_pep_ipspline.txt",0.01,132,109,132,125
92,"drep_tcell100p_scored_target","drep_tcell100p_scored_target_seed92_label0_pep_ipspline.txt",0.05,132,113,132,127
93,"drep_tcell100p_scored_target","drep_tcell100p_scored_target_seed93_label0_pep_ipspline.txt",0.01,132,109,132,126
93,"drep_tcell100p_scored_target","drep_tcell100p_scored_target_seed93_label0_pep_ipspline.txt",0.05,132,114,132,127
94,"drep_tcell100p_scored_target","drep_tcell100p_scored_target_seed94_label0_pep_ipspline.txt",0.01,132,109,132,125
94,"drep_tcell100p_scored_target","drep_tcell100p_scored_target_seed94_label0_pep_ipspline.txt",0.05,132,113,132,127
95,"drep_tcell100p_scored_target","drep_tcell100p_scored_target_seed95_label0_pep_ipspline.txt",0.01,132,109,132,125
95,"drep_tcell100p_scored_target","drep_tcell100p_scored_target_seed95_label0_pep_ipspline.txt",0.05,132,113,132,127
96,"drep_tcell100p_scored_target","drep_tcell100p_scored_target_seed96_label0_pep_ipspline.txt",0.01,132,109,132,126
96,"drep_tcell100p_scored_target","drep_tcell100p_scored_target_seed96_label0_pep_ipspline.txt",0.05,132,113,132,127
97,"drep_tcell100p_scored_target","drep_tcell100p_scored_target_seed97_label0_pep_ipspline.txt",0.01,132,109,132,126
97,"drep_tcell100p_scored_target","drep_tcell100p_scored_target_seed97_label0_pep_ipspline.txt",0.05,132,113,132,127
98,"drep_tcell100p_scored_target","drep_tcell100p_scored_target_seed98_label0_pep_ipspline.txt",0.01,132,109,132,126
98,"drep_tcell100p_scored_target","drep_tcell100p_scored_target_seed98_label0_pep_ipspline.txt",0.05,132,113,132,127
99,"drep_tcell100p_scored_target","drep_tcell100p_scored_target_seed99_label0_pep_ipspline.txt",0.01,132,109,132,125
99,"drep_tcell100p_scored_target","drep_tcell100p_scored_target_seed99_label0_pep_ipspline.txt",0.05,132,113,132,127
100,"drep_tcell100p_scored_target","drep_tcell100p_scored_target_seed100_label0_pep_ipspline.txt",0.01,132,109,132,126
100,"drep_tcell100p_scored_target","drep_tcell100p_scored_target_seed100_label0_pep_ipspline.txt",0.05,132,114,132,127
1,"tcell0pt3p_scored_target","tcell0pt3p_scored_target_seed1_label0_pep_ipspline.txt",0.01,132,0,132,0
1,"tcell0pt3p_scored_target","tcell0pt3p_scored_target_seed1_label0_pep_ipspline.txt",0.05,132,34,132,52
2,"tcell0pt3p_scored_target","tcell0pt3p_scored_target_seed2_label0_pep_ipspline.txt",0.01,132,26,132,0
2,"tcell0pt3p_scored_target","tcell0pt3p_scored_target_seed2_label0_pep_ipspline.txt",0.05,132,29,132,40
3,"tcell0pt3p_scored_target","tcell0pt3p_scored_target_seed3_label0_pep_ipspline.txt",0.01,132,0,132,0
3,"tcell0pt3p_scored_target","tcell0pt3p_scored_target_seed3_label0_pep_ipspline.txt",0.05,132,31,132,45
4,"tcell0pt3p_scored_target","tcell0pt3p_scored_target_seed4_label0_pep_ipspline.txt",0.01,132,25,132,0
4,"tcell0pt3p_scored_target","tcell0pt3p_scored_target_seed4_label0_pep_ipspline.txt",0.05,132,29,132,41
5,"tcell0pt3p_scored_target","tcell0pt3p_scored_target_seed5_label0_pep_ipspline.txt",0.01,132,25,132,0
5,"tcell0pt3p_scored_target","tcell0pt3p_scored_target_seed5_label0_pep_ipspline.txt",0.05,132,28,132,39
6,"tcell0pt3p_scored_target","tcell0pt3p_scored_target_seed6_label0_pep_ipspline.txt",0.01,132,26,132,0
6,"tcell0pt3p_scored_target","tcell0pt3p_scored_target_seed6_label0_pep_ipspline.txt",0.05,132,28,132,39
7,"tcell0pt3p_scored_target","tcell0pt3p_scored_target_seed7_label0_pep_ipspline.txt",0.01,132,25,132,0
7,"tcell0pt3p_scored_target","tcell0pt3p_scored_target_seed7_label0_pep_ipspline.txt",0.05,132,28,132,35
8,"tcell0pt3p_scored_target","tcell0pt3p_scored_target_seed8_label0_pep_ipspline.txt",0.01,132,26,132,0
8,"tcell0pt3p_scored_target","tcell0pt3p_scored_target_seed8_label0_pep_ipspline.txt",0.05,132,28,132,38
9,"tcell0pt3p_scored_target","tcell0pt3p_scored_target_seed9_label0_pep_ipspline.txt",0.01,132,26,132,0
9,"tcell0pt3p_scored_target","tcell0pt3p_scored_target_seed9_label0_pep_ipspline.txt",0.05,132,28,132,40
10,"tcell0pt3p_scored_target","tcell0pt3p_scored_target_seed10_label0_pep_ipspline.txt",0.01,132,0,132,0
10,"tcell0pt3p_scored_target","tcell0pt3p_scored_target_seed10_label0_pep_ipspline.txt",0.05,132,29,132,39
11,"tcell0pt3p_scored_target","tcell0pt3p_scored_target_seed11_label0_pep_ipspline.txt",0.01,132,25,132,0
11,"tcell0pt3p_scored_target","tcell0pt3p_scored_target_seed11_label0_pep_ipspline.txt",0.05,132,29,132,42
12,"tcell0pt3p_scored_target","tcell0pt3p_scored_target_seed12_label0_pep_ipspline.txt",0.01,132,0,132,0
12,"tcell0pt3p_scored_target","tcell0pt3p_scored_target_seed12_label0_pep_ipspline.txt",0.05,132,30,132,41
13,"tcell0pt3p_scored_target","tcell0pt3p_scored_target_seed13_label0_pep_ipspline.txt",0.01,132,0,132,0
13,"tcell0pt3p_scored_target","tcell0pt3p_scored_target_seed13_label0_pep_ipspline.txt",0.05,132,32,132,45
14,"tcell0pt3p_scored_target","tcell0pt3p_scored_target_seed14_label0_pep_ipspline.txt",0.01,132,0,132,0
14,"tcell0pt3p_scored_target","tcell0pt3p_scored_target_seed14_label0_pep_ipspline.txt",0.05,132,31,132,44
15,"tcell0pt3p_scored_target","tcell0pt3p_scored_target_seed15_label0_pep_ipspline.txt",0.01,132,0,132,0
15,"tcell0pt3p_scored_target","tcell0pt3p_scored_target_seed15_label0_pep_ipspline.txt",0.05,132,30,132,41
16,"tcell0pt3p_scored_target","tcell0pt3p_scored_target_seed16_label0_pep_ipspline.txt",0.01,132,26,132,0
16,"tcell0pt3p_scored_target","tcell0pt3p_scored_target_seed16_label0_pep_ipspline.txt",0.05,132,29,132,40
17,"tcell0pt3p_scored_target","tcell0pt3p_scored_target_seed17_label0_pep_ipspline.txt",0.01,132,0,132,0
17,"tcell0pt3p_scored_target","tcell0pt3p_scored_target_seed17_label0_pep_ipspline.txt",0.05,132,37,132,45
18,"tcell0pt3p_scored_target","tcell0pt3p_scored_target_seed18_label0_pep_ipspline.txt",0.01,132,25,132,0
18,"tcell0pt3p_scored_target","tcell0pt3p_scored_target_seed18_label0_pep_ipspline.txt",0.05,132,29,132,40
19,"tcell0pt3p_scored_target","tcell0pt3p_scored_target_seed19_label0_pep_ipspline.txt",0.01,132,38,132,0
19,"tcell0pt3p_scored_target","tcell0pt3p_scored_target_seed19_label0_pep_ipspline.txt",0.05,132,40,132,47
20,"tcell0pt3p_scored_target","tcell0pt3p_scored_target_seed20_label0_pep_ipspline.txt",0.01,132,0,132,0
20,"tcell0pt3p_scored_target","tcell0pt3p_scored_target_seed20_label0_pep_ipspline.txt",0.05,132,29,132,40
21,"tcell0pt3p_scored_target","tcell0pt3p_scored_target_seed21_label0_pep_ipspline.txt",0.01,132,0,132,0
21,"tcell0pt3p_scored_target","tcell0pt3p_scored_target_seed21_label0_pep_ipspline.txt",0.05,132,32,132,46
22,"tcell0pt3p_scored_target","tcell0pt3p_scored_target_seed22_label0_pep_ipspline.txt",0.01,132,25,132,0
22,"tcell0pt3p_scored_target","tcell0pt3p_scored_target_seed22_label0_pep_ipspline.txt",0.05,132,29,132,39
23,"tcell0pt3p_scored_target","tcell0pt3p_scored_target_seed23_label0_pep_ipspline.txt",0.01,132,25,132,0
23,"tcell0pt3p_scored_target","tcell0pt3p_scored_target_seed23_label0_pep_ipspline.txt",0.05,132,30,132,41
24,"tcell0pt3p_scored_target","tcell0pt3p_scored_target_seed24_label0_pep_ipspline.txt",0.01,132,26,132,0
24,"tcell0pt3p_scored_target","tcell0pt3p_scored_target_seed24_label0_pep_ipspline.txt",0.05,132,28,132,41
25,"tcell0pt3p_scored_target","tcell0pt3p_scored_target_seed25_label0_pep_ipspline.txt",0.01,132,0,132,0
25,"tcell0pt3p_scored_target","tcell0pt3p_scored_target_seed25_label0_pep_ipspline.txt",0.05,132,32,132,44
26,"tcell0pt3p_scored_target","tcell0pt3p_scored_target_seed26_label0_pep_ipspline.txt",0.01,132,26,132,0
26,"tcell0pt3p_scored_target","tcell0pt3p_scored_target_seed26_label0_pep_ipspline.txt",0.05,132,28,132,40
27,"tcell0pt3p_scored_target","tcell0pt3p_scored_target_seed27_label0_pep_ipspline.txt",0.01,132,25,132,0
27,"tcell0pt3p_scored_target","tcell0pt3p_scored_target_seed27_label0_pep_ipspline.txt",0.05,132,29,132,39
28,"tcell0pt3p_scored_target","tcell0pt3p_scored_target_seed28_label0_pep_ipspline.txt",0.01,132,25,132,0
28,"tcell0pt3p_scored_target","tcell0pt3p_scored_target_seed28_label0_pep_ipspline.txt",0.05,132,29,132,39
29,"tcell0pt3p_scored_target","tcell0pt3p_scored_target_seed29_label0_pep_ipspline.txt",0.01,132,0,132,0
29,"tcell0pt3p_scored_target","tcell0pt3p_scored_target_seed29_label0_pep_ipspline.txt",0.05,132,38,132,45
30,"tcell0pt3p_scored_target","tcell0pt3p_scored_target_seed30_label0_pep_ipspline.txt",0.01,132,0,132,0
30,"tcell0pt3p_scored_target","tcell0pt3p_scored_target_seed30_label0_pep_ipspline.txt",0.05,132,30,132,44
31,"tcell0pt3p_scored_target","tcell0pt3p_scored_target_seed31_label0_pep_ipspline.txt",0.01,132,0,132,0
31,"tcell0pt3p_scored_target","tcell0pt3p_scored_target_seed31_label0_pep_ipspline.txt",0.05,132,34,132,50
32,"tcell0pt3p_scored_target","tcell0pt3p_scored_target_seed32_label0_pep_ipspline.txt",0.01,132,0,132,0
32,"tcell0pt3p_scored_target","tcell0pt3p_scored_target_seed32_label0_pep_ipspline.txt",0.05,132,40,132,47
33,"tcell0pt3p_scored_target","tcell0pt3p_scored_target_seed33_label0_pep_ipspline.txt",0.01,132,0,132,0
33,"tcell0pt3p_scored_target","tcell0pt3p_scored_target_seed33_label0_pep_ipspline.txt",0.05,132,39,132,45
34,"tcell0pt3p_scored_target","tcell0pt3p_scored_target_seed34_label0_pep_ipspline.txt",0.01,132,0,132,0
34,"tcell0pt3p_scored_target","tcell0pt3p_scored_target_seed34_label0_pep_ipspline.txt",0.05,132,29,132,42
35,"tcell0pt3p_scored_target","tcell0pt3p_scored_target_seed35_label0_pep_ipspline.txt",0.01,132,26,132,0
35,"tcell0pt3p_scored_target","tcell0pt3p_scored_target_seed35_label0_pep_ipspline.txt",0.05,132,28,132,40
36,"tcell0pt3p_scored_target","tcell0pt3p_scored_target_seed36_label0_pep_ipspline.txt",0.01,132,26,132,0
36,"tcell0pt3p_scored_target","tcell0pt3p_scored_target_seed36_label0_pep_ipspline.txt",0.05,132,28,132,38
37,"tcell0pt3p_scored_target","tcell0pt3p_scored_target_seed37_label0_pep_ipspline.txt",0.01,132,26,132,0
37,"tcell0pt3p_scored_target","tcell0pt3p_scored_target_seed37_label0_pep_ipspline.txt",0.05,132,28,132,40
38,"tcell0pt3p_scored_target","tcell0pt3p_scored_target_seed38_label0_pep_ipspline.txt",0.01,132,26,132,0
38,"tcell0pt3p_scored_target","tcell0pt3p_scored_target_seed38_label0_pep_ipspline.txt",0.05,132,28,132,39
39,"tcell0pt3p_scored_target","tcell0pt3p_scored_target_seed39_label0_pep_ipspline.txt",0.01,132,0,132,0
39,"tcell0pt3p_scored_target","tcell0pt3p_scored_target_seed39_label0_pep_ipspline.txt",0.05,132,32,132,45
40,"tcell0pt3p_scored_target","tcell0pt3p_scored_target_seed40_label0_pep_ipspline.txt",0.01,132,25,132,0
40,"tcell0pt3p_scored_target","tcell0pt3p_scored_target_seed40_label0_pep_ipspline.txt",0.05,132,29,132,37
41,"tcell0pt3p_scored_target","tcell0pt3p_scored_target_seed41_label0_pep_ipspline.txt",0.01,132,25,132,0
41,"tcell0pt3p_scored_target","tcell0pt3p_scored_target_seed41_label0_pep_ipspline.txt",0.05,132,29,132,42
42,"tcell0pt3p_scored_target","tcell0pt3p_scored_target_seed42_label0_pep_ipspline.txt",0.01,132,0,132,0
42,"tcell0pt3p_scored_target","tcell0pt3p_scored_target_seed42_label0_pep_ipspline.txt",0.05,132,40,132,44
43,"tcell0pt3p_scored_target","tcell0pt3p_scored_target_seed43_label0_pep_ipspline.txt",0.01,132,0,132,0
43,"tcell0pt3p_scored_target","tcell0pt3p_scored_target_seed43_label0_pep_ipspline.txt",0.05,132,29,132,36
44,"tcell0pt3p_scored_target","tcell0pt3p_scored_target_seed44_label0_pep_ipspline.txt",0.01,132,26,132,0
44,"tcell0pt3p_scored_target","tcell0pt3p_scored_target_seed44_label0_pep_ipspline.txt",0.05,132,28,132,37
45,"tcell0pt3p_scored_target","tcell0pt3p_scored_target_seed45_label0_pep_ipspline.txt",0.01,132,0,132,0
45,"tcell0pt3p_scored_target","tcell0pt3p_scored_target_seed45_label0_pep_ipspline.txt",0.05,132,33,132,44
46,"tcell0pt3p_scored_target","tcell0pt3p_scored_target_seed46_label0_pep_ipspline.txt",0.01,132,38,132,0
46,"tcell0pt3p_scored_target","tcell0pt3p_scored_target_seed46_label0_pep_ipspline.txt",0.05,132,41,132,53
47,"tcell0pt3p_scored_target","tcell0pt3p_scored_target_seed47_label0_pep_ipspline.txt",0.01,132,0,132,0
47,"tcell0pt3p_scored_target","tcell0pt3p_scored_target_seed47_label0_pep_ipspline.txt",0.05,132,39,132,46
48,"tcell0pt3p_scored_target","tcell0pt3p_scored_target_seed48_label0_pep_ipspline.txt",0.01,132,0,132,0
48,"tcell0pt3p_scored_target","tcell0pt3p_scored_target_seed48_label0_pep_ipspline.txt",0.05,132,34,132,47
49,"tcell0pt3p_scored_target","tcell0pt3p_scored_target_seed49_label0_pep_ipspline.txt",0.01,132,26,132,0
49,"tcell0pt3p_scored_target","tcell0pt3p_scored_target_seed49_label0_pep_ipspline.txt",0.05,132,28,132,41
50,"tcell0pt3p_scored_target","tcell0pt3p_scored_target_seed50_label0_pep_ipspline.txt",0.01,132,25,132,0
50,"tcell0pt3p_scored_target","tcell0pt3p_scored_target_seed50_label0_pep_ipspline.txt",0.05,132,30,132,51
51,"tcell0pt3p_scored_target","tcell0pt3p_scored_target_seed51_label0_pep_ipspline.txt",0.01,132,0,132,0
51,"tcell0pt3p_scored_target","tcell0pt3p_scored_target_seed51_label0_pep_ipspline.txt",0.05,132,29,132,37
52,"tcell0pt3p_scored_target","tcell0pt3p_scored_target_seed52_label0_pep_ipspline.txt",0.01,132,26,132,0
52,"tcell0pt3p_scored_target","tcell0pt3p_scored_target_seed52_label0_pep_ipspline.txt",0.05,132,28,132,36
53,"tcell0pt3p_scored_target","tcell0pt3p_scored_target_seed53_label0_pep_ipspline.txt",0.01,132,0,132,0
53,"tcell0pt3p_scored_target","tcell0pt3p_scored_target_seed53_label0_pep_ipspline.txt",0.05,132,30,132,42
54,"tcell0pt3p_scored_target","tcell0pt3p_scored_target_seed54_label0_pep_ipspline.txt",0.01,132,25,132,0
54,"tcell0pt3p_scored_target","tcell0pt3p_scored_target_seed54_label0_pep_ipspline.txt",0.05,132,29,132,42
55,"tcell0pt3p_scored_target","tcell0pt3p_scored_target_seed55_label0_pep_ipspline.txt",0.01,132,25,132,0
55,"tcell0pt3p_scored_target","tcell0pt3p_scored_target_seed55_label0_pep_ipspline.txt",0.05,132,29,132,39
56,"tcell0pt3p_scored_target","tcell0pt3p_scored_target_seed56_label0_pep_ipspline.txt",0.01,132,25,132,0
56,"tcell0pt3p_scored_target","tcell0pt3p_scored_target_seed56_label0_pep_ipspline.txt",0.05,132,29,132,42
57,"tcell0pt3p_scored_target","tcell0pt3p_scored_target_seed57_label0_pep_ipspline.txt",0.01,132,25,132,0
57,"tcell0pt3p_scored_target","tcell0pt3p_scored_target_seed57_label0_pep_ipspline.txt",0.05,132,29,132,40
58,"tcell0pt3p_scored_target","tcell0pt3p_scored_target_seed58_label0_pep_ipspline.txt",0.01,132,0,132,0
58,"tcell0pt3p_scored_target","tcell0pt3p_scored_target_seed58_label0_pep_ipspline.txt",0.05,132,39,132,46
59,"tcell0pt3p_scored_target","tcell0pt3p_scored_target_seed59_label0_pep_ipspline.txt",0.01,132,0,132,0
59,"tcell0pt3p_scored_target","tcell0pt3p_scored_target_seed59_label0_pep_ipspline.txt",0.05,132,31,132,46
60,"tcell0pt3p_scored_target","tcell0pt3p_scored_target_seed60_label0_pep_ipspline.txt",0.01,132,0,132,0
60,"tcell0pt3p_scored_target","tcell0pt3p_scored_target_seed60_label0_pep_ipspline.txt",0.05,132,29,132,39
61,"tcell0pt3p_scored_target","tcell0pt3p_scored_target_seed61_label0_pep_ipspline.txt",0.01,132,0,132,0
61,"tcell0pt3p_scored_target","tcell0pt3p_scored_target_seed61_label0_pep_ipspline.txt",0.05,132,30,132,44
62,"tcell0pt3p_scored_target","tcell0pt3p_scored_target_seed62_label0_pep_ipspline.txt",0.01,132,26,132,0
62,"tcell0pt3p_scored_target","tcell0pt3p_scored_target_seed62_label0_pep_ipspline.txt",0.05,132,28,132,38
63,"tcell0pt3p_scored_target","tcell0pt3p_scored_target_seed63_label0_pep_ipspline.txt",0.01,132,0,132,0
63,"tcell0pt3p_scored_target","tcell0pt3p_scored_target_seed63_label0_pep_ipspline.txt",0.05,132,32,132,44
64,"tcell0pt3p_scored_target","tcell0pt3p_scored_target_seed64_label0_pep_ipspline.txt",0.01,132,0,132,0
64,"tcell0pt3p_scored_target","tcell0pt3p_scored_target_seed64_label0_pep_ipspline.txt",0.05,132,28,132,41
65,"tcell0pt3p_scored_target","tcell0pt3p_scored_target_seed65_label0_pep_ipspline.txt",0.01,132,0,132,0
65,"tcell0pt3p_scored_target","tcell0pt3p_scored_target_seed65_label0_pep_ipspline.txt",0.05,132,31,132,42
66,"tcell0pt3p_scored_target","tcell0pt3p_scored_target_seed66_label0_pep_ipspline.txt",0.01,132,0,132,0
66,"tcell0pt3p_scored_target","tcell0pt3p_scored_target_seed66_label0_pep_ipspline.txt",0.05,132,35,132,45
67,"tcell0pt3p_scored_target","tcell0pt3p_scored_target_seed67_label0_pep_ipspline.txt",0.01,132,0,132,0
67,"tcell0pt3p_scored_target","tcell0pt3p_scored_target_seed67_label0_pep_ipspline.txt",0.05,132,31,132,45
68,"tcell0pt3p_scored_target","tcell0pt3p_scored_target_seed68_label0_pep_ipspline.txt",0.01,132,25,132,0
68,"tcell0pt3p_scored_target","tcell0pt3p_scored_target_seed68_label0_pep_ipspline.txt",0.05,132,29,132,42
69,"tcell0pt3p_scored_target","tcell0pt3p_scored_target_seed69_label0_pep_ipspline.txt",0.01,132,0,132,0
69,"tcell0pt3p_scored_target","tcell0pt3p_scored_target_seed69_label0_pep_ipspline.txt",0.05,132,30,132,42
70,"tcell0pt3p_scored_target","tcell0pt3p_scored_target_seed70_label0_pep_ipspline.txt",0.01,132,0,132,0
70,"tcell0pt3p_scored_target","tcell0pt3p_scored_target_seed70_label0_pep_ipspline.txt",0.05,132,40,132,50
71,"tcell0pt3p_scored_target","tcell0pt3p_scored_target_seed71_label0_pep_ipspline.txt",0.01,132,0,132,0
71,"tcell0pt3p_scored_target","tcell0pt3p_scored_target_seed71_label0_pep_ipspline.txt",0.05,132,32,132,45
72,"tcell0pt3p_scored_target","tcell0pt3p_scored_target_seed72_label0_pep_ipspline.txt",0.01,132,0,132,0
72,"tcell0pt3p_scored_target","tcell0pt3p_scored_target_seed72_label0_pep_ipspline.txt",0.05,132,38,132,48
73,"tcell0pt3p_scored_target","tcell0pt3p_scored_target_seed73_label0_pep_ipspline.txt",0.01,132,38,132,0
73,"tcell0pt3p_scored_target","tcell0pt3p_scored_target_seed73_label0_pep_ipspline.txt",0.05,132,40,132,48
74,"tcell0pt3p_scored_target","tcell0pt3p_scored_target_seed74_label0_pep_ipspline.txt",0.01,132,25,132,0
74,"tcell0pt3p_scored_target","tcell0pt3p_scored_target_seed74_label0_pep_ipspline.txt",0.05,132,29,132,41
75,"tcell0pt3p_scored_target","tcell0pt3p_scored_target_seed75_label0_pep_ipspline.txt",0.01,132,0,132,0
75,"tcell0pt3p_scored_target","tcell0pt3p_scored_target_seed75_label0_pep_ipspline.txt",0.05,132,28,132,33
76,"tcell0pt3p_scored_target","tcell0pt3p_scored_target_seed76_label0_pep_ipspline.txt",0.01,132,0,132,0
76,"tcell0pt3p_scored_target","tcell0pt3p_scored_target_seed76_label0_pep_ipspline.txt",0.05,132,33,132,47
77,"tcell0pt3p_scored_target","tcell0pt3p_scored_target_seed77_label0_pep_ipspline.txt",0.01,132,0,132,0
77,"tcell0pt3p_scored_target","tcell0pt3p_scored_target_seed77_label0_pep_ipspline.txt",0.05,132,33,132,44
78,"tcell0pt3p_scored_target","tcell0pt3p_scored_target_seed78_label0_pep_ipspline.txt",0.01,132,0,132,0
78,"tcell0pt3p_scored_target","tcell0pt3p_scored_target_seed78_label0_pep_ipspline.txt",0.05,132,30,132,43
79,"tcell0pt3p_scored_target","tcell0pt3p_scored_target_seed79_label0_pep_ipspline.txt",0.01,132,26,132,0
79,"tcell0pt3p_scored_target","tcell0pt3p_scored_target_seed79_label0_pep_ipspline.txt",0.05,132,28,132,41
80,"tcell0pt3p_scored_target","tcell0pt3p_scored_target_seed80_label0_pep_ipspline.txt",0.01,132,25,132,0
80,"tcell0pt3p_scored_target","tcell0pt3p_scored_target_seed80_label0_pep_ipspline.txt",0.05,132,29,132,38
81,"tcell0pt3p_scored_target","tcell0pt3p_scored_target_seed81_label0_pep_ipspline.txt",0.01,132,0,132,0
81,"tcell0pt3p_scored_target","tcell0pt3p_scored_target_seed81_label0_pep_ipspline.txt",0.05,132,30,132,44
82,"tcell0pt3p_scored_target","tcell0pt3p_scored_target_seed82_label0_pep_ipspline.txt",0.01,132,0,132,0
82,"tcell0pt3p_scored_target","tcell0pt3p_scored_target_seed82_label0_pep_ipspline.txt",0.05,132,29,132,41
83,"tcell0pt3p_scored_target","tcell0pt3p_scored_target_seed83_label0_pep_ipspline.txt",0.01,132,0,132,0
83,"tcell0pt3p_scored_target","tcell0pt3p_scored_target_seed83_label0_pep_ipspline.txt",0.05,132,39,132,44
84,"tcell0pt3p_scored_target","tcell0pt3p_scored_target_seed84_label0_pep_ipspline.txt",0.01,132,0,132,0
84,"tcell0pt3p_scored_target","tcell0pt3p_scored_target_seed84_label0_pep_ipspline.txt",0.05,132,38,132,46
85,"tcell0pt3p_scored_target","tcell0pt3p_scored_target_seed85_label0_pep_ipspline.txt",0.01,132,0,132,0
85,"tcell0pt3p_scored_target","tcell0pt3p_scored_target_seed85_label0_pep_ipspline.txt",0.05,132,30,132,42
86,"tcell0pt3p_scored_target","tcell0pt3p_scored_target_seed86_label0_pep_ipspline.txt",0.01,132,0,132,0
86,"tcell0pt3p_scored_target","tcell0pt3p_scored_target_seed86_label0_pep_ipspline.txt",0.05,132,40,132,46
87,"tcell0pt3p_scored_target","tcell0pt3p_scored_target_seed87_label0_pep_ipspline.txt",0.01,132,26,132,0
87,"tcell0pt3p_scored_target","tcell0pt3p_scored_target_seed87_label0_pep_ipspline.txt",0.05,132,28,132,39
88,"tcell0pt3p_scored_target","tcell0pt3p_scored_target_seed88_label0_pep_ipspline.txt",0.01,132,25,132,0
88,"tcell0pt3p_scored_target","tcell0pt3p_scored_target_seed88_label0_pep_ipspline.txt",0.05,132,29,132,39
89,"tcell0pt3p_scored_target","tcell0pt3p_scored_target_seed89_label0_pep_ipspline.txt",0.01,132,26,132,0
89,"tcell0pt3p_scored_target","tcell0pt3p_scored_target_seed89_label0_pep_ipspline.txt",0.05,132,28,132,41
90,"tcell0pt3p_scored_target","tcell0pt3p_scored_target_seed90_label0_pep_ipspline.txt",0.01,132,25,132,0
90,"tcell0pt3p_scored_target","tcell0pt3p_scored_target_seed90_label0_pep_ipspline.txt",0.05,132,28,132,38
91,"tcell0pt3p_scored_target","tcell0pt3p_scored_target_seed91_label0_pep_ipspline.txt",0.01,132,25,132,0
91,"tcell0pt3p_scored_target","tcell0pt3p_scored_target_seed91_label0_pep_ipspline.txt",0.05,132,29,132,41
92,"tcell0pt3p_scored_target","tcell0pt3p_scored_target_seed92_label0_pep_ipspline.txt",0.01,132,0,132,0
92,"tcell0pt3p_scored_target","tcell0pt3p_scored_target_seed92_label0_pep_ipspline.txt",0.05,132,30,132,44
93,"tcell0pt3p_scored_target","tcell0pt3p_scored_target_seed93_label0_pep_ipspline.txt",0.01,132,0,132,0
93,"tcell0pt3p_scored_target","tcell0pt3p_scored_target_seed93_label0_pep_ipspline.txt",0.05,132,34,132,58
94,"tcell0pt3p_scored_target","tcell0pt3p_scored_target_seed94_label0_pep_ipspline.txt",0.01,132,0,132,0
94,"tcell0pt3p_scored_target","tcell0pt3p_scored_target_seed94_label0_pep_ipspline.txt",0.05,132,31,132,44
95,"tcell0pt3p_scored_target","tcell0pt3p_scored_target_seed95_label0_pep_ipspline.txt",0.01,132,0,132,0
95,"tcell0pt3p_scored_target","tcell0pt3p_scored_target_seed95_label0_pep_ipspline.txt",0.05,132,39,132,45
96,"tcell0pt3p_scored_target","tcell0pt3p_scored_target_seed96_label0_pep_ipspline.txt",0.01,132,26,132,0
96,"tcell0pt3p_scored_target","tcell0pt3p_scored_target_seed96_label0_pep_ipspline.txt",0.05,132,29,132,42
97,"tcell0pt3p_scored_target","tcell0pt3p_scored_target_seed97_label0_pep_ipspline.txt",0.01,132,26,132,0
97,"tcell0pt3p_scored_target","tcell0pt3p_scored_target_seed97_label0_pep_ipspline.txt",0.05,132,28,132,40
98,"tcell0pt3p_scored_target","tcell0pt3p_scored_target_seed98_label0_pep_ipspline.txt",0.01,132,0,132,0
98,"tcell0pt3p_scored_target","tcell0pt3p_scored_target_seed98_label0_pep_ipspline.txt",0.05,132,31,132,51
99,"tcell0pt3p_scored_target","tcell0pt3p_scored_target_seed99_label0_pep_ipspline.txt",0.01,132,26,132,0
99,"tcell0pt3p_scored_target","tcell0pt3p_scored_target_seed99_label0_pep_ipspline.txt",0.05,132,28,132,41
100,"tcell0pt3p_scored_target","tcell0pt3p_scored_target_seed100_label0_pep_ipspline.txt",0.01,132,0,132,0
100,"tcell0pt3p_scored_target","tcell0pt3p_scored_target_seed100_label0_pep_ipspline.txt",0.05,132,30,132,43
1,"tcell10p_scored_target","tcell10p_scored_target_seed1_label0_pep_ipspline.txt",0.01,132,66,132,76
1,"tcell10p_scored_target","tcell10p_scored_target_seed1_label0_pep_ipspline.txt",0.05,132,67,132,78
2,"tcell10p_scored_target","tcell10p_scored_target_seed2_label0_pep_ipspline.txt",0.01,132,66,132,76
2,"tcell10p_scored_target","tcell10p_scored_target_seed2_label0_pep_ipspline.txt",0.05,132,68,132,80
3,"tcell10p_scored_target","tcell10p_scored_target_seed3_label0_pep_ipspline.txt",0.01,132,66,132,78
3,"tcell10p_scored_target","tcell10p_scored_target_seed3_label0_pep_ipspline.txt",0.05,132,68,132,80
4,"tcell10p_scored_target","tcell10p_scored_target_seed4_label0_pep_ipspline.txt",0.01,132,66,132,75
4,"tcell10p_scored_target","tcell10p_scored_target_seed4_label0_pep_ipspline.txt",0.05,132,67,132,76
5,"tcell10p_scored_target","tcell10p_scored_target_seed5_label0_pep_ipspline.txt",0.01,132,66,132,77
5,"tcell10p_scored_target","tcell10p_scored_target_seed5_label0_pep_ipspline.txt",0.05,132,68,132,82
6,"tcell10p_scored_target","tcell10p_scored_target_seed6_label0_pep_ipspline.txt",0.01,132,66,132,76
6,"tcell10p_scored_target","tcell10p_scored_target_seed6_label0_pep_ipspline.txt",0.05,132,68,132,81
7,"tcell10p_scored_target","tcell10p_scored_target_seed7_label0_pep_ipspline.txt",0.01,132,66,132,78
7,"tcell10p_scored_target","tcell10p_scored_target_seed7_label0_pep_ipspline.txt",0.05,132,68,132,80
8,"tcell10p_scored_target","tcell10p_scored_target_seed8_label0_pep_ipspline.txt",0.01,132,66,132,76
8,"tcell10p_scored_target","tcell10p_scored_target_seed8_label0_pep_ipspline.txt",0.05,132,68,132,80
9,"tcell10p_scored_target","tcell10p_scored_target_seed9_label0_pep_ipspline.txt",0.01,132,66,132,78
9,"tcell10p_scored_target","tcell10p_scored_target_seed9_label0_pep_ipspline.txt",0.05,132,68,132,79
10,"tcell10p_scored_target","tcell10p_scored_target_seed10_label0_pep_ipspline.txt",0.01,132,65,132,70
10,"tcell10p_scored_target","tcell10p_scored_target_seed10_label0_pep_ipspline.txt",0.05,132,67,132,77
11,"tcell10p_scored_target","tcell10p_scored_target_seed11_label0_pep_ipspline.txt",0.01,132,66,132,78
11,"tcell10p_scored_target","tcell10p_scored_target_seed11_label0_pep_ipspline.txt",0.05,132,68,132,80
12,"tcell10p_scored_target","tcell10p_scored_target_seed12_label0_pep_ipspline.txt",0.01,132,66,132,73
12,"tcell10p_scored_target","tcell10p_scored_target_seed12_label0_pep_ipspline.txt",0.05,132,67,132,78
13,"tcell10p_scored_target","tcell10p_scored_target_seed13_label0_pep_ipspline.txt",0.01,132,66,132,79
13,"tcell10p_scored_target","tcell10p_scored_target_seed13_label0_pep_ipspline.txt",0.05,132,68,132,80
14,"tcell10p_scored_target","tcell10p_scored_target_seed14_label0_pep_ipspline.txt",0.01,132,66,132,74
14,"tcell10p_scored_target","tcell10p_scored_target_seed14_label0_pep_ipspline.txt",0.05,132,67,132,79
15,"tcell10p_scored_target","tcell10p_scored_target_seed15_label0_pep_ipspline.txt",0.01,132,66,132,78
15,"tcell10p_scored_target","tcell10p_scored_target_seed15_label0_pep_ipspline.txt",0.05,132,68,132,79
16,"tcell10p_scored_target","tcell10p_scored_target_seed16_label0_pep_ipspline.txt",0.01,132,66,132,78
16,"tcell10p_scored_target","tcell10p_scored_target_seed16_label0_pep_ipspline.txt",0.05,132,68,132,80
17,"tcell10p_scored_target","tcell10p_scored_target_seed17_label0_pep_ipspline.txt",0.01,132,66,132,79
17,"tcell10p_scored_target","tcell10p_scored_target_seed17_label0_pep_ipspline.txt",0.05,132,68,132,80
18,"tcell10p_scored_target","tcell10p_scored_target_seed18_label0_pep_ipspline.txt",0.01,132,66,132,75
18,"tcell10p_scored_target","tcell10p_scored_target_seed18_label0_pep_ipspline.txt",0.05,132,67,132,78
19,"tcell10p_scored_target","tcell10p_scored_target_seed19_label0_pep_ipspline.txt",0.01,132,66,132,73
19,"tcell10p_scored_target","tcell10p_scored_target_seed19_label0_pep_ipspline.txt",0.05,132,67,132,77
20,"tcell10p_scored_target","tcell10p_scored_target_seed20_label0_pep_ipspline.txt",0.01,132,66,132,73
20,"tcell10p_scored_target","tcell10p_scored_target_seed20_label0_pep_ipspline.txt",0.05,132,68,132,78
21,"tcell10p_scored_target","tcell10p_scored_target_seed21_label0_pep_ipspline.txt",0.01,132,66,132,76
21,"tcell10p_scored_target","tcell10p_scored_target_seed21_label0_pep_ipspline.txt",0.05,132,68,132,81
22,"tcell10p_scored_target","tcell10p_scored_target_seed22_label0_pep_ipspline.txt",0.01,132,66,132,75
22,"tcell10p_scored_target","tcell10p_scored_target_seed22_label0_pep_ipspline.txt",0.05,132,68,132,80
23,"tcell10p_scored_target","tcell10p_scored_target_seed23_label0_pep_ipspline.txt",0.01,132,66,132,76
23,"tcell10p_scored_target","tcell10p_scored_target_seed23_label0_pep_ipspline.txt",0.05,132,67,132,78
24,"tcell10p_scored_target","tcell10p_scored_target_seed24_label0_pep_ipspline.txt",0.01,132,66,132,79
24,"tcell10p_scored_target","tcell10p_scored_target_seed24_label0_pep_ipspline.txt",0.05,132,68,132,80
25,"tcell10p_scored_target","tcell10p_scored_target_seed25_label0_pep_ipspline.txt",0.01,132,66,132,77
25,"tcell10p_scored_target","tcell10p_scored_target_seed25_label0_pep_ipspline.txt",0.05,132,68,132,80
26,"tcell10p_scored_target","tcell10p_scored_target_seed26_label0_pep_ipspline.txt",0.01,132,66,132,74
26,"tcell10p_scored_target","tcell10p_scored_target_seed26_label0_pep_ipspline.txt",0.05,132,68,132,78
27,"tcell10p_scored_target","tcell10p_scored_target_seed27_label0_pep_ipspline.txt",0.01,132,66,132,79
27,"tcell10p_scored_target","tcell10p_scored_target_seed27_label0_pep_ipspline.txt",0.05,132,68,132,82
28,"tcell10p_scored_target","tcell10p_scored_target_seed28_label0_pep_ipspline.txt",0.01,132,66,132,73
28,"tcell10p_scored_target","tcell10p_scored_target_seed28_label0_pep_ipspline.txt",0.05,132,68,132,78
29,"tcell10p_scored_target","tcell10p_scored_target_seed29_label0_pep_ipspline.txt",0.01,132,66,132,76
29,"tcell10p_scored_target","tcell10p_scored_target_seed29_label0_pep_ipspline.txt",0.05,132,68,132,80
30,"tcell10p_scored_target","tcell10p_scored_target_seed30_label0_pep_ipspline.txt",0.01,132,66,132,78
30,"tcell10p_scored_target","tcell10p_scored_target_seed30_label0_pep_ipspline.txt",0.05,132,68,132,80
31,"tcell10p_scored_target","tcell10p_scored_target_seed31_label0_pep_ipspline.txt",0.01,132,66,132,73
31,"tcell10p_scored_target","tcell10p_scored_target_seed31_label0_pep_ipspline.txt",0.05,132,67,132,78
32,"tcell10p_scored_target","tcell10p_scored_target_seed32_label0_pep_ipspline.txt",0.01,132,66,132,74
32,"tcell10p_scored_target","tcell10p_scored_target_seed32_label0_pep_ipspline.txt",0.05,132,68,132,80
33,"tcell10p_scored_target","tcell10p_scored_target_seed33_label0_pep_ipspline.txt",0.01,132,66,132,76
33,"tcell10p_scored_target","tcell10p_scored_target_seed33_label0_pep_ipspline.txt",0.05,132,68,132,80
34,"tcell10p_scored_target","tcell10p_scored_target_seed34_label0_pep_ipspline.txt",0.01,132,66,132,73
34,"tcell10p_scored_target","tcell10p_scored_target_seed34_label0_pep_ipspline.txt",0.05,132,67,132,76
35,"tcell10p_scored_target","tcell10p_scored_target_seed35_label0_pep_ipspline.txt",0.01,132,66,132,79
35,"tcell10p_scored_target","tcell10p_scored_target_seed35_label0_pep_ipspline.txt",0.05,132,67,132,79
36,"tcell10p_scored_target","tcell10p_scored_target_seed36_label0_pep_ipspline.txt",0.01,132,66,132,75
36,"tcell10p_scored_target","tcell10p_scored_target_seed36_label0_pep_ipspline.txt",0.05,132,67,132,79
37,"tcell10p_scored_target","tcell10p_scored_target_seed37_label0_pep_ipspline.txt",0.01,132,66,132,74
37,"tcell10p_scored_target","tcell10p_scored_target_seed37_label0_pep_ipspline.txt",0.05,132,68,132,79
38,"tcell10p_scored_target","tcell10p_scored_target_seed38_label0_pep_ipspline.txt",0.01,132,66,132,78
38,"tcell10p_scored_target","tcell10p_scored_target_seed38_label0_pep_ipspline.txt",0.05,132,68,132,79
39,"tcell10p_scored_target","tcell10p_scored_target_seed39_label0_pep_ipspline.txt",0.01,132,66,132,77
39,"tcell10p_scored_target","tcell10p_scored_target_seed39_label0_pep_ipspline.txt",0.05,132,68,132,80
40,"tcell10p_scored_target","tcell10p_scored_target_seed40_label0_pep_ipspline.txt",0.01,132,66,132,73
40,"tcell10p_scored_target","tcell10p_scored_target_seed40_label0_pep_ipspline.txt",0.05,132,67,132,77
41,"tcell10p_scored_target","tcell10p_scored_target_seed41_label0_pep_ipspline.txt",0.01,132,66,132,77
41,"tcell10p_scored_target","tcell10p_scored_target_seed41_label0_pep_ipspline.txt",0.05,132,67,132,78
42,"tcell10p_scored_target","tcell10p_scored_target_seed42_label0_pep_ipspline.txt",0.01,132,66,132,77
42,"tcell10p_scored_target","tcell10p_scored_target_seed42_label0_pep_ipspline.txt",0.05,132,68,132,79
43,"tcell10p_scored_target","tcell10p_scored_target_seed43_label0_pep_ipspline.txt",0.01,132,66,132,76
43,"tcell10p_scored_target","tcell10p_scored_target_seed43_label0_pep_ipspline.txt",0.05,132,68,132,80
44,"tcell10p_scored_target","tcell10p_scored_target_seed44_label0_pep_ipspline.txt",0.01,132,65,132,70
44,"tcell10p_scored_target","tcell10p_scored_target_seed44_label0_pep_ipspline.txt",0.05,132,67,132,78
45,"tcell10p_scored_target","tcell10p_scored_target_seed45_label0_pep_ipspline.txt",0.01,132,66,132,76
45,"tcell10p_scored_target","tcell10p_scored_target_seed45_label0_pep_ipspline.txt",0.05,132,68,132,79
46,"tcell10p_scored_target","tcell10p_scored_target_seed46_label0_pep_ipspline.txt",0.01,132,66,132,76
46,"tcell10p_scored_target","tcell10p_scored_target_seed46_label0_pep_ipspline.txt",0.05,132,67,132,78
47,"tcell10p_scored_target","tcell10p_scored_target_seed47_label0_pep_ipspline.txt",0.01,132,66,132,75
47,"tcell10p_scored_target","tcell10p_scored_target_seed47_label0_pep_ipspline.txt",0.05,132,68,132,79
48,"tcell10p_scored_target","tcell10p_scored_target_seed48_label0_pep_ipspline.txt",0.01,132,66,132,76
48,"tcell10p_scored_target","tcell10p_scored_target_seed48_label0_pep_ipspline.txt",0.05,132,68,132,80
49,"tcell10p_scored_target","tcell10p_scored_target_seed49_label0_pep_ipspline.txt",0.01,132,66,132,78
49,"tcell10p_scored_target","tcell10p_scored_target_seed49_label0_pep_ipspline.txt",0.05,132,68,132,79
50,"tcell10p_scored_target","tcell10p_scored_target_seed50_label0_pep_ipspline.txt",0.01,132,66,132,72
50,"tcell10p_scored_target","tcell10p_scored_target_seed50_label0_pep_ipspline.txt",0.05,132,68,132,79
51,"tcell10p_scored_target","tcell10p_scored_target_seed51_label0_pep_ipspline.txt",0.01,132,66,132,78
51,"tcell10p_scored_target","tcell10p_scored_target_seed51_label0_pep_ipspline.txt",0.05,132,68,132,79
52,"tcell10p_scored_target","tcell10p_scored_target_seed52_label0_pep_ipspline.txt",0.01,132,66,132,75
52,"tcell10p_scored_target","tcell10p_scored_target_seed52_label0_pep_ipspline.txt",0.05,132,67,132,78
53,"tcell10p_scored_target","tcell10p_scored_target_seed53_label0_pep_ipspline.txt",0.01,132,66,132,78
53,"tcell10p_scored_target","tcell10p_scored_target_seed53_label0_pep_ipspline.txt",0.05,132,68,132,80
54,"tcell10p_scored_target","tcell10p_scored_target_seed54_label0_pep_ipspline.txt",0.01,132,66,132,77
54,"tcell10p_scored_target","tcell10p_scored_target_seed54_label0_pep_ipspline.txt",0.05,132,67,132,78
55,"tcell10p_scored_target","tcell10p_scored_target_seed55_label0_pep_ipspline.txt",0.01,132,66,132,78
55,"tcell10p_scored_target","tcell10p_scored_target_seed55_label0_pep_ipspline.txt",0.05,132,68,132,79
56,"tcell10p_scored_target","tcell10p_scored_target_seed56_label0_pep_ipspline.txt",0.01,132,66,132,77
56,"tcell10p_scored_target","tcell10p_scored_target_seed56_label0_pep_ipspline.txt",0.05,132,68,132,80
57,"tcell10p_scored_target","tcell10p_scored_target_seed57_label0_pep_ipspline.txt",0.01,132,66,132,73
57,"tcell10p_scored_target","tcell10p_scored_target_seed57_label0_pep_ipspline.txt",0.05,132,67,132,75
58,"tcell10p_scored_target","tcell10p_scored_target_seed58_label0_pep_ipspline.txt",0.01,132,66,132,76
58,"tcell10p_scored_target","tcell10p_scored_target_seed58_label0_pep_ipspline.txt",0.05,132,68,132,80
59,"tcell10p_scored_target","tcell10p_scored_target_seed59_label0_pep_ipspline.txt",0.01,132,66,132,73
59,"tcell10p_scored_target","tcell10p_scored_target_seed59_label0_pep_ipspline.txt",0.05,132,67,132,76
60,"tcell10p_scored_target","tcell10p_scored_target_seed60_label0_pep_ipspline.txt",0.01,132,66,132,76
60,"tcell10p_scored_target","tcell10p_scored_target_seed60_label0_pep_ipspline.txt",0.05,132,68,132,80
61,"tcell10p_scored_target","tcell10p_scored_target_seed61_label0_pep_ipspline.txt",0.01,132,66,132,77
61,"tcell10p_scored_target","tcell10p_scored_target_seed61_label0_pep_ipspline.txt",0.05,132,67,132,78
62,"tcell10p_scored_target","tcell10p_scored_target_seed62_label0_pep_ipspline.txt",0.01,132,66,132,75
62,"tcell10p_scored_target","tcell10p_scored_target_seed62_label0_pep_ipspline.txt",0.05,132,67,132,77
63,"tcell10p_scored_target","tcell10p_scored_target_seed63_label0_pep_ipspline.txt",0.01,132,66,132,78
63,"tcell10p_scored_target","tcell10p_scored_target_seed63_label0_pep_ipspline.txt",0.05,132,68,132,80
64,"tcell10p_scored_target","tcell10p_scored_target_seed64_label0_pep_ipspline.txt",0.01,132,66,132,76
64,"tcell10p_scored_target","tcell10p_scored_target_seed64_label0_pep_ipspline.txt",0.05,132,68,132,78
65,"tcell10p_scored_target","tcell10p_scored_target_seed65_label0_pep_ipspline.txt",0.01,132,66,132,75
65,"tcell10p_scored_target","tcell10p_scored_target_seed65_label0_pep_ipspline.txt",0.05,132,68,132,79
66,"tcell10p_scored_target","tcell10p_scored_target_seed66_label0_pep_ipspline.txt",0.01,132,66,132,76
66,"tcell10p_scored_target","tcell10p_scored_target_seed66_label0_pep_ipspline.txt",0.05,132,67,132,79
67,"tcell10p_scored_target","tcell10p_scored_target_seed67_label0_pep_ipspline.txt",0.01,132,66,132,77
67,"tcell10p_scored_target","tcell10p_scored_target_seed67_label0_pep_ipspline.txt",0.05,132,68,132,81
68,"tcell10p_scored_target","tcell10p_scored_target_seed68_label0_pep_ipspline.txt",0.01,132,66,132,79
68,"tcell10p_scored_target","tcell10p_scored_target_seed68_label0_pep_ipspline.txt",0.05,132,68,132,80
69,"tcell10p_scored_target","tcell10p_scored_target_seed69_label0_pep_ipspline.txt",0.01,132,66,132,73
69,"tcell10p_scored_target","tcell10p_scored_target_seed69_label0_pep_ipspline.txt",0.05,132,67,132,78
70,"tcell10p_scored_target","tcell10p_scored_target_seed70_label0_pep_ipspline.txt",0.01,132,66,132,77
70,"tcell10p_scored_target","tcell10p_scored_target_seed70_label0_pep_ipspline.txt",0.05,132,68,132,80
71,"tcell10p_scored_target","tcell10p_scored_target_seed71_label0_pep_ipspline.txt",0.01,132,66,132,76
71,"tcell10p_scored_target","tcell10p_scored_target_seed71_label0_pep_ipspline.txt",0.05,132,68,132,80
72,"tcell10p_scored_target","tcell10p_scored_target_seed72_label0_pep_ipspline.txt",0.01,132,66,132,73
72,"tcell10p_scored_target","tcell10p_scored_target_seed72_label0_pep_ipspline.txt",0.05,132,67,132,79
73,"tcell10p_scored_target","tcell10p_scored_target_seed73_label0_pep_ipspline.txt",0.01,132,66,132,74
73,"tcell10p_scored_target","tcell10p_scored_target_seed73_label0_pep_ipspline.txt",0.05,132,67,132,78
74,"tcell10p_scored_target","tcell10p_scored_target_seed74_label0_pep_ipspline.txt",0.01,132,66,132,76
74,"tcell10p_scored_target","tcell10p_scored_target_seed74_label0_pep_ipspline.txt",0.05,132,68,132,79
75,"tcell10p_scored_target","tcell10p_scored_target_seed75_label0_pep_ipspline.txt",0.01,132,66,132,78
75,"tcell10p_scored_target","tcell10p_scored_target_seed75_label0_pep_ipspline.txt",0.05,132,68,132,80
76,"tcell10p_scored_target","tcell10p_scored_target_seed76_label0_pep_ipspline.txt",0.01,132,66,132,76
76,"tcell10p_scored_target","tcell10p_scored_target_seed76_label0_pep_ipspline.txt",0.05,132,67,132,78
77,"tcell10p_scored_target","tcell10p_scored_target_seed77_label0_pep_ipspline.txt",0.01,132,66,132,77
77,"tcell10p_scored_target","tcell10p_scored_target_seed77_label0_pep_ipspline.txt",0.05,132,67,132,79
78,"tcell10p_scored_target","tcell10p_scored_target_seed78_label0_pep_ipspline.txt",0.01,132,66,132,74
78,"tcell10p_scored_target","tcell10p_scored_target_seed78_label0_pep_ipspline.txt",0.05,132,68,132,79
79,"tcell10p_scored_target","tcell10p_scored_target_seed79_label0_pep_ipspline.txt",0.01,132,66,132,79
79,"tcell10p_scored_target","tcell10p_scored_target_seed79_label0_pep_ipspline.txt",0.05,132,67,132,79
80,"tcell10p_scored_target","tcell10p_scored_target_seed80_label0_pep_ipspline.txt",0.01,132,66,132,72
80,"tcell10p_scored_target","tcell10p_scored_target_seed80_label0_pep_ipspline.txt",0.05,132,67,132,77
81,"tcell10p_scored_target","tcell10p_scored_target_seed81_label0_pep_ipspline.txt",0.01,132,66,132,77
81,"tcell10p_scored_target","tcell10p_scored_target_seed81_label0_pep_ipspline.txt",0.05,132,67,132,78
82,"tcell10p_scored_target","tcell10p_scored_target_seed82_label0_pep_ipspline.txt",0.01,132,66,132,77
82,"tcell10p_scored_target","tcell10p_scored_target_seed82_label0_pep_ipspline.txt",0.05,132,68,132,79
83,"tcell10p_scored_target","tcell10p_scored_target_seed83_label0_pep_ipspline.txt",0.01,132,66,132,72
83,"tcell10p_scored_target","tcell10p_scored_target_seed83_label0_pep_ipspline.txt",0.05,132,67,132,77
84,"tcell10p_scored_target","tcell10p_scored_target_seed84_label0_pep_ipspline.txt",0.01,132,66,132,79
84,"tcell10p_scored_target","tcell10p_scored_target_seed84_label0_pep_ipspline.txt",0.05,132,68,132,80
85,"tcell10p_scored_target","tcell10p_scored_target_seed85_label0_pep_ipspline.txt",0.01,132,66,132,76
85,"tcell10p_scored_target","tcell10p_scored_target_seed85_label0_pep_ipspline.txt",0.05,132,68,132,79
86,"tcell10p_scored_target","tcell10p_scored_target_seed86_label0_pep_ipspline.txt",0.01,132,66,132,76
86,"tcell10p_scored_target","tcell10p_scored_target_seed86_label0_pep_ipspline.txt",0.05,132,68,132,79
87,"tcell10p_scored_target","tcell10p_scored_target_seed87_label0_pep_ipspline.txt",0.01,132,66,132,75
87,"tcell10p_scored_target","tcell10p_scored_target_seed87_label0_pep_ipspline.txt",0.05,132,67,132,78
88,"tcell10p_scored_target","tcell10p_scored_target_seed88_label0_pep_ipspline.txt",0.01,132,66,132,75
88,"tcell10p_scored_target","tcell10p_scored_target_seed88_label0_pep_ipspline.txt",0.05,132,68,132,79
89,"tcell10p_scored_target","tcell10p_scored_target_seed89_label0_pep_ipspline.txt",0.01,132,66,132,76
89,"tcell10p_scored_target","tcell10p_scored_target_seed89_label0_pep_ipspline.txt",0.05,132,67,132,78
90,"tcell10p_scored_target","tcell10p_scored_target_seed90_label0_pep_ipspline.txt",0.01,132,66,132,77
90,"tcell10p_scored_target","tcell10p_scored_target_seed90_label0_pep_ipspline.txt",0.05,132,68,132,80
91,"tcell10p_scored_target","tcell10p_scored_target_seed91_label0_pep_ipspline.txt",0.01,132,66,132,77
91,"tcell10p_scored_target","tcell10p_scored_target_seed91_label0_pep_ipspline.txt",0.05,132,68,132,80
92,"tcell10p_scored_target","tcell10p_scored_target_seed92_label0_pep_ipspline.txt",0.01,132,66,132,77
92,"tcell10p_scored_target","tcell10p_scored_target_seed92_label0_pep_ipspline.txt",0.05,132,68,132,79
93,"tcell10p_scored_target","tcell10p_scored_target_seed93_label0_pep_ipspline.txt",0.01,132,66,132,76
93,"tcell10p_scored_target","tcell10p_scored_target_seed93_label0_pep_ipspline.txt",0.05,132,67,132,78
94,"tcell10p_scored_target","tcell10p_scored_target_seed94_label0_pep_ipspline.txt",0.01,132,66,132,77
94,"tcell10p_scored_target","tcell10p_scored_target_seed94_label0_pep_ipspline.txt",0.05,132,68,132,81
95,"tcell10p_scored_target","tcell10p_scored_target_seed95_label0_pep_ipspline.txt",0.01,132,66,132,76
95,"tcell10p_scored_target","tcell10p_scored_target_seed95_label0_pep_ipspline.txt",0.05,132,68,132,79
96,"tcell10p_scored_target","tcell10p_scored_target_seed96_label0_pep_ipspline.txt",0.01,132,66,132,79
96,"tcell10p_scored_target","tcell10p_scored_target_seed96_label0_pep_ipspline.txt",0.05,132,68,132,81
97,"tcell10p_scored_target","tcell10p_scored_target_seed97_label0_pep_ipspline.txt",0.01,132,66,132,78
97,"tcell10p_scored_target","tcell10p_scored_target_seed97_label0_pep_ipspline.txt",0.05,132,68,132,80
98,"tcell10p_scored_target","tcell10p_scored_target_seed98_label0_pep_ipspline.txt",0.01,132,66,132,77
98,"tcell10p_scored_target","tcell10p_scored_target_seed98_label0_pep_ipspline.txt",0.05,132,67,132,79
99,"tcell10p_scored_target","tcell10p_scored_target_seed99_label0_pep_ipspline.txt",0.01,132,66,132,74
99,"tcell10p_scored_target","tcell10p_scored_target_seed99_label0_pep_ipspline.txt",0.05,132,67,132,79
100,"tcell10p_scored_target","tcell10p_scored_target_seed100_label0_pep_ipspline.txt",0.01,132,66,132,72
100,"tcell10p_scored_target","tcell10p_scored_target_seed100_label0_pep_ipspline.txt",0.05,132,68,132,78
1,"tcell1p_scored_target","tcell1p_scored_target_seed1_label0_pep_ipspline.txt",0.01,132,0,132,0
1,"tcell1p_scored_target","tcell1p_scored_target_seed1_label0_pep_ipspline.txt",0.05,132,27,132,36
2,"tcell1p_scored_target","tcell1p_scored_target_seed2_label0_pep_ipspline.txt",0.01,132,0,132,0
2,"tcell1p_scored_target","tcell1p_scored_target_seed2_label0_pep_ipspline.txt",0.05,132,16,132,24
3,"tcell1p_scored_target","tcell1p_scored_target_seed3_label0_pep_ipspline.txt",0.01,132,13,132,0
3,"tcell1p_scored_target","tcell1p_scored_target_seed3_label0_pep_ipspline.txt",0.05,132,14,132,21
4,"tcell1p_scored_target","tcell1p_scored_target_seed4_label0_pep_ipspline.txt",0.01,132,0,132,0
4,"tcell1p_scored_target","tcell1p_scored_target_seed4_label0_pep_ipspline.txt",0.05,132,27,132,34
5,"tcell1p_scored_target","tcell1p_scored_target_seed5_label0_pep_ipspline.txt",0.01,132,25,132,0
5,"tcell1p_scored_target","tcell1p_scored_target_seed5_label0_pep_ipspline.txt",0.05,132,27,132,33
6,"tcell1p_scored_target","tcell1p_scored_target_seed6_label0_pep_ipspline.txt",0.01,132,0,132,0
6,"tcell1p_scored_target","tcell1p_scored_target_seed6_label0_pep_ipspline.txt",0.05,132,14,132,18
7,"tcell1p_scored_target","tcell1p_scored_target_seed7_label0_pep_ipspline.txt",0.01,132,0,132,0
7,"tcell1p_scored_target","tcell1p_scored_target_seed7_label0_pep_ipspline.txt",0.05,132,16,132,27
8,"tcell1p_scored_target","tcell1p_scored_target_seed8_label0_pep_ipspline.txt",0.01,132,0,132,0
8,"tcell1p_scored_target","tcell1p_scored_target_seed8_label0_pep_ipspline.txt",0.05,132,24,132,33
9,"tcell1p_scored_target","tcell1p_scored_target_seed9_label0_pep_ipspline.txt",0.01,132,0,132,0
9,"tcell1p_scored_target","tcell1p_scored_target_seed9_label0_pep_ipspline.txt",0.05,132,26,132,31
10,"tcell1p_scored_target","tcell1p_scored_target_seed10_label0_pep_ipspline.txt",0.01,132,0,132,0
10,"tcell1p_scored_target","tcell1p_scored_target_seed10_label0_pep_ipspline.txt",0.05,132,13,132,18
11,"tcell1p_scored_target","tcell1p_scored_target_seed11_label0_pep_ipspline.txt",0.01,132,0,132,0
11,"tcell1p_scored_target","tcell1p_scored_target_seed11_label0_pep_ipspline.txt",0.05,132,25,132,31
12,"tcell1p_scored_target","tcell1p_scored_target_seed12_label0_pep_ipspline.txt",0.01,132,0,132,0
12,"tcell1p_scored_target","tcell1p_scored_target_seed12_label0_pep_ipspline.txt",0.05,132,16,132,30
13,"tcell1p_scored_target","tcell1p_scored_target_seed13_label0_pep_ipspline.txt",0.01,132,0,132,0
13,"tcell1p_scored_target","tcell1p_scored_target_seed13_label0_pep_ipspline.txt",0.05,132,26,132,32
14,"tcell1p_scored_target","tcell1p_scored_target_seed14_label0_pep_ipspline.txt",0.01,132,13,132,0
14,"tcell1p_scored_target","tcell1p_scored_target_seed14_label0_pep_ipspline.txt",0.05,132,15,132,23
15,"tcell1p_scored_target","tcell1p_scored_target_seed15_label0_pep_ipspline.txt",0.01,132,0,132,0
15,"tcell1p_scored_target","tcell1p_scored_target_seed15_label0_pep_ipspline.txt",0.05,132,15,132,22
16,"tcell1p_scored_target","tcell1p_scored_target_seed16_label0_pep_ipspline.txt",0.01,132,0,132,0
16,"tcell1p_scored_target","tcell1p_scored_target_seed16_label0_pep_ipspline.txt",0.05,132,16,132,27
17,"tcell1p_scored_target","tcell1p_scored_target_seed17_label0_pep_ipspline.txt",0.01,132,0,132,0
17,"tcell1p_scored_target","tcell1p_scored_target_seed17_label0_pep_ipspline.txt",0.05,132,16,132,28
18,"tcell1p_scored_target","tcell1p_scored_target_seed18_label0_pep_ipspline.txt",0.01,132,0,132,0
18,"tcell1p_scored_target","tcell1p_scored_target_seed18_label0_pep_ipspline.txt",0.05,132,26,132,32
19,"tcell1p_scored_target","tcell1p_scored_target_seed19_label0_pep_ipspline.txt",0.01,132,0,132,0
19,"tcell1p_scored_target","tcell1p_scored_target_seed19_label0_pep_ipspline.txt",0.05,132,15,132,23
20,"tcell1p_scored_target","tcell1p_scored_target_seed20_label0_pep_ipspline.txt",0.01,132,0,132,0
20,"tcell1p_scored_target","tcell1p_scored_target_seed20_label0_pep_ipspline.txt",0.05,132,15,132,20
21,"tcell1p_scored_target","tcell1p_scored_target_seed21_label0_pep_ipspline.txt",0.01,132,0,132,0
21,"tcell1p_scored_target","tcell1p_scored_target_seed21_label0_pep_ipspline.txt",0.05,132,16,132,28
22,"tcell1p_scored_target","tcell1p_scored_target_seed22_label0_pep_ipspline.txt",0.01,132,0,132,0
22,"tcell1p_scored_target","tcell1p_scored_target_seed22_label0_pep_ipspline.txt",0.05,132,15,132,22
23,"tcell1p_scored_target","tcell1p_scored_target_seed23_label0_pep_ipspline.txt",0.01,132,0,132,0
23,"tcell1p_scored_target","tcell1p_scored_target_seed23_label0_pep_ipspline.txt",0.05,132,15,132,22
24,"tcell1p_scored_target","tcell1p_scored_target_seed24_label0_pep_ipspline.txt",0.01,132,0,132,0
24,"tcell1p_scored_target","tcell1p_scored_target_seed24_label0_pep_ipspline.txt",0.05,132,16,132,28
25,"tcell1p_scored_target","tcell1p_scored_target_seed25_label0_pep_ipspline.txt",0.01,132,0,132,0
25,"tcell1p_scored_target","tcell1p_scored_target_seed25_label0_pep_ipspline.txt",0.05,132,27,132,33
26,"tcell1p_scored_target","tcell1p_scored_target_seed26_label0_pep_ipspline.txt",0.01,132,0,132,0
26,"tcell1p_scored_target","tcell1p_scored_target_seed26_label0_pep_ipspline.txt",0.05,132,15,132,22
27,"tcell1p_scored_target","tcell1p_scored_target_seed27_label0_pep_ipspline.txt",0.01,132,0,132,0
27,"tcell1p_scored_target","tcell1p_scored_target_seed27_label0_pep_ipspline.txt",0.05,132,14,132,18
28,"tcell1p_scored_target","tcell1p_scored_target_seed28_label0_pep_ipspline.txt",0.01,132,25,132,0
28,"tcell1p_scored_target","tcell1p_scored_target_seed28_label0_pep_ipspline.txt",0.05,132,27,132,33
29,"tcell1p_scored_target","tcell1p_scored_target_seed29_label0_pep_ipspline.txt",0.01,132,0,132,0
29,"tcell1p_scored_target","tcell1p_scored_target_seed29_label0_pep_ipspline.txt",0.05,132,0,132,16
30,"tcell1p_scored_target","tcell1p_scored_target_seed30_label0_pep_ipspline.txt",0.01,132,0,132,0
30,"tcell1p_scored_target","tcell1p_scored_target_seed30_label0_pep_ipspline.txt",0.05,132,14,132,18
31,"tcell1p_scored_target","tcell1p_scored_target_seed31_label0_pep_ipspline.txt",0.01,132,0,132,0
31,"tcell1p_scored_target","tcell1p_scored_target_seed31_label0_pep_ipspline.txt",0.05,132,15,132,23
32,"tcell1p_scored_target","tcell1p_scored_target_seed32_label0_pep_ipspline.txt",0.01,132,0,132,0
32,"tcell1p_scored_target","tcell1p_scored_target_seed32_label0_pep_ipspline.txt",0.05,132,16,132,31
33,"tcell1p_scored_target","tcell1p_scored_target_seed33_label0_pep_ipspline.txt",0.01,132,0,132,0
33,"tcell1p_scored_target","tcell1p_scored_target_seed33_label0_pep_ipspline.txt",0.05,132,0,132,14
34,"tcell1p_scored_target","tcell1p_scored_target_seed34_label0_pep_ipspline.txt",0.01,132,0,132,0
34,"tcell1p_scored_target","tcell1p_scored_target_seed34_label0_pep_ipspline.txt",0.05,132,16,132,30
35,"tcell1p_scored_target","tcell1p_scored_target_seed35_label0_pep_ipspline.txt",0.01,132,0,132,0
35,"tcell1p_scored_target","tcell1p_scored_target_seed35_label0_pep_ipspline.txt",0.05,132,0,132,14
36,"tcell1p_scored_target","tcell1p_scored_target_seed36_label0_pep_ipspline.txt",0.01,132,0,132,0
36,"tcell1p_scored_target","tcell1p_scored_target_seed36_label0_pep_ipspline.txt",0.05,132,26,132,31
37,"tcell1p_scored_target","tcell1p_scored_target_seed37_label0_pep_ipspline.txt",0.01,132,0,132,0
37,"tcell1p_scored_target","tcell1p_scored_target_seed37_label0_pep_ipspline.txt",0.05,132,13,132,16
38,"tcell1p_scored_target","tcell1p_scored_target_seed38_label0_pep_ipspline.txt",0.01,132,12,132,0
38,"tcell1p_scored_target","tcell1p_scored_target_seed38_label0_pep_ipspline.txt",0.05,132,15,132,27
39,"tcell1p_scored_target","tcell1p_scored_target_seed39_label0_pep_ipspline.txt",0.01,132,0,132,0
39,"tcell1p_scored_target","tcell1p_scored_target_seed39_label0_pep_ipspline.txt",0.05,132,15,132,23
40,"tcell1p_scored_target","tcell1p_scored_target_seed40_label0_pep_ipspline.txt",0.01,132,0,132,0
40,"tcell1p_scored_target","tcell1p_scored_target_seed40_label0_pep_ipspline.txt",0.05,132,27,132,32
41,"tcell1p_scored_target","tcell1p_scored_target_seed41_label0_pep_ipspline.txt",0.01,132,13,132,0
41,"tcell1p_scored_target","tcell1p_scored_target_seed41_label0_pep_ipspline.txt",0.05,132,15,132,22
42,"tcell1p_scored_target","tcell1p_scored_target_seed42_label0_pep_ipspline.txt",0.01,132,0,132,0
42,"tcell1p_scored_target","tcell1p_scored_target_seed42_label0_pep_ipspline.txt",0.05,132,15,132,22
43,"tcell1p_scored_target","tcell1p_scored_target_seed43_label0_pep_ipspline.txt",0.01,132,12,132,0
43,"tcell1p_scored_target","tcell1p_scored_target_seed43_label0_pep_ipspline.txt",0.05,132,15,132,27
44,"tcell1p_scored_target","tcell1p_scored_target_seed44_label0_pep_ipspline.txt",0.01,132,0,132,0
44,"tcell1p_scored_target","tcell1p_scored_target_seed44_label0_pep_ipspline.txt",0.05,132,16,132,28
45,"tcell1p_scored_target","tcell1p_scored_target_seed45_label0_pep_ipspline.txt",0.01,132,0,132,0
45,"tcell1p_scored_target","tcell1p_scored_target_seed45_label0_pep_ipspline.txt",0.05,132,16,132,29
46,"tcell1p_scored_target","tcell1p_scored_target_seed46_label0_pep_ipspline.txt",0.01,132,0,132,0
46,"tcell1p_scored_target","tcell1p_scored_target_seed46_label0_pep_ipspline.txt",0.05,132,14,132,18
47,"tcell1p_scored_target","tcell1p_scored_target_seed47_label0_pep_ipspline.txt",0.01,132,0,132,0
47,"tcell1p_scored_target","tcell1p_scored_target_seed47_label0_pep_ipspline.txt",0.05,132,13,132,18
48,"tcell1p_scored_target","tcell1p_scored_target_seed48_label0_pep_ipspline.txt",0.01,132,0,132,0
48,"tcell1p_scored_target","tcell1p_scored_target_seed48_label0_pep_ipspline.txt",0.05,132,0,132,14
49,"tcell1p_scored_target","tcell1p_scored_target_seed49_label0_pep_ipspline.txt",0.01,132,0,132,0
49,"tcell1p_scored_target","tcell1p_scored_target_seed49_label0_pep_ipspline.txt",0.05,132,27,132,35
50,"tcell1p_scored_target","tcell1p_scored_target_seed50_label0_pep_ipspline.txt",0.01,132,0,132,0
50,"tcell1p_scored_target","tcell1p_scored_target_seed50_label0_pep_ipspline.txt",0.05,132,14,132,20
51,"tcell1p_scored_target","tcell1p_scored_target_seed51_label0_pep_ipspline.txt",0.01,132,13,132,0
51,"tcell1p_scored_target","tcell1p_scored_target_seed51_label0_pep_ipspline.txt",0.05,132,15,132,25
52,"tcell1p_scored_target","tcell1p_scored_target_seed52_label0_pep_ipspline.txt",0.01,132,0,132,0
52,"tcell1p_scored_target","tcell1p_scored_target_seed52_label0_pep_ipspline.txt",0.05,132,21,132,42
53,"tcell1p_scored_target","tcell1p_scored_target_seed53_label0_pep_ipspline.txt",0.01,132,0,132,0
53,"tcell1p_scored_target","tcell1p_scored_target_seed53_label0_pep_ipspline.txt",0.05,132,17,132,31
54,"tcell1p_scored_target","tcell1p_scored_target_seed54_label0_pep_ipspline.txt",0.01,132,0,132,0
54,"tcell1p_scored_target","tcell1p_scored_target_seed54_label0_pep_ipspline.txt",0.05,132,16,132,26
55,"tcell1p_scored_target","tcell1p_scored_target_seed55_label0_pep_ipspline.txt",0.01,132,0,132,0
55,"tcell1p_scored_target","tcell1p_scored_target_seed55_label0_pep_ipspline.txt",0.05,132,14,132,20
56,"tcell1p_scored_target","tcell1p_scored_target_seed56_label0_pep_ipspline.txt",0.01,132,0,132,0
56,"tcell1p_scored_target","tcell1p_scored_target_seed56_label0_pep_ipspline.txt",0.05,132,16,132,28
57,"tcell1p_scored_target","tcell1p_scored_target_seed57_label0_pep_ipspline.txt",0.01,132,0,132,0
57,"tcell1p_scored_target","tcell1p_scored_target_seed57_label0_pep_ipspline.txt",0.05,132,16,132,28
58,"tcell1p_scored_target","tcell1p_scored_target_seed58_label0_pep_ipspline.txt",0.01,132,0,132,0
58,"tcell1p_scored_target","tcell1p_scored_target_seed58_label0_pep_ipspline.txt",0.05,132,16,132,27
59,"tcell1p_scored_target","tcell1p_scored_target_seed59_label0_pep_ipspline.txt",0.01,132,0,132,0
59,"tcell1p_scored_target","tcell1p_scored_target_seed59_label0_pep_ipspline.txt",0.05,132,26,132,32
60,"tcell1p_scored_target","tcell1p_scored_target_seed60_label0_pep_ipspline.txt",0.01,132,0,132,0
60,"tcell1p_scored_target","tcell1p_scored_target_seed60_label0_pep_ipspline.txt",0.05,132,0,132,12
61,"tcell1p_scored_target","tcell1p_scored_target_seed61_label0_pep_ipspline.txt",0.01,132,0,132,0
61,"tcell1p_scored_target","tcell1p_scored_target_seed61_label0_pep_ipspline.txt",0.05,132,19,132,31
62,"tcell1p_scored_target","tcell1p_scored_target_seed62_label0_pep_ipspline.txt",0.01,132,0,132,0
62,"tcell1p_scored_target","tcell1p_scored_target_seed62_label0_pep_ipspline.txt",0.05,132,0,132,16
63,"tcell1p_scored_target","tcell1p_scored_target_seed63_label0_pep_ipspline.txt",0.01,132,0,132,0
63,"tcell1p_scored_target","tcell1p_scored_target_seed63_label0_pep_ipspline.txt",0.05,132,15,132,27
64,"tcell1p_scored_target","tcell1p_scored_target_seed64_label0_pep_ipspline.txt",0.01,132,0,132,0
64,"tcell1p_scored_target","tcell1p_scored_target_seed64_label0_pep_ipspline.txt",0.05,132,17,132,30
65,"tcell1p_scored_target","tcell1p_scored_target_seed65_label0_pep_ipspline.txt",0.01,132,0,132,0
65,"tcell1p_scored_target","tcell1p_scored_target_seed65_label0_pep_ipspline.txt",0.05,132,16,132,29
66,"tcell1p_scored_target","tcell1p_scored_target_seed66_label0_pep_ipspline.txt",0.01,132,0,132,0
66,"tcell1p_scored_target","tcell1p_scored_target_seed66_label0_pep_ipspline.txt",0.05,132,15,132,22
67,"tcell1p_scored_target","tcell1p_scored_target_seed67_label0_pep_ipspline.txt",0.01,132,0,132,0
67,"tcell1p_scored_target","tcell1p_scored_target_seed67_label0_pep_ipspline.txt",0.05,132,16,132,22
68,"tcell1p_scored_target","tcell1p_scored_target_seed68_label0_pep_ipspline.txt",0.01,132,12,132,0
68,"tcell1p_scored_target","tcell1p_scored_target_seed68_label0_pep_ipspline.txt",0.05,132,15,132,26
69,"tcell1p_scored_target","tcell1p_scored_target_seed69_label0_pep_ipspline.txt",0.01,132,0,132,0
69,"tcell1p_scored_target","tcell1p_scored_target_seed69_label0_pep_ipspline.txt",0.05,132,17,132,31
70,"tcell1p_scored_target","tcell1p_scored_target_seed70_label0_pep_ipspline.txt",0.01,132,0,132,0
70,"tcell1p_scored_target","tcell1p_scored_target_seed70_label0_pep_ipspline.txt",0.05,132,14,132,21
71,"tcell1p_scored_target","tcell1p_scored_target_seed71_label0_pep_ipspline.txt",0.01,132,0,132,0
71,"tcell1p_scored_target","tcell1p_scored_target_seed71_label0_pep_ipspline.txt",0.05,132,15,132,22
72,"tcell1p_scored_target","tcell1p_scored_target_seed72_label0_pep_ipspline.txt",0.01,132,26,132,0
72,"tcell1p_scored_target","tcell1p_scored_target_seed72_label0_pep_ipspline.txt",0.05,132,27,132,34
73,"tcell1p_scored_target","tcell1p_scored_target_seed73_label0_pep_ipspline.txt",0.01,132,0,132,0
73,"tcell1p_scored_target","tcell1p_scored_target_seed73_label0_pep_ipspline.txt",0.05,132,14,132,20
74,"tcell1p_scored_target","tcell1p_scored_target_seed74_label0_pep_ipspline.txt",0.01,132,13,132,0
74,"tcell1p_scored_target","tcell1p_scored_target_seed74_label0_pep_ipspline.txt",0.05,132,15,132,25
75,"tcell1p_scored_target","tcell1p_scored_target_seed75_label0_pep_ipspline.txt",0.01,132,12,132,0
75,"tcell1p_scored_target","tcell1p_scored_target_seed75_label0_pep_ipspline.txt",0.05,132,15,132,25
76,"tcell1p_scored_target","tcell1p_scored_target_seed76_label0_pep_ipspline.txt",0.01,132,0,132,0
76,"tcell1p_scored_target","tcell1p_scored_target_seed76_label0_pep_ipspline.txt",0.05,132,16,132,27
77,"tcell1p_scored_target","tcell1p_scored_target_seed77_label0_pep_ipspline.txt",0.01,132,0,132,0
77,"tcell1p_scored_target","tcell1p_scored_target_seed77_label0_pep_ipspline.txt",0.05,132,15,132,24
78,"tcell1p_scored_target","tcell1p_scored_target_seed78_label0_pep_ipspline.txt",0.01,132,0,132,0
78,"tcell1p_scored_target","tcell1p_scored_target_seed78_label0_pep_ipspline.txt",0.05,132,13,132,18
79,"tcell1p_scored_target","tcell1p_scored_target_seed79_label0_pep_ipspline.txt",0.01,132,0,132,0
79,"tcell1p_scored_target","tcell1p_scored_target_seed79_label0_pep_ipspline.txt",0.05,132,16,132,30
80,"tcell1p_scored_target","tcell1p_scored_target_seed80_label0_pep_ipspline.txt",0.01,132,0,132,0
80,"tcell1p_scored_target","tcell1p_scored_target_seed80_label0_pep_ipspline.txt",0.05,132,27,132,34
81,"tcell1p_scored_target","tcell1p_scored_target_seed81_label0_pep_ipspline.txt",0.01,132,0,132,0
81,"tcell1p_scored_target","tcell1p_scored_target_seed81_label0_pep_ipspline.txt",0.05,132,20,132,32
82,"tcell1p_scored_target","tcell1p_scored_target_seed82_label0_pep_ipspline.txt",0.01,132,0,132,0
82,"tcell1p_scored_target","tcell1p_scored_target_seed82_label0_pep_ipspline.txt",0.05,132,16,132,28
83,"tcell1p_scored_target","tcell1p_scored_target_seed83_label0_pep_ipspline.txt",0.01,132,0,132,0
83,"tcell1p_scored_target","tcell1p_scored_target_seed83_label0_pep_ipspline.txt",0.05,132,27,132,34
84,"tcell1p_scored_target","tcell1p_scored_target_seed84_label0_pep_ipspline.txt",0.01,132,0,132,0
84,"tcell1p_scored_target","tcell1p_scored_target_seed84_label0_pep_ipspline.txt",0.05,132,15,132,21
85,"tcell1p_scored_target","tcell1p_scored_target_seed85_label0_pep_ipspline.txt",0.01,132,12,132,0
85,"tcell1p_scored_target","tcell1p_scored_target_seed85_label0_pep_ipspline.txt",0.05,132,15,132,23
86,"tcell1p_scored_target","tcell1p_scored_target_seed86_label0_pep_ipspline.txt",0.01,132,0,132,0
86,"tcell1p_scored_target","tcell1p_scored_target_seed86_label0_pep_ipspline.txt",0.05,132,14,132,20
87,"tcell1p_scored_target","tcell1p_scored_target_seed87_label0_pep_ipspline.txt",0.01,132,0,132,0
87,"tcell1p_scored_target","tcell1p_scored_target_seed87_label0_pep_ipspline.txt",0.05,132,16,132,30
88,"tcell1p_scored_target","tcell1p_scored_target_seed88_label0_pep_ipspline.txt",0.01,132,13,132,0
88,"tcell1p_scored_target","tcell1p_scored_target_seed88_label0_pep_ipspline.txt",0.05,132,15,132,25
89,"tcell1p_scored_target","tcell1p_scored_target_seed89_label0_pep_ipspline.txt",0.01,132,12,132,0
89,"tcell1p_scored_target","tcell1p_scored_target_seed89_label0_pep_ipspline.txt",0.05,132,15,132,26
90,"tcell1p_scored_target","tcell1p_scored_target_seed90_label0_pep_ipspline.txt",0.01,132,0,132,0
90,"tcell1p_scored_target","tcell1p_scored_target_seed90_label0_pep_ipspline.txt",0.05,132,14,132,20
91,"tcell1p_scored_target","tcell1p_scored_target_seed91_label0_pep_ipspline.txt",0.01,132,12,132,0
91,"tcell1p_scored_target","tcell1p_scored_target_seed91_label0_pep_ipspline.txt",0.05,132,15,132,26
92,"tcell1p_scored_target","tcell1p_scored_target_seed92_label0_pep_ipspline.txt",0.01,132,0,132,0
92,"tcell1p_scored_target","tcell1p_scored_target_seed92_label0_pep_ipspline.txt",0.05,132,15,132,21
93,"tcell1p_scored_target","tcell1p_scored_target_seed93_label0_pep_ipspline.txt",0.01,132,0,132,0
93,"tcell1p_scored_target","tcell1p_scored_target_seed93_label0_pep_ipspline.txt",0.05,132,18,132,30
94,"tcell1p_scored_target","tcell1p_scored_target_seed94_label0_pep_ipspline.txt",0.01,132,13,132,0
94,"tcell1p_scored_target","tcell1p_scored_target_seed94_label0_pep_ipspline.txt",0.05,132,15,132,23
95,"tcell1p_scored_target","tcell1p_scored_target_seed95_label0_pep_ipspline.txt",0.01,132,26,132,0
95,"tcell1p_scored_target","tcell1p_scored_target_seed95_label0_pep_ipspline.txt",0.05,132,27,132,35
96,"tcell1p_scored_target","tcell1p_scored_target_seed96_label0_pep_ipspline.txt",0.01,132,26,132,0
96,"tcell1p_scored_target","tcell1p_scored_target_seed96_label0_pep_ipspline.txt",0.05,132,27,132,35
97,"tcell1p_scored_target","tcell1p_scored_target_seed97_label0_pep_ipspline.txt",0.01,132,0,132,0
97,"tcell1p_scored_target","tcell1p_scored_target_seed97_label0_pep_ipspline.txt",0.05,132,17,132,30
98,"tcell1p_scored_target","tcell1p_scored_target_seed98_label0_pep_ipspline.txt",0.01,132,0,132,0
98,"tcell1p_scored_target","tcell1p_scored_target_seed98_label0_pep_ipspline.txt",0.05,132,13,132,16
99,"tcell1p_scored_target","tcell1p_scored_target_seed99_label0_pep_ipspline.txt",0.01,132,0,132,0
99,"tcell1p_scored_target","tcell1p_scored_target_seed99_label0_pep_ipspline.txt",0.05,132,0,132,17
100,"tcell1p_scored_target","tcell1p_scored_target_seed100_label0_pep_ipspline.txt",0.01,132,0,132,0
100,"tcell1p_scored_target","tcell1p_scored_target_seed100_label0_pep_ipspline.txt",0.05,132,17,132,30
1,"tcell30p_scored_target","tcell30p_scored_target_seed1_label0_pep_ipspline.txt",0.01,132,94,132,106
1,"tcell30p_scored_target","tcell30p_scored_target_seed1_label0_pep_ipspline.txt",0.05,132,95,132,106
2,"tcell30p_scored_target","tcell30p_scored_target_seed2_label0_pep_ipspline.txt",0.01,132,94,132,104
2,"tcell30p_scored_target","tcell30p_scored_target_seed2_label0_pep_ipspline.txt",0.05,132,95,132,106
3,"tcell30p_scored_target","tcell30p_scored_target_seed3_label0_pep_ipspline.txt",0.01,132,94,132,102
3,"tcell30p_scored_target","tcell30p_scored_target_seed3_label0_pep_ipspline.txt",0.05,132,95,132,105
4,"tcell30p_scored_target","tcell30p_scored_target_seed4_label0_pep_ipspline.txt",0.01,132,94,132,104
4,"tcell30p_scored_target","tcell30p_scored_target_seed4_label0_pep_ipspline.txt",0.05,132,95,132,106
5,"tcell30p_scored_target","tcell30p_scored_target_seed5_label0_pep_ipspline.txt",0.01,132,94,132,103
5,"tcell30p_scored_target","tcell30p_scored_target_seed5_label0_pep_ipspline.txt",0.05,132,95,132,104
6,"tcell30p_scored_target","tcell30p_scored_target_seed6_label0_pep_ipspline.txt",0.01,132,94,132,104
6,"tcell30p_scored_target","tcell30p_scored_target_seed6_label0_pep_ipspline.txt",0.05,132,95,132,106
7,"tcell30p_scored_target","tcell30p_scored_target_seed7_label0_pep_ipspline.txt",0.01,132,94,132,104
7,"tcell30p_scored_target","tcell30p_scored_target_seed7_label0_pep_ipspline.txt",0.05,132,95,132,106
8,"tcell30p_scored_target","tcell30p_scored_target_seed8_label0_pep_ipspline.txt",0.01,132,94,132,102
8,"tcell30p_scored_target","tcell30p_scored_target_seed8_label0_pep_ipspline.txt",0.05,132,95,132,106
9,"tcell30p_scored_target","tcell30p_scored_target_seed9_label0_pep_ipspline.txt",0.01,132,94,132,104
9,"tcell30p_scored_target","tcell30p_scored_target_seed9_label0_pep_ipspline.txt",0.05,132,95,132,106
10,"tcell30p_scored_target","tcell30p_scored_target_seed10_label0_pep_ipspline.txt",0.01,132,94,132,103
10,"tcell30p_scored_target","tcell30p_scored_target_seed10_label0_pep_ipspline.txt",0.05,132,95,132,106
11,"tcell30p_scored_target","tcell30p_scored_target_seed11_label0_pep_ipspline.txt",0.01,132,94,132,104
11,"tcell30p_scored_target","tcell30p_scored_target_seed11_label0_pep_ipspline.txt",0.05,132,95,132,106
12,"tcell30p_scored_target","tcell30p_scored_target_seed12_label0_pep_ipspline.txt",0.01,132,94,132,102
12,"tcell30p_scored_target","tcell30p_scored_target_seed12_label0_pep_ipspline.txt",0.05,132,95,132,104
13,"tcell30p_scored_target","tcell30p_scored_target_seed13_label0_pep_ipspline.txt",0.01,132,94,132,104
13,"tcell30p_scored_target","tcell30p_scored_target_seed13_label0_pep_ipspline.txt",0.05,132,95,132,104
14,"tcell30p_scored_target","tcell30p_scored_target_seed14_label0_pep_ipspline.txt",0.01,132,94,132,106
14,"tcell30p_scored_target","tcell30p_scored_target_seed14_label0_pep_ipspline.txt",0.05,132,95,132,106
15,"tcell30p_scored_target","tcell30p_scored_target_seed15_label0_pep_ipspline.txt",0.01,132,94,132,103
15,"tcell30p_scored_target","tcell30p_scored_target_seed15_label0_pep_ipspline.txt",0.05,132,95,132,105
16,"tcell30p_scored_target","tcell30p_scored_target_seed16_label0_pep_ipspline.txt",0.01,132,94,132,101
16,"tcell30p_scored_target","tcell30p_scored_target_seed16_label0_pep_ipspline.txt",0.05,132,95,132,105
17,"tcell30p_scored_target","tcell30p_scored_target_seed17_label0_pep_ipspline.txt",0.01,132,94,132,104
17,"tcell30p_scored_target","tcell30p_scored_target_seed17_label0_pep_ipspline.txt",0.05,132,95,132,106
18,"tcell30p_scored_target","tcell30p_scored_target_seed18_label0_pep_ipspline.txt",0.01,132,94,132,102
18,"tcell30p_scored_target","tcell30p_scored_target_seed18_label0_pep_ipspline.txt",0.05,132,95,132,104
19,"tcell30p_scored_target","tcell30p_scored_target_seed19_label0_pep_ipspline.txt",0.01,132,94,132,105
19,"tcell30p_scored_target","tcell30p_scored_target_seed19_label0_pep_ipspline.txt",0.05,132,95,132,106
20,"tcell30p_scored_target","tcell30p_scored_target_seed20_label0_pep_ipspline.txt",0.01,132,94,132,103
20,"tcell30p_scored_target","tcell30p_scored_target_seed20_label0_pep_ipspline.txt",0.05,132,95,132,104
21,"tcell30p_scored_target","tcell30p_scored_target_seed21_label0_pep_ipspline.txt",0.01,132,94,132,104
21,"tcell30p_scored_target","tcell30p_scored_target_seed21_label0_pep_ipspline.txt",0.05,132,95,132,106
22,"tcell30p_scored_target","tcell30p_scored_target_seed22_label0_pep_ipspline.txt",0.01,132,94,132,105
22,"tcell30p_scored_target","tcell30p_scored_target_seed22_label0_pep_ipspline.txt",0.05,132,95,132,106
23,"tcell30p_scored_target","tcell30p_scored_target_seed23_label0_pep_ipspline.txt",0.01,132,94,132,104
23,"tcell30p_scored_target","tcell30p_scored_target_seed23_label0_pep_ipspline.txt",0.05,132,95,132,106
24,"tcell30p_scored_target","tcell30p_scored_target_seed24_label0_pep_ipspline.txt",0.01,132,94,132,103
24,"tcell30p_scored_target","tcell30p_scored_target_seed24_label0_pep_ipspline.txt",0.05,132,95,132,105
25,"tcell30p_scored_target","tcell30p_scored_target_seed25_label0_pep_ipspline.txt",0.01,132,94,132,102
25,"tcell30p_scored_target","tcell30p_scored_target_seed25_label0_pep_ipspline.txt",0.05,132,95,132,105
26,"tcell30p_scored_target","tcell30p_scored_target_seed26_label0_pep_ipspline.txt",0.01,132,94,132,103
26,"tcell30p_scored_target","tcell30p_scored_target_seed26_label0_pep_ipspline.txt",0.05,132,95,132,105
27,"tcell30p_scored_target","tcell30p_scored_target_seed27_label0_pep_ipspline.txt",0.01,132,94,132,104
27,"tcell30p_scored_target","tcell30p_scored_target_seed27_label0_pep_ipspline.txt",0.05,132,95,132,106
28,"tcell30p_scored_target","tcell30p_scored_target_seed28_label0_pep_ipspline.txt",0.01,132,94,132,105
28,"tcell30p_scored_target","tcell30p_scored_target_seed28_label0_pep_ipspline.txt",0.05,132,95,132,106
29,"tcell30p_scored_target","tcell30p_scored_target_seed29_label0_pep_ipspline.txt",0.01,132,94,132,104
29,"tcell30p_scored_target","tcell30p_scored_target_seed29_label0_pep_ipspline.txt",0.05,132,95,132,106
30,"tcell30p_scored_target","tcell30p_scored_target_seed30_label0_pep_ipspline.txt",0.01,132,94,132,104
30,"tcell30p_scored_target","tcell30p_scored_target_seed30_label0_pep_ipspline.txt",0.05,132,95,132,106
31,"tcell30p_scored_target","tcell30p_scored_target_seed31_label0_pep_ipspline.txt",0.01,132,94,132,104
31,"tcell30p_scored_target","tcell30p_scored_target_seed31_label0_pep_ipspline.txt",0.05,132,95,132,106
32,"tcell30p_scored_target","tcell30p_scored_target_seed32_label0_pep_ipspline.txt",0.01,132,94,132,103
32,"tcell30p_scored_target","tcell30p_scored_target_seed32_label0_pep_ipspline.txt",0.05,132,95,132,106
33,"tcell30p_scored_target","tcell30p_scored_target_seed33_label0_pep_ipspline.txt",0.01,132,94,132,101
33,"tcell30p_scored_target","tcell30p_scored_target_seed33_label0_pep_ipspline.txt",0.05,132,95,132,105
34,"tcell30p_scored_target","tcell30p_scored_target_seed34_label0_pep_ipspline.txt",0.01,132,94,132,103
34,"tcell30p_scored_target","tcell30p_scored_target_seed34_label0_pep_ipspline.txt",0.05,132,95,132,106
35,"tcell30p_scored_target","tcell30p_scored_target_seed35_label0_pep_ipspline.txt",0.01,132,94,132,101
35,"tcell30p_scored_target","tcell30p_scored_target_seed35_label0_pep_ipspline.txt",0.05,132,95,132,105
36,"tcell30p_scored_target","tcell30p_scored_target_seed36_label0_pep_ipspline.txt",0.01,132,94,132,105
36,"tcell30p_scored_target","tcell30p_scored_target_seed36_label0_pep_ipspline.txt",0.05,132,95,132,106
37,"tcell30p_scored_target","tcell30p_scored_target_seed37_label0_pep_ipspline.txt",0.01,132,94,132,103
37,"tcell30p_scored_target","tcell30p_scored_target_seed37_label0_pep_ipspline.txt",0.05,132,95,132,105
38,"tcell30p_scored_target","tcell30p_scored_target_seed38_label0_pep_ipspline.txt",0.01,132,94,132,103
38,"tcell30p_scored_target","tcell30p_scored_target_seed38_label0_pep_ipspline.txt",0.05,132,95,132,105
39,"tcell30p_scored_target","tcell30p_scored_target_seed39_label0_pep_ipspline.txt",0.01,132,94,132,101
39,"tcell30p_scored_target","tcell30p_scored_target_seed39_label0_pep_ipspline.txt",0.05,132,95,132,105
40,"tcell30p_scored_target","tcell30p_scored_target_seed40_label0_pep_ipspline.txt",0.01,132,94,132,105
40,"tcell30p_scored_target","tcell30p_scored_target_seed40_label0_pep_ipspline.txt",0.05,132,95,132,106
41,"tcell30p_scored_target","tcell30p_scored_target_seed41_label0_pep_ipspline.txt",0.01,132,94,132,103
41,"tcell30p_scored_target","tcell30p_scored_target_seed41_label0_pep_ipspline.txt",0.05,132,95,132,105
42,"tcell30p_scored_target","tcell30p_scored_target_seed42_label0_pep_ipspline.txt",0.01,132,94,132,103
42,"tcell30p_scored_target","tcell30p_scored_target_seed42_label0_pep_ipspline.txt",0.05,132,95,132,106
43,"tcell30p_scored_target","tcell30p_scored_target_seed43_label0_pep_ipspline.txt",0.01,132,94,132,105
43,"tcell30p_scored_target","tcell30p_scored_target_seed43_label0_pep_ipspline.txt",0.05,132,95,132,106
44,"tcell30p_scored_target","tcell30p_scored_target_seed44_label0_pep_ipspline.txt",0.01,132,94,132,104
44,"tcell30p_scored_target","tcell30p_scored_target_seed44_label0_pep_ipspline.txt",0.05,132,95,132,106
45,"tcell30p_scored_target","tcell30p_scored_target_seed45_label0_pep_ipspline.txt",0.01,132,94,132,105
45,"tcell30p_scored_target","tcell30p_scored_target_seed45_label0_pep_ipspline.txt",0.05,132,95,132,106
46,"tcell30p_scored_target","tcell30p_scored_target_seed46_label0_pep_ipspline.txt",0.01,132,94,132,102
46,"tcell30p_scored_target","tcell30p_scored_target_seed46_label0_pep_ipspline.txt",0.05,132,95,132,106
47,"tcell30p_scored_target","tcell30p_scored_target_seed47_label0_pep_ipspline.txt",0.01,132,94,132,104
47,"tcell30p_scored_target","tcell30p_scored_target_seed47_label0_pep_ipspline.txt",0.05,132,95,132,106
48,"tcell30p_scored_target","tcell30p_scored_target_seed48_label0_pep_ipspline.txt",0.01,132,94,132,102
48,"tcell30p_scored_target","tcell30p_scored_target_seed48_label0_pep_ipspline.txt",0.05,132,95,132,104
49,"tcell30p_scored_target","tcell30p_scored_target_seed49_label0_pep_ipspline.txt",0.01,132,94,132,106
49,"tcell30p_scored_target","tcell30p_scored_target_seed49_label0_pep_ipspline.txt",0.05,132,95,132,106
50,"tcell30p_scored_target","tcell30p_scored_target_seed50_label0_pep_ipspline.txt",0.01,132,94,132,104
50,"tcell30p_scored_target","tcell30p_scored_target_seed50_label0_pep_ipspline.txt",0.05,132,95,132,105
51,"tcell30p_scored_target","tcell30p_scored_target_seed51_label0_pep_ipspline.txt",0.01,132,94,132,104
51,"tcell30p_scored_target","tcell30p_scored_target_seed51_label0_pep_ipspline.txt",0.05,132,95,132,106
52,"tcell30p_scored_target","tcell30p_scored_target_seed52_label0_pep_ipspline.txt",0.01,132,94,132,103
52,"tcell30p_scored_target","tcell30p_scored_target_seed52_label0_pep_ipspline.txt",0.05,132,95,132,106
53,"tcell30p_scored_target","tcell30p_scored_target_seed53_label0_pep_ipspline.txt",0.01,132,94,132,106
53,"tcell30p_scored_target","tcell30p_scored_target_seed53_label0_pep_ipspline.txt",0.05,132,95,132,106
54,"tcell30p_scored_target","tcell30p_scored_target_seed54_label0_pep_ipspline.txt",0.01,132,94,132,102
54,"tcell30p_scored_target","tcell30p_scored_target_seed54_label0_pep_ipspline.txt",0.05,132,95,132,106
55,"tcell30p_scored_target","tcell30p_scored_target_seed55_label0_pep_ipspline.txt",0.01,132,94,132,102
55,"tcell30p_scored_target","tcell30p_scored_target_seed55_label0_pep_ipspline.txt",0.05,132,95,132,105
56,"tcell30p_scored_target","tcell30p_scored_target_seed56_label0_pep_ipspline.txt",0.01,132,94,132,103
56,"tcell30p_scored_target","tcell30p_scored_target_seed56_label0_pep_ipspline.txt",0.05,132,95,132,105
57,"tcell30p_scored_target","tcell30p_scored_target_seed57_label0_pep_ipspline.txt",0.01,132,94,132,105
57,"tcell30p_scored_target","tcell30p_scored_target_seed57_label0_pep_ipspline.txt",0.05,132,95,132,106
58,"tcell30p_scored_target","tcell30p_scored_target_seed58_label0_pep_ipspline.txt",0.01,132,94,132,104
58,"tcell30p_scored_target","tcell30p_scored_target_seed58_label0_pep_ipspline.txt",0.05,132,95,132,106
59,"tcell30p_scored_target","tcell30p_scored_target_seed59_label0_pep_ipspline.txt",0.01,132,94,132,102
59,"tcell30p_scored_target","tcell30p_scored_target_seed59_label0_pep_ipspline.txt",0.05,132,95,132,104
60,"tcell30p_scored_target","tcell30p_scored_target_seed60_label0_pep_ipspline.txt",0.01,132,94,132,105
60,"tcell30p_scored_target","tcell30p_scored_target_seed60_label0_pep_ipspline.txt",0.05,132,95,132,106
61,"tcell30p_scored_target","tcell30p_scored_target_seed61_label0_pep_ipspline.txt",0.01,132,94,132,106
61,"tcell30p_scored_target","tcell30p_scored_target_seed61_label0_pep_ipspline.txt",0.05,132,95,132,107
62,"tcell30p_scored_target","tcell30p_scored_target_seed62_label0_pep_ipspline.txt",0.01,132,94,132,104
62,"tcell30p_scored_target","tcell30p_scored_target_seed62_label0_pep_ipspline.txt",0.05,132,95,132,106
63,"tcell30p_scored_target","tcell30p_scored_target_seed63_label0_pep_ipspline.txt",0.01,132,94,132,104
63,"tcell30p_scored_target","tcell30p_scored_target_seed63_label0_pep_ipspline.txt",0.05,132,95,132,105
64,"tcell30p_scored_target","tcell30p_scored_target_seed64_label0_pep_ipspline.txt",0.01,132,94,132,102
64,"tcell30p_scored_target","tcell30p_scored_target_seed64_label0_pep_ipspline.txt",0.05,132,95,132,105
65,"tcell30p_scored_target","tcell30p_scored_target_seed65_label0_pep_ipspline.txt",0.01,132,94,132,102
65,"tcell30p_scored_target","tcell30p_scored_target_seed65_label0_pep_ipspline.txt",0.05,132,95,132,106
66,"tcell30p_scored_target","tcell30p_scored_target_seed66_label0_pep_ipspline.txt",0.01,132,94,132,105
66,"tcell30p_scored_target","tcell30p_scored_target_seed66_label0_pep_ipspline.txt",0.05,132,95,132,106
67,"tcell30p_scored_target","tcell30p_scored_target_seed67_label0_pep_ipspline.txt",0.01,132,94,132,105
67,"tcell30p_scored_target","tcell30p_scored_target_seed67_label0_pep_ipspline.txt",0.05,132,95,132,105
68,"tcell30p_scored_target","tcell30p_scored_target_seed68_label0_pep_ipspline.txt",0.01,132,94,132,103
68,"tcell30p_scored_target","tcell30p_scored_target_seed68_label0_pep_ipspline.txt",0.05,132,95,132,105
69,"tcell30p_scored_target","tcell30p_scored_target_seed69_label0_pep_ipspline.txt",0.01,132,94,132,104
69,"tcell30p_scored_target","tcell30p_scored_target_seed69_label0_pep_ipspline.txt",0.05,132,95,132,106
70,"tcell30p_scored_target","tcell30p_scored_target_seed70_label0_pep_ipspline.txt",0.01,132,94,132,103
70,"tcell30p_scored_target","tcell30p_scored_target_seed70_label0_pep_ipspline.txt",0.05,132,95,132,105
71,"tcell30p_scored_target","tcell30p_scored_target_seed71_label0_pep_ipspline.txt",0.01,132,94,132,104
71,"tcell30p_scored_target","tcell30p_scored_target_seed71_label0_pep_ipspline.txt",0.05,132,95,132,106
72,"tcell30p_scored_target","tcell30p_scored_target_seed72_label0_pep_ipspline.txt",0.01,132,94,132,103
72,"tcell30p_scored_target","tcell30p_scored_target_seed72_label0_pep_ipspline.txt",0.05,132,95,132,105
73,"tcell30p_scored_target","tcell30p_scored_target_seed73_label0_pep_ipspline.txt",0.01,132,94,132,103
73,"tcell30p_scored_target","tcell30p_scored_target_seed73_label0_pep_ipspline.txt",0.05,132,95,132,106
74,"tcell30p_scored_target","tcell30p_scored_target_seed74_label0_pep_ipspline.txt",0.01,132,94,132,103
74,"tcell30p_scored_target","tcell30p_scored_target_seed74_label0_pep_ipspline.txt",0.05,132,95,132,105
75,"tcell30p_scored_target","tcell30p_scored_target_seed75_label0_pep_ipspline.txt",0.01,132,94,132,102
75,"tcell30p_scored_target","tcell30p_scored_target_seed75_label0_pep_ipspline.txt",0.05,132,95,132,105
76,"tcell30p_scored_target","tcell30p_scored_target_seed76_label0_pep_ipspline.txt",0.01,132,94,132,105
76,"tcell30p_scored_target","tcell30p_scored_target_seed76_label0_pep_ipspline.txt",0.05,132,95,132,106
77,"tcell30p_scored_target","tcell30p_scored_target_seed77_label0_pep_ipspline.txt",0.01,132,94,132,104
77,"tcell30p_scored_target","tcell30p_scored_target_seed77_label0_pep_ipspline.txt",0.05,132,95,132,106
78,"tcell30p_scored_target","tcell30p_scored_target_seed78_label0_pep_ipspline.txt",0.01,132,94,132,103
78,"tcell30p_scored_target","tcell30p_scored_target_seed78_label0_pep_ipspline.txt",0.05,132,95,132,105
79,"tcell30p_scored_target","tcell30p_scored_target_seed79_label0_pep_ipspline.txt",0.01,132,94,132,101
79,"tcell30p_scored_target","tcell30p_scored_target_seed79_label0_pep_ipspline.txt",0.05,132,95,132,104
80,"tcell30p_scored_target","tcell30p_scored_target_seed80_label0_pep_ipspline.txt",0.01,132,94,132,105
80,"tcell30p_scored_target","tcell30p_scored_target_seed80_label0_pep_ipspline.txt",0.05,132,95,132,106
81,"tcell30p_scored_target","tcell30p_scored_target_seed81_label0_pep_ipspline.txt",0.01,132,94,132,103
81,"tcell30p_scored_target","tcell30p_scored_target_seed81_label0_pep_ipspline.txt",0.05,132,95,132,105
82,"tcell30p_scored_target","tcell30p_scored_target_seed82_label0_pep_ipspline.txt",0.01,132,94,132,103
82,"tcell30p_scored_target","tcell30p_scored_target_seed82_label0_pep_ipspline.txt",0.05,132,95,132,106
83,"tcell30p_scored_target","tcell30p_scored_target_seed83_label0_pep_ipspline.txt",0.01,132,94,132,101
83,"tcell30p_scored_target","tcell30p_scored_target_seed83_label0_pep_ipspline.txt",0.05,132,95,132,104
84,"tcell30p_scored_target","tcell30p_scored_target_seed84_label0_pep_ipspline.txt",0.01,132,94,132,104
84,"tcell30p_scored_target","tcell30p_scored_target_seed84_label0_pep_ipspline.txt",0.05,132,95,132,106
85,"tcell30p_scored_target","tcell30p_scored_target_seed85_label0_pep_ipspline.txt",0.01,132,94,132,105
85,"tcell30p_scored_target","tcell30p_scored_target_seed85_label0_pep_ipspline.txt",0.05,132,95,132,106
86,"tcell30p_scored_target","tcell30p_scored_target_seed86_label0_pep_ipspline.txt",0.01,132,94,132,102
86,"tcell30p_scored_target","tcell30p_scored_target_seed86_label0_pep_ipspline.txt",0.05,132,95,132,106
87,"tcell30p_scored_target","tcell30p_scored_target_seed87_label0_pep_ipspline.txt",0.01,132,94,132,103
87,"tcell30p_scored_target","tcell30p_scored_target_seed87_label0_pep_ipspline.txt",0.05,132,95,132,105
88,"tcell30p_scored_target","tcell30p_scored_target_seed88_label0_pep_ipspline.txt",0.01,132,94,132,102
88,"tcell30p_scored_target","tcell30p_scored_target_seed88_label0_pep_ipspline.txt",0.05,132,95,132,105
89,"tcell30p_scored_target","tcell30p_scored_target_seed89_label0_pep_ipspline.txt",0.01,132,94,132,103
89,"tcell30p_scored_target","tcell30p_scored_target_seed89_label0_pep_ipspline.txt",0.05,132,95,132,106
90,"tcell30p_scored_target","tcell30p_scored_target_seed90_label0_pep_ipspline.txt",0.01,132,94,132,104
90,"tcell30p_scored_target","tcell30p_scored_target_seed90_label0_pep_ipspline.txt",0.05,132,95,132,105
91,"tcell30p_scored_target","tcell30p_scored_target_seed91_label0_pep_ipspline.txt",0.01,132,94,132,105
91,"tcell30p_scored_target","tcell30p_scored_target_seed91_label0_pep_ipspline.txt",0.05,132,95,132,105
92,"tcell30p_scored_target","tcell30p_scored_target_seed92_label0_pep_ipspline.txt",0.01,132,94,132,105
92,"tcell30p_scored_target","tcell30p_scored_target_seed92_label0_pep_ipspline.txt",0.05,132,95,132,106
93,"tcell30p_scored_target","tcell30p_scored_target_seed93_label0_pep_ipspline.txt",0.01,132,94,132,104
93,"tcell30p_scored_target","tcell30p_scored_target_seed93_label0_pep_ipspline.txt",0.05,132,95,132,106
94,"tcell30p_scored_target","tcell30p_scored_target_seed94_label0_pep_ipspline.txt",0.01,132,94,132,105
94,"tcell30p_scored_target","tcell30p_scored_target_seed94_label0_pep_ipspline.txt",0.05,132,95,132,106
95,"tcell30p_scored_target","tcell30p_scored_target_seed95_label0_pep_ipspline.txt",0.01,132,94,132,103
95,"tcell30p_scored_target","tcell30p_scored_target_seed95_label0_pep_ipspline.txt",0.05,132,95,132,105
96,"tcell30p_scored_target","tcell30p_scored_target_seed96_label0_pep_ipspline.txt",0.01,132,94,132,103
96,"tcell30p_scored_target","tcell30p_scored_target_seed96_label0_pep_ipspline.txt",0.05,132,95,132,106
97,"tcell30p_scored_target","tcell30p_scored_target_seed97_label0_pep_ipspline.txt",0.01,132,94,132,104
97,"tcell30p_scored_target","tcell30p_scored_target_seed97_label0_pep_ipspline.txt",0.05,132,95,132,105
98,"tcell30p_scored_target","tcell30p_scored_target_seed98_label0_pep_ipspline.txt",0.01,132,94,132,105
98,"tcell30p_scored_target","tcell30p_scored_target_seed98_label0_pep_ipspline.txt",0.05,132,95,132,106
99,"tcell30p_scored_target","tcell30p_scored_target_seed99_label0_pep_ipspline.txt",0.01,132,94,132,105
99,"tcell30p_scored_target","tcell30p_scored_target_seed99_label0_pep_ipspline.txt",0.05,132,95,132,106
100,"tcell30p_scored_target","tcell30p_scored_target_seed100_label0_pep_ipspline.txt",0.01,132,94,132,104
100,"tcell30p_scored_target","tcell30p_scored_target_seed100_label0_pep_ipspline.txt",0.05,132,95,132,106
1,"tcell3p_scored_target","tcell3p_scored_target_seed1_label0_pep_ipspline.txt",0.01,132,0,132,56
1,"tcell3p_scored_target","tcell3p_scored_target_seed1_label0_pep_ipspline.txt",0.05,132,53,132,61
2,"tcell3p_scored_target","tcell3p_scored_target_seed2_label0_pep_ipspline.txt",0.01,132,0,132,56
2,"tcell3p_scored_target","tcell3p_scored_target_seed2_label0_pep_ipspline.txt",0.05,132,52,132,59
3,"tcell3p_scored_target","tcell3p_scored_target_seed3_label0_pep_ipspline.txt",0.01,132,39,132,51
3,"tcell3p_scored_target","tcell3p_scored_target_seed3_label0_pep_ipspline.txt",0.05,132,42,132,54
4,"tcell3p_scored_target","tcell3p_scored_target_seed4_label0_pep_ipspline.txt",0.01,132,0,132,55
4,"tcell3p_scored_target","tcell3p_scored_target_seed4_label0_pep_ipspline.txt",0.05,132,52,132,59
5,"tcell3p_scored_target","tcell3p_scored_target_seed5_label0_pep_ipspline.txt",0.01,132,38,132,55
5,"tcell3p_scored_target","tcell3p_scored_target_seed5_label0_pep_ipspline.txt",0.05,132,51,132,58
6,"tcell3p_scored_target","tcell3p_scored_target_seed6_label0_pep_ipspline.txt",0.01,132,0,132,56
6,"tcell3p_scored_target","tcell3p_scored_target_seed6_label0_pep_ipspline.txt",0.05,132,53,132,59
7,"tcell3p_scored_target","tcell3p_scored_target_seed7_label0_pep_ipspline.txt",0.01,132,0,132,56
7,"tcell3p_scored_target","tcell3p_scored_target_seed7_label0_pep_ipspline.txt",0.05,132,53,132,59
8,"tcell3p_scored_target","tcell3p_scored_target_seed8_label0_pep_ipspline.txt",0.01,132,39,132,51
8,"tcell3p_scored_target","tcell3p_scored_target_seed8_label0_pep_ipspline.txt",0.05,132,42,132,57
9,"tcell3p_scored_target","tcell3p_scored_target_seed9_label0_pep_ipspline.txt",0.01,132,39,132,54
9,"tcell3p_scored_target","tcell3p_scored_target_seed9_label0_pep_ipspline.txt",0.05,132,44,132,58
10,"tcell3p_scored_target","tcell3p_scored_target_seed10_label0_pep_ipspline.txt",0.01,132,39,132,54
10,"tcell3p_scored_target","tcell3p_scored_target_seed10_label0_pep_ipspline.txt",0.05,132,43,132,56
11,"tcell3p_scored_target","tcell3p_scored_target_seed11_label0_pep_ipspline.txt",0.01,132,38,132,54
11,"tcell3p_scored_target","tcell3p_scored_target_seed11_label0_pep_ipspline.txt",0.05,132,46,132,58
12,"tcell3p_scored_target","tcell3p_scored_target_seed12_label0_pep_ipspline.txt",0.01,132,52,132,59
12,"tcell3p_scored_target","tcell3p_scored_target_seed12_label0_pep_ipspline.txt",0.05,132,54,132,65
13,"tcell3p_scored_target","tcell3p_scored_target_seed13_label0_pep_ipspline.txt",0.01,132,0,132,54
13,"tcell3p_scored_target","tcell3p_scored_target_seed13_label0_pep_ipspline.txt",0.05,132,52,132,60
14,"tcell3p_scored_target","tcell3p_scored_target_seed14_label0_pep_ipspline.txt",0.01,132,38,132,52
14,"tcell3p_scored_target","tcell3p_scored_target_seed14_label0_pep_ipspline.txt",0.05,132,46,132,59
15,"tcell3p_scored_target","tcell3p_scored_target_seed15_label0_pep_ipspline.txt",0.01,132,51,132,58
15,"tcell3p_scored_target","tcell3p_scored_target_seed15_label0_pep_ipspline.txt",0.05,132,53,132,59
16,"tcell3p_scored_target","tcell3p_scored_target_seed16_label0_pep_ipspline.txt",0.01,132,0,132,55
16,"tcell3p_scored_target","tcell3p_scored_target_seed16_label0_pep_ipspline.txt",0.05,132,53,132,61
17,"tcell3p_scored_target","tcell3p_scored_target_seed17_label0_pep_ipspline.txt",0.01,132,38,132,54
17,"tcell3p_scored_target","tcell3p_scored_target_seed17_label0_pep_ipspline.txt",0.05,132,51,132,59
18,"tcell3p_scored_target","tcell3p_scored_target_seed18_label0_pep_ipspline.txt",0.01,132,38,132,55
18,"tcell3p_scored_target","tcell3p_scored_target_seed18_label0_pep_ipspline.txt",0.05,132,48,132,59
19,"tcell3p_scored_target","tcell3p_scored_target_seed19_label0_pep_ipspline.txt",0.01,132,38,132,0
19,"tcell3p_scored_target","tcell3p_scored_target_seed19_label0_pep_ipspline.txt",0.05,132,41,132,56
20,"tcell3p_scored_target","tcell3p_scored_target_seed20_label0_pep_ipspline.txt",0.01,132,38,132,56
20,"tcell3p_scored_target","tcell3p_scored_target_seed20_label0_pep_ipspline.txt",0.05,132,48,132,57
21,"tcell3p_scored_target","tcell3p_scored_target_seed21_label0_pep_ipspline.txt",0.01,132,52,132,60
21,"tcell3p_scored_target","tcell3p_scored_target_seed21_label0_pep_ipspline.txt",0.05,132,54,132,66
22,"tcell3p_scored_target","tcell3p_scored_target_seed22_label0_pep_ipspline.txt",0.01,132,39,132,54
22,"tcell3p_scored_target","tcell3p_scored_target_seed22_label0_pep_ipspline.txt",0.05,132,43,132,56
23,"tcell3p_scored_target","tcell3p_scored_target_seed23_label0_pep_ipspline.txt",0.01,132,38,132,55
23,"tcell3p_scored_target","tcell3p_scored_target_seed23_label0_pep_ipspline.txt",0.05,132,51,132,58
24,"tcell3p_scored_target","tcell3p_scored_target_seed24_label0_pep_ipspline.txt",0.01,132,51,132,58
24,"tcell3p_scored_target","tcell3p_scored_target_seed24_label0_pep_ipspline.txt",0.05,132,54,132,63
25,"tcell3p_scored_target","tcell3p_scored_target_seed25_label0_pep_ipspline.txt",0.01,132,0,132,0
25,"tcell3p_scored_target","tcell3p_scored_target_seed25_label0_pep_ipspline.txt",0.05,132,43,132,57
26,"tcell3p_scored_target","tcell3p_scored_target_seed26_label0_pep_ipspline.txt",0.01,132,0,132,57
26,"tcell3p_scored_target","tcell3p_scored_target_seed26_label0_pep_ipspline.txt",0.05,132,53,132,60
27,"tcell3p_scored_target","tcell3p_scored_target_seed27_label0_pep_ipspline.txt",0.01,132,39,132,54
27,"tcell3p_scored_target","tcell3p_scored_target_seed27_label0_pep_ipspline.txt",0.05,132,45,132,57
28,"tcell3p_scored_target","tcell3p_scored_target_seed28_label0_pep_ipspline.txt",0.01,132,51,132,56
28,"tcell3p_scored_target","tcell3p_scored_target_seed28_label0_pep_ipspline.txt",0.05,132,53,132,60
29,"tcell3p_scored_target","tcell3p_scored_target_seed29_label0_pep_ipspline.txt",0.01,132,39,132,52
29,"tcell3p_scored_target","tcell3p_scored_target_seed29_label0_pep_ipspline.txt",0.05,132,42,132,56
30,"tcell3p_scored_target","tcell3p_scored_target_seed30_label0_pep_ipspline.txt",0.01,132,0,132,56
30,"tcell3p_scored_target","tcell3p_scored_target_seed30_label0_pep_ipspline.txt",0.05,132,53,132,60
31,"tcell3p_scored_target","tcell3p_scored_target_seed31_label0_pep_ipspline.txt",0.01,132,51,132,57
31,"tcell3p_scored_target","tcell3p_scored_target_seed31_label0_pep_ipspline.txt",0.05,132,53,132,60
32,"tcell3p_scored_target","tcell3p_scored_target_seed32_label0_pep_ipspline.txt",0.01,132,0,132,55
32,"tcell3p_scored_target","tcell3p_scored_target_seed32_label0_pep_ipspline.txt",0.05,132,53,132,62
33,"tcell3p_scored_target","tcell3p_scored_target_seed33_label0_pep_ipspline.txt",0.01,132,39,132,54
33,"tcell3p_scored_target","tcell3p_scored_target_seed33_label0_pep_ipspline.txt",0.05,132,43,132,57
34,"tcell3p_scored_target","tcell3p_scored_target_seed34_label0_pep_ipspline.txt",0.01,132,51,132,57
34,"tcell3p_scored_target","tcell3p_scored_target_seed34_label0_pep_ipspline.txt",0.05,132,53,132,61
35,"tcell3p_scored_target","tcell3p_scored_target_seed35_label0_pep_ipspline.txt",0.01,132,39,132,54
35,"tcell3p_scored_target","tcell3p_scored_target_seed35_label0_pep_ipspline.txt",0.05,132,45,132,58
36,"tcell3p_scored_target","tcell3p_scored_target_seed36_label0_pep_ipspline.txt",0.01,132,51,132,58
36,"tcell3p_scored_target","tcell3p_scored_target_seed36_label0_pep_ipspline.txt",0.05,132,54,132,65
37,"tcell3p_scored_target","tcell3p_scored_target_seed37_label0_pep_ipspline.txt",0.01,132,39,132,54
37,"tcell3p_scored_target","tcell3p_scored_target_seed37_label0_pep_ipspline.txt",0.05,132,44,132,57
38,"tcell3p_scored_target","tcell3p_scored_target_seed38_label0_pep_ipspline.txt",0.01,132,38,132,53
38,"tcell3p_scored_target","tcell3p_scored_target_seed38_label0_pep_ipspline.txt",0.05,132,51,132,60
39,"tcell3p_scored_target","tcell3p_scored_target_seed39_label0_pep_ipspline.txt",0.01,132,0,132,55
39,"tcell3p_scored_target","tcell3p_scored_target_seed39_label0_pep_ipspline.txt",0.05,132,52,132,59
40,"tcell3p_scored_target","tcell3p_scored_target_seed40_label0_pep_ipspline.txt",0.01,132,51,132,58
40,"tcell3p_scored_target","tcell3p_scored_target_seed40_label0_pep_ipspline.txt",0.05,132,53,132,59
41,"tcell3p_scored_target","tcell3p_scored_target_seed41_label0_pep_ipspline.txt",0.01,132,39,132,55
41,"tcell3p_scored_target","tcell3p_scored_target_seed41_label0_pep_ipspline.txt",0.05,132,45,132,57
42,"tcell3p_scored_target","tcell3p_scored_target_seed42_label0_pep_ipspline.txt",0.01,132,39,132,51
42,"tcell3p_scored_target","tcell3p_scored_target_seed42_label0_pep_ipspline.txt",0.05,132,42,132,54
43,"tcell3p_scored_target","tcell3p_scored_target_seed43_label0_pep_ipspline.txt",0.01,132,38,132,55
43,"tcell3p_scored_target","tcell3p_scored_target_seed43_label0_pep_ipspline.txt",0.05,132,46,132,59
44,"tcell3p_scored_target","tcell3p_scored_target_seed44_label0_pep_ipspline.txt",0.01,132,38,132,54
44,"tcell3p_scored_target","tcell3p_scored_target_seed44_label0_pep_ipspline.txt",0.05,132,51,132,59
45,"tcell3p_scored_target","tcell3p_scored_target_seed45_label0_pep_ipspline.txt",0.01,132,51,132,57
45,"tcell3p_scored_target","tcell3p_scored_target_seed45_label0_pep_ipspline.txt",0.05,132,53,132,62
46,"tcell3p_scored_target","tcell3p_scored_target_seed46_label0_pep_ipspline.txt",0.01,132,0,132,0
46,"tcell3p_scored_target","tcell3p_scored_target_seed46_label0_pep_ipspline.txt",0.05,132,43,132,58
47,"tcell3p_scored_target","tcell3p_scored_target_seed47_label0_pep_ipspline.txt",0.01,132,39,132,54
47,"tcell3p_scored_target","tcell3p_scored_target_seed47_label0_pep_ipspline.txt",0.05,132,42,132,55
48,"tcell3p_scored_target","tcell3p_scored_target_seed48_label0_pep_ipspline.txt",0.01,132,0,132,57
48,"tcell3p_scored_target","tcell3p_scored_target_seed48_label0_pep_ipspline.txt",0.05,132,53,132,58
49,"tcell3p_scored_target","tcell3p_scored_target_seed49_label0_pep_ipspline.txt",0.01,132,38,132,55
49,"tcell3p_scored_target","tcell3p_scored_target_seed49_label0_pep_ipspline.txt",0.05,132,47,132,58
50,"tcell3p_scored_target","tcell3p_scored_target_seed50_label0_pep_ipspline.txt",0.01,132,39,132,52
50,"tcell3p_scored_target","tcell3p_scored_target_seed50_label0_pep_ipspline.txt",0.05,132,42,132,56
51,"tcell3p_scored_target","tcell3p_scored_target_seed51_label0_pep_ipspline.txt",0.01,132,51,132,54
51,"tcell3p_scored_target","tcell3p_scored_target_seed51_label0_pep_ipspline.txt",0.05,132,53,132,61
52,"tcell3p_scored_target","tcell3p_scored_target_seed52_label0_pep_ipspline.txt",0.01,132,38,132,55
52,"tcell3p_scored_target","tcell3p_scored_target_seed52_label0_pep_ipspline.txt",0.05,132,45,132,57
53,"tcell3p_scored_target","tcell3p_scored_target_seed53_label0_pep_ipspline.txt",0.01,132,39,132,0
53,"tcell3p_scored_target","tcell3p_scored_target_seed53_label0_pep_ipspline.txt",0.05,132,41,132,53
54,"tcell3p_scored_target","tcell3p_scored_target_seed54_label0_pep_ipspline.txt",0.01,132,0,132,55
54,"tcell3p_scored_target","tcell3p_scored_target_seed54_label0_pep_ipspline.txt",0.05,132,53,132,61
55,"tcell3p_scored_target","tcell3p_scored_target_seed55_label0_pep_ipspline.txt",0.01,132,39,132,55
55,"tcell3p_scored_target","tcell3p_scored_target_seed55_label0_pep_ipspline.txt",0.05,132,45,132,57
56,"tcell3p_scored_target","tcell3p_scored_target_seed56_label0_pep_ipspline.txt",0.01,132,39,132,54
56,"tcell3p_scored_target","tcell3p_scored_target_seed56_label0_pep_ipspline.txt",0.05,132,43,132,57
57,"tcell3p_scored_target","tcell3p_scored_target_seed57_label0_pep_ipspline.txt",0.01,132,52,132,60
57,"tcell3p_scored_target","tcell3p_scored_target_seed57_label0_pep_ipspline.txt",0.05,132,54,132,64
58,"tcell3p_scored_target","tcell3p_scored_target_seed58_label0_pep_ipspline.txt",0.01,132,51,132,57
58,"tcell3p_scored_target","tcell3p_scored_target_seed58_label0_pep_ipspline.txt",0.05,132,53,132,62
59,"tcell3p_scored_target","tcell3p_scored_target_seed59_label0_pep_ipspline.txt",0.01,132,39,132,52
59,"tcell3p_scored_target","tcell3p_scored_target_seed59_label0_pep_ipspline.txt",0.05,132,41,132,54
60,"tcell3p_scored_target","tcell3p_scored_target_seed60_label0_pep_ipspline.txt",0.01,132,0,132,56
60,"tcell3p_scored_target","tcell3p_scored_target_seed60_label0_pep_ipspline.txt",0.05,132,53,132,59
61,"tcell3p_scored_target","tcell3p_scored_target_seed61_label0_pep_ipspline.txt",0.01,132,51,132,55
61,"tcell3p_scored_target","tcell3p_scored_target_seed61_label0_pep_ipspline.txt",0.05,132,53,132,61
62,"tcell3p_scored_target","tcell3p_scored_target_seed62_label0_pep_ipspline.txt",0.01,132,0,132,55
62,"tcell3p_scored_target","tcell3p_scored_target_seed62_label0_pep_ipspline.txt",0.05,132,53,132,61
63,"tcell3p_scored_target","tcell3p_scored_target_seed63_label0_pep_ipspline.txt",0.01,132,39,132,55
63,"tcell3p_scored_target","tcell3p_scored_target_seed63_label0_pep_ipspline.txt",0.05,132,45,132,58
64,"tcell3p_scored_target","tcell3p_scored_target_seed64_label0_pep_ipspline.txt",0.01,132,0,132,57
64,"tcell3p_scored_target","tcell3p_scored_target_seed64_label0_pep_ipspline.txt",0.05,132,53,132,59
65,"tcell3p_scored_target","tcell3p_scored_target_seed65_label0_pep_ipspline.txt",0.01,132,39,132,0
65,"tcell3p_scored_target","tcell3p_scored_target_seed65_label0_pep_ipspline.txt",0.05,132,41,132,53
66,"tcell3p_scored_target","tcell3p_scored_target_seed66_label0_pep_ipspline.txt",0.01,132,0,132,54
66,"tcell3p_scored_target","tcell3p_scored_target_seed66_label0_pep_ipspline.txt",0.05,132,52,132,59
67,"tcell3p_scored_target","tcell3p_scored_target_seed67_label0_pep_ipspline.txt",0.01,132,0,132,56
67,"tcell3p_scored_target","tcell3p_scored_target_seed67_label0_pep_ipspline.txt",0.05,132,52,132,59
68,"tcell3p_scored_target","tcell3p_scored_target_seed68_label0_pep_ipspline.txt",0.01,132,0,132,54
68,"tcell3p_scored_target","tcell3p_scored_target_seed68_label0_pep_ipspline.txt",0.05,132,52,132,60
69,"tcell3p_scored_target","tcell3p_scored_target_seed69_label0_pep_ipspline.txt",0.01,132,39,132,54
69,"tcell3p_scored_target","tcell3p_scored_target_seed69_label0_pep_ipspline.txt",0.05,132,42,132,55
70,"tcell3p_scored_target","tcell3p_scored_target_seed70_label0_pep_ipspline.txt",0.01,132,38,132,54
70,"tcell3p_scored_target","tcell3p_scored_target_seed70_label0_pep_ipspline.txt",0.05,132,46,132,58
71,"tcell3p_scored_target","tcell3p_scored_target_seed71_label0_pep_ipspline.txt",0.01,132,0,132,53
71,"tcell3p_scored_target","tcell3p_scored_target_seed71_label0_pep_ipspline.txt",0.05,132,52,132,60
72,"tcell3p_scored_target","tcell3p_scored_target_seed72_label0_pep_ipspline.txt",0.01,132,52,132,61
72,"tcell3p_scored_target","tcell3p_scored_target_seed72_label0_pep_ipspline.txt",0.05,132,53,132,62
73,"tcell3p_scored_target","tcell3p_scored_target_seed73_label0_pep_ipspline.txt",0.01,132,39,132,54
73,"tcell3p_scored_target","tcell3p_scored_target_seed73_label0_pep_ipspline.txt",0.05,132,45,132,57
74,"tcell3p_scored_target","tcell3p_scored_target_seed74_label0_pep_ipspline.txt",0.01,132,39,132,53
74,"tcell3p_scored_target","tcell3p_scored_target_seed74_label0_pep_ipspline.txt",0.05,132,43,132,56
75,"tcell3p_scored_target","tcell3p_scored_target_seed75_label0_pep_ipspline.txt",0.01,132,0,132,55
75,"tcell3p_scored_target","tcell3p_scored_target_seed75_label0_pep_ipspline.txt",0.05,132,53,132,61
76,"tcell3p_scored_target","tcell3p_scored_target_seed76_label0_pep_ipspline.txt",0.01,132,52,132,61
76,"tcell3p_scored_target","tcell3p_scored_target_seed76_label0_pep_ipspline.txt",0.05,132,54,132,63
77,"tcell3p_scored_target","tcell3p_scored_target_seed77_label0_pep_ipspline.txt",0.01,132,0,132,55
77,"tcell3p_scored_target","tcell3p_scored_target_seed77_label0_pep_ipspline.txt",0.05,132,52,132,59
78,"tcell3p_scored_target","tcell3p_scored_target_seed78_label0_pep_ipspline.txt",0.01,132,0,132,56
78,"tcell3p_scored_target","tcell3p_scored_target_seed78_label0_pep_ipspline.txt",0.05,132,52,132,58
79,"tcell3p_scored_target","tcell3p_scored_target_seed79_label0_pep_ipspline.txt",0.01,132,39,132,51
79,"tcell3p_scored_target","tcell3p_scored_target_seed79_label0_pep_ipspline.txt",0.05,132,41,132,54
80,"tcell3p_scored_target","tcell3p_scored_target_seed80_label0_pep_ipspline.txt",0.01,132,0,132,55
80,"tcell3p_scored_target","tcell3p_scored_target_seed80_label0_pep_ipspline.txt",0.05,132,53,132,60
81,"tcell3p_scored_target","tcell3p_scored_target_seed81_label0_pep_ipspline.txt",0.01,132,51,132,58
81,"tcell3p_scored_target","tcell3p_scored_target_seed81_label0_pep_ipspline.txt",0.05,132,53,132,60
82,"tcell3p_scored_target","tcell3p_scored_target_seed82_label0_pep_ipspline.txt",0.01,132,38,132,52
82,"tcell3p_scored_target","tcell3p_scored_target_seed82_label0_pep_ipspline.txt",0.05,132,51,132,60
83,"tcell3p_scored_target","tcell3p_scored_target_seed83_label0_pep_ipspline.txt",0.01,132,39,132,53
83,"tcell3p_scored_target","tcell3p_scored_target_seed83_label0_pep_ipspline.txt",0.05,132,45,132,58
84,"tcell3p_scored_target","tcell3p_scored_target_seed84_label0_pep_ipspline.txt",0.01,132,51,132,57
84,"tcell3p_scored_target","tcell3p_scored_target_seed84_label0_pep_ipspline.txt",0.05,132,53,132,63
85,"tcell3p_scored_target","tcell3p_scored_target_seed85_label0_pep_ipspline.txt",0.01,132,0,132,55
85,"tcell3p_scored_target","tcell3p_scored_target_seed85_label0_pep_ipspline.txt",0.05,132,53,132,60
86,"tcell3p_scored_target","tcell3p_scored_target_seed86_label0_pep_ipspline.txt",0.01,132,39,132,55
86,"tcell3p_scored_target","tcell3p_scored_target_seed86_label0_pep_ipspline.txt",0.05,132,44,132,57
87,"tcell3p_scored_target","tcell3p_scored_target_seed87_label0_pep_ipspline.txt",0.01,132,39,132,54
87,"tcell3p_scored_target","tcell3p_scored_target_seed87_label0_pep_ipspline.txt",0.05,132,43,132,56
88,"tcell3p_scored_target","tcell3p_scored_target_seed88_label0_pep_ipspline.txt",0.01,132,39,132,52
88,"tcell3p_scored_target","tcell3p_scored_target_seed88_label0_pep_ipspline.txt",0.05,132,42,132,55
89,"tcell3p_scored_target","tcell3p_scored_target_seed89_label0_pep_ipspline.txt",0.01,132,39,132,52
89,"tcell3p_scored_target","tcell3p_scored_target_seed89_label0_pep_ipspline.txt",0.05,132,41,132,54
90,"tcell3p_scored_target","tcell3p_scored_target_seed90_label0_pep_ipspline.txt",0.01,132,38,132,52
90,"tcell3p_scored_target","tcell3p_scored_target_seed90_label0_pep_ipspline.txt",0.05,132,46,132,58
91,"tcell3p_scored_target","tcell3p_scored_target_seed91_label0_pep_ipspline.txt",0.01,132,39,132,54
91,"tcell3p_scored_target","tcell3p_scored_target_seed91_label0_pep_ipspline.txt",0.05,132,45,132,57
92,"tcell3p_scored_target","tcell3p_scored_target_seed92_label0_pep_ipspline.txt",0.01,132,51,132,56
92,"tcell3p_scored_target","tcell3p_scored_target_seed92_label0_pep_ipspline.txt",0.05,132,53,132,62
93,"tcell3p_scored_target","tcell3p_scored_target_seed93_label0_pep_ipspline.txt",0.01,132,39,132,50
93,"tcell3p_scored_target","tcell3p_scored_target_seed93_label0_pep_ipspline.txt",0.05,132,42,132,56
94,"tcell3p_scored_target","tcell3p_scored_target_seed94_label0_pep_ipspline.txt",0.01,132,39,132,53
94,"tcell3p_scored_target","tcell3p_scored_target_seed94_label0_pep_ipspline.txt",0.05,132,42,132,56
95,"tcell3p_scored_target","tcell3p_scored_target_seed95_label0_pep_ipspline.txt",0.01,132,51,132,55
95,"tcell3p_scored_target","tcell3p_scored_target_seed95_label0_pep_ipspline.txt",0.05,132,53,132,61
96,"tcell3p_scored_target","tcell3p_scored_target_seed96_label0_pep_ipspline.txt",0.01,132,38,132,54
96,"tcell3p_scored_target","tcell3p_scored_target_seed96_label0_pep_ipspline.txt",0.05,132,51,132,58
97,"tcell3p_scored_target","tcell3p_scored_target_seed97_label0_pep_ipspline.txt",0.01,132,52,132,59
97,"tcell3p_scored_target","tcell3p_scored_target_seed97_label0_pep_ipspline.txt",0.05,132,53,132,60
98,"tcell3p_scored_target","tcell3p_scored_target_seed98_label0_pep_ipspline.txt",0.01,132,0,132,56
98,"tcell3p_scored_target","tcell3p_scored_target_seed98_label0_pep_ipspline.txt",0.05,132,53,132,60
99,"tcell3p_scored_target","tcell3p_scored_target_seed99_label0_pep_ipspline.txt",0.01,132,38,132,54
99,"tcell3p_scored_target","tcell3p_scored_target_seed99_label0_pep_ipspline.txt",0.05,132,46,132,57
100,"tcell3p_scored_target","tcell3p_scored_target_seed100_label0_pep_ipspline.txt",0.01,132,0,132,55
100,"tcell3p_scored_target","tcell3p_scored_target_seed100_label0_pep_ipspline.txt",0.05,132,51,132,58
