"seed","file","fdr_col","threshold","target_pass","target_total","decoy_pass","decoy_total"
1,"drep_tcell100p_scored_target_seed1_label0_pep_ipspline.txt","pyIsoPEP FDR",0.01,76,132,0,0
1,"tcell0pt3p_scored_target_seed1_label0_pep_ipspline.txt","pyIsoPEP FDR",0.01,0,132,0,0
1,"tcell10p_scored_target_seed1_label0_pep_ipspline.txt","pyIsoPEP FDR",0.01,27,132,0,0
1,"tcell1p_scored_target_seed1_label0_pep_ipspline.txt","pyIsoPEP FDR",0.01,0,132,0,0
1,"tcell30p_scored_target_seed1_label0_pep_ipspline.txt","pyIsoPEP FDR",0.01,57,132,0,0
1,"tcell3p_scored_target_seed1_label0_pep_ipspline.txt","pyIsoPEP FDR",0.01,7,132,0,0
1,"drep_tcell100p_scored_target_seed1_label0_pep_ipspline.txt","pyIsoPEP FDR",0.05,118,132,0,0
1,"tcell0pt3p_scored_target_seed1_label0_pep_ipspline.txt","pyIsoPEP FDR",0.05,43,132,0,0
1,"tcell10p_scored_target_seed1_label0_pep_ipspline.txt","pyIsoPEP FDR",0.05,69,132,0,0
1,"tcell1p_scored_target_seed1_label0_pep_ipspline.txt","pyIsoPEP FDR",0.05,26,132,0,0
1,"tcell30p_scored_target_seed1_label0_pep_ipspline.txt","pyIsoPEP FDR",0.05,97,132,0,0
1,"tcell3p_scored_target_seed1_label0_pep_ipspline.txt","pyIsoPEP FDR",0.05,52,132,0,0
2,"drep_tcell100p_scored_target_seed2_label0_pep_ipspline.txt","pyIsoPEP FDR",0.01,77,132,0,0
2,"tcell0pt3p_scored_target_seed2_label0_pep_ipspline.txt","pyIsoPEP FDR",0.01,0,132,0,0
2,"tcell10p_scored_target_seed2_label0_pep_ipspline.txt","pyIsoPEP FDR",0.01,27,132,0,0
2,"tcell1p_scored_target_seed2_label0_pep_ipspline.txt","pyIsoPEP FDR",0.01,0,132,0,0
2,"tcell30p_scored_target_seed2_label0_pep_ipspline.txt","pyIsoPEP FDR",0.01,55,132,0,0
2,"tcell3p_scored_target_seed2_label0_pep_ipspline.txt","pyIsoPEP FDR",0.01,7,132,0,0
2,"drep_tcell100p_scored_target_seed2_label0_pep_ipspline.txt","pyIsoPEP FDR",0.05,118,132,0,0
2,"tcell0pt3p_scored_target_seed2_label0_pep_ipspline.txt","pyIsoPEP FDR",0.05,31,132,0,0
2,"tcell10p_scored_target_seed2_label0_pep_ipspline.txt","pyIsoPEP FDR",0.05,71,132,0,0
2,"tcell1p_scored_target_seed2_label0_pep_ipspline.txt","pyIsoPEP FDR",0.05,15,132,0,0
2,"tcell30p_scored_target_seed2_label0_pep_ipspline.txt","pyIsoPEP FDR",0.05,97,132,0,0
2,"tcell3p_scored_target_seed2_label0_pep_ipspline.txt","pyIsoPEP FDR",0.05,50,132,0,0
3,"drep_tcell100p_scored_target_seed3_label0_pep_ipspline.txt","pyIsoPEP FDR",0.01,76,132,0,0
3,"tcell0pt3p_scored_target_seed3_label0_pep_ipspline.txt","pyIsoPEP FDR",0.01,0,132,0,0
3,"tcell10p_scored_target_seed3_label0_pep_ipspline.txt","pyIsoPEP FDR",0.01,29,132,0,0
3,"tcell1p_scored_target_seed3_label0_pep_ipspline.txt","pyIsoPEP FDR",0.01,0,132,0,0
3,"tcell30p_scored_target_seed3_label0_pep_ipspline.txt","pyIsoPEP FDR",0.01,53,132,0,0
3,"tcell3p_scored_target_seed3_label0_pep_ipspline.txt","pyIsoPEP FDR",0.01,2,132,0,0
3,"drep_tcell100p_scored_target_seed3_label0_pep_ipspline.txt","pyIsoPEP FDR",0.05,118,132,0,0
3,"tcell0pt3p_scored_target_seed3_label0_pep_ipspline.txt","pyIsoPEP FDR",0.05,36,132,0,0
3,"tcell10p_scored_target_seed3_label0_pep_ipspline.txt","pyIsoPEP FDR",0.05,71,132,0,0
3,"tcell1p_scored_target_seed3_label0_pep_ipspline.txt","pyIsoPEP FDR",0.05,12,132,0,0
3,"tcell30p_scored_target_seed3_label0_pep_ipspline.txt","pyIsoPEP FDR",0.05,96,132,0,0
3,"tcell3p_scored_target_seed3_label0_pep_ipspline.txt","pyIsoPEP FDR",0.05,45,132,0,0
4,"drep_tcell100p_scored_target_seed4_label0_pep_ipspline.txt","pyIsoPEP FDR",0.01,76,132,0,0
4,"tcell0pt3p_scored_target_seed4_label0_pep_ipspline.txt","pyIsoPEP FDR",0.01,0,132,0,0
4,"tcell10p_scored_target_seed4_label0_pep_ipspline.txt","pyIsoPEP FDR",0.01,26,132,0,0
4,"tcell1p_scored_target_seed4_label0_pep_ipspline.txt","pyIsoPEP FDR",0.01,0,132,0,0
4,"tcell30p_scored_target_seed4_label0_pep_ipspline.txt","pyIsoPEP FDR",0.01,55,132,0,0
4,"tcell3p_scored_target_seed4_label0_pep_ipspline.txt","pyIsoPEP FDR",0.01,6,132,0,0
4,"drep_tcell100p_scored_target_seed4_label0_pep_ipspline.txt","pyIsoPEP FDR",0.05,118,132,0,0
4,"tcell0pt3p_scored_target_seed4_label0_pep_ipspline.txt","pyIsoPEP FDR",0.05,32,132,0,0
4,"tcell10p_scored_target_seed4_label0_pep_ipspline.txt","pyIsoPEP FDR",0.05,67,132,0,0
4,"tcell1p_scored_target_seed4_label0_pep_ipspline.txt","pyIsoPEP FDR",0.05,25,132,0,0
4,"tcell30p_scored_target_seed4_label0_pep_ipspline.txt","pyIsoPEP FDR",0.05,97,132,0,0
4,"tcell3p_scored_target_seed4_label0_pep_ipspline.txt","pyIsoPEP FDR",0.05,50,132,0,0
5,"drep_tcell100p_scored_target_seed5_label0_pep_ipspline.txt","pyIsoPEP FDR",0.01,76,132,0,0
5,"tcell0pt3p_scored_target_seed5_label0_pep_ipspline.txt","pyIsoPEP FDR",0.01,0,132,0,0
5,"tcell10p_scored_target_seed5_label0_pep_ipspline.txt","pyIsoPEP FDR",0.01,28,132,0,0
5,"tcell1p_scored_target_seed5_label0_pep_ipspline.txt","pyIsoPEP FDR",0.01,0,132,0,0
5,"tcell30p_scored_target_seed5_label0_pep_ipspline.txt","pyIsoPEP FDR",0.01,54,132,0,0
5,"tcell3p_scored_target_seed5_label0_pep_ipspline.txt","pyIsoPEP FDR",0.01,6,132,0,0
5,"drep_tcell100p_scored_target_seed5_label0_pep_ipspline.txt","pyIsoPEP FDR",0.05,118,132,0,0
5,"tcell0pt3p_scored_target_seed5_label0_pep_ipspline.txt","pyIsoPEP FDR",0.05,30,132,0,0
5,"tcell10p_scored_target_seed5_label0_pep_ipspline.txt","pyIsoPEP FDR",0.05,73,132,0,0
5,"tcell1p_scored_target_seed5_label0_pep_ipspline.txt","pyIsoPEP FDR",0.05,24,132,0,0
5,"tcell30p_scored_target_seed5_label0_pep_ipspline.txt","pyIsoPEP FDR",0.05,95,132,0,0
5,"tcell3p_scored_target_seed5_label0_pep_ipspline.txt","pyIsoPEP FDR",0.05,49,132,0,0
6,"drep_tcell100p_scored_target_seed6_label0_pep_ipspline.txt","pyIsoPEP FDR",0.01,76,132,0,0
6,"tcell0pt3p_scored_target_seed6_label0_pep_ipspline.txt","pyIsoPEP FDR",0.01,0,132,0,0
6,"tcell10p_scored_target_seed6_label0_pep_ipspline.txt","pyIsoPEP FDR",0.01,27,132,0,0
6,"tcell1p_scored_target_seed6_label0_pep_ipspline.txt","pyIsoPEP FDR",0.01,0,132,0,0
6,"tcell30p_scored_target_seed6_label0_pep_ipspline.txt","pyIsoPEP FDR",0.01,55,132,0,0
6,"tcell3p_scored_target_seed6_label0_pep_ipspline.txt","pyIsoPEP FDR",0.01,7,132,0,0
6,"drep_tcell100p_scored_target_seed6_label0_pep_ipspline.txt","pyIsoPEP FDR",0.05,118,132,0,0
6,"tcell0pt3p_scored_target_seed6_label0_pep_ipspline.txt","pyIsoPEP FDR",0.05,30,132,0,0
6,"tcell10p_scored_target_seed6_label0_pep_ipspline.txt","pyIsoPEP FDR",0.05,72,132,0,0
6,"tcell1p_scored_target_seed6_label0_pep_ipspline.txt","pyIsoPEP FDR",0.05,9,132,0,0
6,"tcell30p_scored_target_seed6_label0_pep_ipspline.txt","pyIsoPEP FDR",0.05,97,132,0,0
6,"tcell3p_scored_target_seed6_label0_pep_ipspline.txt","pyIsoPEP FDR",0.05,50,132,0,0
7,"drep_tcell100p_scored_target_seed7_label0_pep_ipspline.txt","pyIsoPEP FDR",0.01,76,132,0,0
7,"tcell0pt3p_scored_target_seed7_label0_pep_ipspline.txt","pyIsoPEP FDR",0.01,0,132,0,0
7,"tcell10p_scored_target_seed7_label0_pep_ipspline.txt","pyIsoPEP FDR",0.01,29,132,0,0
7,"tcell1p_scored_target_seed7_label0_pep_ipspline.txt","pyIsoPEP FDR",0.01,0,132,0,0
7,"tcell30p_scored_target_seed7_label0_pep_ipspline.txt","pyIsoPEP FDR",0.01,55,132,0,0
7,"tcell3p_scored_target_seed7_label0_pep_ipspline.txt","pyIsoPEP FDR",0.01,7,132,0,0
7,"drep_tcell100p_scored_target_seed7_label0_pep_ipspline.txt","pyIsoPEP FDR",0.05,117,132,0,0
7,"tcell0pt3p_scored_target_seed7_label0_pep_ipspline.txt","pyIsoPEP FDR",0.05,26,132,0,0
7,"tcell10p_scored_target_seed7_label0_pep_ipspline.txt","pyIsoPEP FDR",0.05,71,132,0,0
7,"tcell1p_scored_target_seed7_label0_pep_ipspline.txt","pyIsoPEP FDR",0.05,18,132,0,0
7,"tcell30p_scored_target_seed7_label0_pep_ipspline.txt","pyIsoPEP FDR",0.05,97,132,0,0
7,"tcell3p_scored_target_seed7_label0_pep_ipspline.txt","pyIsoPEP FDR",0.05,50,132,0,0
8,"drep_tcell100p_scored_target_seed8_label0_pep_ipspline.txt","pyIsoPEP FDR",0.01,77,132,0,0
8,"tcell0pt3p_scored_target_seed8_label0_pep_ipspline.txt","pyIsoPEP FDR",0.01,0,132,0,0
8,"tcell10p_scored_target_seed8_label0_pep_ipspline.txt","pyIsoPEP FDR",0.01,27,132,0,0
8,"tcell1p_scored_target_seed8_label0_pep_ipspline.txt","pyIsoPEP FDR",0.01,0,132,0,0
8,"tcell30p_scored_target_seed8_label0_pep_ipspline.txt","pyIsoPEP FDR",0.01,53,132,0,0
8,"tcell3p_scored_target_seed8_label0_pep_ipspline.txt","pyIsoPEP FDR",0.01,2,132,0,0
8,"drep_tcell100p_scored_target_seed8_label0_pep_ipspline.txt","pyIsoPEP FDR",0.05,117,132,0,0
8,"tcell0pt3p_scored_target_seed8_label0_pep_ipspline.txt","pyIsoPEP FDR",0.05,29,132,0,0
8,"tcell10p_scored_target_seed8_label0_pep_ipspline.txt","pyIsoPEP FDR",0.05,71,132,0,0
8,"tcell1p_scored_target_seed8_label0_pep_ipspline.txt","pyIsoPEP FDR",0.05,20,132,0,0
8,"tcell30p_scored_target_seed8_label0_pep_ipspline.txt","pyIsoPEP FDR",0.05,97,132,0,0
8,"tcell3p_scored_target_seed8_label0_pep_ipspline.txt","pyIsoPEP FDR",0.05,48,132,0,0
9,"drep_tcell100p_scored_target_seed9_label0_pep_ipspline.txt","pyIsoPEP FDR",0.01,76,132,0,0
9,"tcell0pt3p_scored_target_seed9_label0_pep_ipspline.txt","pyIsoPEP FDR",0.01,0,132,0,0
9,"tcell10p_scored_target_seed9_label0_pep_ipspline.txt","pyIsoPEP FDR",0.01,29,132,0,0
9,"tcell1p_scored_target_seed9_label0_pep_ipspline.txt","pyIsoPEP FDR",0.01,0,132,0,0
9,"tcell30p_scored_target_seed9_label0_pep_ipspline.txt","pyIsoPEP FDR",0.01,55,132,0,0
9,"tcell3p_scored_target_seed9_label0_pep_ipspline.txt","pyIsoPEP FDR",0.01,5,132,0,0
9,"drep_tcell100p_scored_target_seed9_label0_pep_ipspline.txt","pyIsoPEP FDR",0.05,118,132,0,0
9,"tcell0pt3p_scored_target_seed9_label0_pep_ipspline.txt","pyIsoPEP FDR",0.05,31,132,0,0
9,"tcell10p_scored_target_seed9_label0_pep_ipspline.txt","pyIsoPEP FDR",0.05,70,132,0,0
9,"tcell1p_scored_target_seed9_label0_pep_ipspline.txt","pyIsoPEP FDR",0.05,22,132,0,0
9,"tcell30p_scored_target_seed9_label0_pep_ipspline.txt","pyIsoPEP FDR",0.05,97,132,0,0
9,"tcell3p_scored_target_seed9_label0_pep_ipspline.txt","pyIsoPEP FDR",0.05,49,132,0,0
10,"drep_tcell100p_scored_target_seed10_label0_pep_ipspline.txt","pyIsoPEP FDR",0.01,76,132,0,0
10,"tcell0pt3p_scored_target_seed10_label0_pep_ipspline.txt","pyIsoPEP FDR",0.01,0,132,0,0
10,"tcell10p_scored_target_seed10_label0_pep_ipspline.txt","pyIsoPEP FDR",0.01,21,132,0,0
10,"tcell1p_scored_target_seed10_label0_pep_ipspline.txt","pyIsoPEP FDR",0.01,0,132,0,0
10,"tcell30p_scored_target_seed10_label0_pep_ipspline.txt","pyIsoPEP FDR",0.01,54,132,0,0
10,"tcell3p_scored_target_seed10_label0_pep_ipspline.txt","pyIsoPEP FDR",0.01,5,132,0,0
10,"drep_tcell100p_scored_target_seed10_label0_pep_ipspline.txt","pyIsoPEP FDR",0.05,118,132,0,0
10,"tcell0pt3p_scored_target_seed10_label0_pep_ipspline.txt","pyIsoPEP FDR",0.05,30,132,0,0
10,"tcell10p_scored_target_seed10_label0_pep_ipspline.txt","pyIsoPEP FDR",0.05,68,132,0,0
10,"tcell1p_scored_target_seed10_label0_pep_ipspline.txt","pyIsoPEP FDR",0.05,9,132,0,0
10,"tcell30p_scored_target_seed10_label0_pep_ipspline.txt","pyIsoPEP FDR",0.05,97,132,0,0
10,"tcell3p_scored_target_seed10_label0_pep_ipspline.txt","pyIsoPEP FDR",0.05,47,132,0,0
11,"drep_tcell100p_scored_target_seed11_label0_pep_ipspline.txt","pyIsoPEP FDR",0.01,76,132,0,0
11,"tcell0pt3p_scored_target_seed11_label0_pep_ipspline.txt","pyIsoPEP FDR",0.01,0,132,0,0
11,"tcell10p_scored_target_seed11_label0_pep_ipspline.txt","pyIsoPEP FDR",0.01,29,132,0,0
11,"tcell1p_scored_target_seed11_label0_pep_ipspline.txt","pyIsoPEP FDR",0.01,0,132,0,0
11,"tcell30p_scored_target_seed11_label0_pep_ipspline.txt","pyIsoPEP FDR",0.01,55,132,0,0
11,"tcell3p_scored_target_seed11_label0_pep_ipspline.txt","pyIsoPEP FDR",0.01,5,132,0,0
11,"drep_tcell100p_scored_target_seed11_label0_pep_ipspline.txt","pyIsoPEP FDR",0.05,118,132,0,0
11,"tcell0pt3p_scored_target_seed11_label0_pep_ipspline.txt","pyIsoPEP FDR",0.05,33,132,0,0
11,"tcell10p_scored_target_seed11_label0_pep_ipspline.txt","pyIsoPEP FDR",0.05,71,132,0,0
11,"tcell1p_scored_target_seed11_label0_pep_ipspline.txt","pyIsoPEP FDR",0.05,22,132,0,0
11,"tcell30p_scored_target_seed11_label0_pep_ipspline.txt","pyIsoPEP FDR",0.05,97,132,0,0
11,"tcell3p_scored_target_seed11_label0_pep_ipspline.txt","pyIsoPEP FDR",0.05,49,132,0,0
12,"drep_tcell100p_scored_target_seed12_label0_pep_ipspline.txt","pyIsoPEP FDR",0.01,77,132,0,0
12,"tcell0pt3p_scored_target_seed12_label0_pep_ipspline.txt","pyIsoPEP FDR",0.01,0,132,0,0
12,"tcell10p_scored_target_seed12_label0_pep_ipspline.txt","pyIsoPEP FDR",0.01,24,132,0,0
12,"tcell1p_scored_target_seed12_label0_pep_ipspline.txt","pyIsoPEP FDR",0.01,0,132,0,0
12,"tcell30p_scored_target_seed12_label0_pep_ipspline.txt","pyIsoPEP FDR",0.01,53,132,0,0
12,"tcell3p_scored_target_seed12_label0_pep_ipspline.txt","pyIsoPEP FDR",0.01,10,132,0,0
12,"drep_tcell100p_scored_target_seed12_label0_pep_ipspline.txt","pyIsoPEP FDR",0.05,118,132,0,0
12,"tcell0pt3p_scored_target_seed12_label0_pep_ipspline.txt","pyIsoPEP FDR",0.05,32,132,0,0
12,"tcell10p_scored_target_seed12_label0_pep_ipspline.txt","pyIsoPEP FDR",0.05,69,132,0,0
12,"tcell1p_scored_target_seed12_label0_pep_ipspline.txt","pyIsoPEP FDR",0.05,19,132,0,0
12,"tcell30p_scored_target_seed12_label0_pep_ipspline.txt","pyIsoPEP FDR",0.05,95,132,0,0
12,"tcell3p_scored_target_seed12_label0_pep_ipspline.txt","pyIsoPEP FDR",0.05,56,132,0,0
13,"drep_tcell100p_scored_target_seed13_label0_pep_ipspline.txt","pyIsoPEP FDR",0.01,76,132,0,0
13,"tcell0pt3p_scored_target_seed13_label0_pep_ipspline.txt","pyIsoPEP FDR",0.01,0,132,0,0
13,"tcell10p_scored_target_seed13_label0_pep_ipspline.txt","pyIsoPEP FDR",0.01,30,132,0,0
13,"tcell1p_scored_target_seed13_label0_pep_ipspline.txt","pyIsoPEP FDR",0.01,0,132,0,0
13,"tcell30p_scored_target_seed13_label0_pep_ipspline.txt","pyIsoPEP FDR",0.01,55,132,0,0
13,"tcell3p_scored_target_seed13_label0_pep_ipspline.txt","pyIsoPEP FDR",0.01,5,132,0,0
13,"drep_tcell100p_scored_target_seed13_label0_pep_ipspline.txt","pyIsoPEP FDR",0.05,118,132,0,0
13,"tcell0pt3p_scored_target_seed13_label0_pep_ipspline.txt","pyIsoPEP FDR",0.05,36,132,0,0
13,"tcell10p_scored_target_seed13_label0_pep_ipspline.txt","pyIsoPEP FDR",0.05,71,132,0,0
13,"tcell1p_scored_target_seed13_label0_pep_ipspline.txt","pyIsoPEP FDR",0.05,23,132,0,0
13,"tcell30p_scored_target_seed13_label0_pep_ipspline.txt","pyIsoPEP FDR",0.05,95,132,0,0
13,"tcell3p_scored_target_seed13_label0_pep_ipspline.txt","pyIsoPEP FDR",0.05,51,132,0,0
14,"drep_tcell100p_scored_target_seed14_label0_pep_ipspline.txt","pyIsoPEP FDR",0.01,77,132,0,0
14,"tcell0pt3p_scored_target_seed14_label0_pep_ipspline.txt","pyIsoPEP FDR",0.01,0,132,0,0
14,"tcell10p_scored_target_seed14_label0_pep_ipspline.txt","pyIsoPEP FDR",0.01,25,132,0,0
14,"tcell1p_scored_target_seed14_label0_pep_ipspline.txt","pyIsoPEP FDR",0.01,0,132,0,0
14,"tcell30p_scored_target_seed14_label0_pep_ipspline.txt","pyIsoPEP FDR",0.01,57,132,0,0
14,"tcell3p_scored_target_seed14_label0_pep_ipspline.txt","pyIsoPEP FDR",0.01,3,132,0,0
14,"drep_tcell100p_scored_target_seed14_label0_pep_ipspline.txt","pyIsoPEP FDR",0.05,118,132,0,0
14,"tcell0pt3p_scored_target_seed14_label0_pep_ipspline.txt","pyIsoPEP FDR",0.05,35,132,0,0
14,"tcell10p_scored_target_seed14_label0_pep_ipspline.txt","pyIsoPEP FDR",0.05,70,132,0,0
14,"tcell1p_scored_target_seed14_label0_pep_ipspline.txt","pyIsoPEP FDR",0.05,14,132,0,0
14,"tcell30p_scored_target_seed14_label0_pep_ipspline.txt","pyIsoPEP FDR",0.05,97,132,0,0
14,"tcell3p_scored_target_seed14_label0_pep_ipspline.txt","pyIsoPEP FDR",0.05,50,132,0,0
15,"drep_tcell100p_scored_target_seed15_label0_pep_ipspline.txt","pyIsoPEP FDR",0.01,77,132,0,0
15,"tcell0pt3p_scored_target_seed15_label0_pep_ipspline.txt","pyIsoPEP FDR",0.01,0,132,0,0
15,"tcell10p_scored_target_seed15_label0_pep_ipspline.txt","pyIsoPEP FDR",0.01,29,132,0,0
15,"tcell1p_scored_target_seed15_label0_pep_ipspline.txt","pyIsoPEP FDR",0.01,0,132,0,0
15,"tcell30p_scored_target_seed15_label0_pep_ipspline.txt","pyIsoPEP FDR",0.01,54,132,0,0
15,"tcell3p_scored_target_seed15_label0_pep_ipspline.txt","pyIsoPEP FDR",0.01,9,132,0,0
15,"drep_tcell100p_scored_target_seed15_label0_pep_ipspline.txt","pyIsoPEP FDR",0.05,118,132,0,0
15,"tcell0pt3p_scored_target_seed15_label0_pep_ipspline.txt","pyIsoPEP FDR",0.05,32,132,0,0
15,"tcell10p_scored_target_seed15_label0_pep_ipspline.txt","pyIsoPEP FDR",0.05,70,132,0,0
15,"tcell1p_scored_target_seed15_label0_pep_ipspline.txt","pyIsoPEP FDR",0.05,13,132,0,0
15,"tcell30p_scored_target_seed15_label0_pep_ipspline.txt","pyIsoPEP FDR",0.05,96,132,0,0
15,"tcell3p_scored_target_seed15_label0_pep_ipspline.txt","pyIsoPEP FDR",0.05,50,132,0,0
16,"drep_tcell100p_scored_target_seed16_label0_pep_ipspline.txt","pyIsoPEP FDR",0.01,77,132,0,0
16,"tcell0pt3p_scored_target_seed16_label0_pep_ipspline.txt","pyIsoPEP FDR",0.01,0,132,0,0
16,"tcell10p_scored_target_seed16_label0_pep_ipspline.txt","pyIsoPEP FDR",0.01,29,132,0,0
16,"tcell1p_scored_target_seed16_label0_pep_ipspline.txt","pyIsoPEP FDR",0.01,0,132,0,0
16,"tcell30p_scored_target_seed16_label0_pep_ipspline.txt","pyIsoPEP FDR",0.01,52,132,0,0
16,"tcell3p_scored_target_seed16_label0_pep_ipspline.txt","pyIsoPEP FDR",0.01,6,132,0,0
16,"drep_tcell100p_scored_target_seed16_label0_pep_ipspline.txt","pyIsoPEP FDR",0.05,118,132,0,0
16,"tcell0pt3p_scored_target_seed16_label0_pep_ipspline.txt","pyIsoPEP FDR",0.05,31,132,0,0
16,"tcell10p_scored_target_seed16_label0_pep_ipspline.txt","pyIsoPEP FDR",0.05,71,132,0,0
16,"tcell1p_scored_target_seed16_label0_pep_ipspline.txt","pyIsoPEP FDR",0.05,18,132,0,0
16,"tcell30p_scored_target_seed16_label0_pep_ipspline.txt","pyIsoPEP FDR",0.05,96,132,0,0
16,"tcell3p_scored_target_seed16_label0_pep_ipspline.txt","pyIsoPEP FDR",0.05,52,132,0,0
17,"drep_tcell100p_scored_target_seed17_label0_pep_ipspline.txt","pyIsoPEP FDR",0.01,77,132,0,0
17,"tcell0pt3p_scored_target_seed17_label0_pep_ipspline.txt","pyIsoPEP FDR",0.01,0,132,0,0
17,"tcell10p_scored_target_seed17_label0_pep_ipspline.txt","pyIsoPEP FDR",0.01,30,132,0,0
17,"tcell1p_scored_target_seed17_label0_pep_ipspline.txt","pyIsoPEP FDR",0.01,0,132,0,0
17,"tcell30p_scored_target_seed17_label0_pep_ipspline.txt","pyIsoPEP FDR",0.01,55,132,0,0
17,"tcell3p_scored_target_seed17_label0_pep_ipspline.txt","pyIsoPEP FDR",0.01,5,132,0,0
17,"drep_tcell100p_scored_target_seed17_label0_pep_ipspline.txt","pyIsoPEP FDR",0.05,118,132,0,0
17,"tcell0pt3p_scored_target_seed17_label0_pep_ipspline.txt","pyIsoPEP FDR",0.05,36,132,0,0
17,"tcell10p_scored_target_seed17_label0_pep_ipspline.txt","pyIsoPEP FDR",0.05,71,132,0,0
17,"tcell1p_scored_target_seed17_label0_pep_ipspline.txt","pyIsoPEP FDR",0.05,19,132,0,0
17,"tcell30p_scored_target_seed17_label0_pep_ipspline.txt","pyIsoPEP FDR",0.05,97,132,0,0
17,"tcell3p_scored_target_seed17_label0_pep_ipspline.txt","pyIsoPEP FDR",0.05,50,132,0,0
18,"drep_tcell100p_scored_target_seed18_label0_pep_ipspline.txt","pyIsoPEP FDR",0.01,76,132,0,0
18,"tcell0pt3p_scored_target_seed18_label0_pep_ipspline.txt","pyIsoPEP FDR",0.01,0,132,0,0
18,"tcell10p_scored_target_seed18_label0_pep_ipspline.txt","pyIsoPEP FDR",0.01,26,132,0,0
18,"tcell1p_scored_target_seed18_label0_pep_ipspline.txt","pyIsoPEP FDR",0.01,0,132,0,0
18,"tcell30p_scored_target_seed18_label0_pep_ipspline.txt","pyIsoPEP FDR",0.01,53,132,0,0
18,"tcell3p_scored_target_seed18_label0_pep_ipspline.txt","pyIsoPEP FDR",0.01,6,132,0,0
18,"drep_tcell100p_scored_target_seed18_label0_pep_ipspline.txt","pyIsoPEP FDR",0.05,118,132,0,0
18,"tcell0pt3p_scored_target_seed18_label0_pep_ipspline.txt","pyIsoPEP FDR",0.05,31,132,0,0
18,"tcell10p_scored_target_seed18_label0_pep_ipspline.txt","pyIsoPEP FDR",0.05,69,132,0,0
18,"tcell1p_scored_target_seed18_label0_pep_ipspline.txt","pyIsoPEP FDR",0.05,23,132,0,0
18,"tcell30p_scored_target_seed18_label0_pep_ipspline.txt","pyIsoPEP FDR",0.05,95,132,0,0
18,"tcell3p_scored_target_seed18_label0_pep_ipspline.txt","pyIsoPEP FDR",0.05,50,132,0,0
19,"drep_tcell100p_scored_target_seed19_label0_pep_ipspline.txt","pyIsoPEP FDR",0.01,77,132,0,0
19,"tcell0pt3p_scored_target_seed19_label0_pep_ipspline.txt","pyIsoPEP FDR",0.01,0,132,0,0
19,"tcell10p_scored_target_seed19_label0_pep_ipspline.txt","pyIsoPEP FDR",0.01,24,132,0,0
19,"tcell1p_scored_target_seed19_label0_pep_ipspline.txt","pyIsoPEP FDR",0.01,0,132,0,0
19,"tcell30p_scored_target_seed19_label0_pep_ipspline.txt","pyIsoPEP FDR",0.01,56,132,0,0
19,"tcell3p_scored_target_seed19_label0_pep_ipspline.txt","pyIsoPEP FDR",0.01,0,132,0,0
19,"drep_tcell100p_scored_target_seed19_label0_pep_ipspline.txt","pyIsoPEP FDR",0.05,118,132,0,0
19,"tcell0pt3p_scored_target_seed19_label0_pep_ipspline.txt","pyIsoPEP FDR",0.05,38,132,0,0
19,"tcell10p_scored_target_seed19_label0_pep_ipspline.txt","pyIsoPEP FDR",0.05,68,132,0,0
19,"tcell1p_scored_target_seed19_label0_pep_ipspline.txt","pyIsoPEP FDR",0.05,14,132,0,0
19,"tcell30p_scored_target_seed19_label0_pep_ipspline.txt","pyIsoPEP FDR",0.05,97,132,0,0
19,"tcell3p_scored_target_seed19_label0_pep_ipspline.txt","pyIsoPEP FDR",0.05,47,132,0,0
20,"drep_tcell100p_scored_target_seed20_label0_pep_ipspline.txt","pyIsoPEP FDR",0.01,76,132,0,0
20,"tcell0pt3p_scored_target_seed20_label0_pep_ipspline.txt","pyIsoPEP FDR",0.01,0,132,0,0
20,"tcell10p_scored_target_seed20_label0_pep_ipspline.txt","pyIsoPEP FDR",0.01,24,132,0,0
20,"tcell1p_scored_target_seed20_label0_pep_ipspline.txt","pyIsoPEP FDR",0.01,0,132,0,0
20,"tcell30p_scored_target_seed20_label0_pep_ipspline.txt","pyIsoPEP FDR",0.01,54,132,0,0
20,"tcell3p_scored_target_seed20_label0_pep_ipspline.txt","pyIsoPEP FDR",0.01,7,132,0,0
20,"drep_tcell100p_scored_target_seed20_label0_pep_ipspline.txt","pyIsoPEP FDR",0.05,118,132,0,0
20,"tcell0pt3p_scored_target_seed20_label0_pep_ipspline.txt","pyIsoPEP FDR",0.05,31,132,0,0
20,"tcell10p_scored_target_seed20_label0_pep_ipspline.txt","pyIsoPEP FDR",0.05,69,132,0,0
20,"tcell1p_scored_target_seed20_label0_pep_ipspline.txt","pyIsoPEP FDR",0.05,11,132,0,0
20,"tcell30p_scored_target_seed20_label0_pep_ipspline.txt","pyIsoPEP FDR",0.05,95,132,0,0
20,"tcell3p_scored_target_seed20_label0_pep_ipspline.txt","pyIsoPEP FDR",0.05,48,132,0,0
21,"drep_tcell100p_scored_target_seed21_label0_pep_ipspline.txt","pyIsoPEP FDR",0.01,77,132,0,0
21,"tcell0pt3p_scored_target_seed21_label0_pep_ipspline.txt","pyIsoPEP FDR",0.01,0,132,0,0
21,"tcell10p_scored_target_seed21_label0_pep_ipspline.txt","pyIsoPEP FDR",0.01,27,132,0,0
21,"tcell1p_scored_target_seed21_label0_pep_ipspline.txt","pyIsoPEP FDR",0.01,0,132,0,0
21,"tcell30p_scored_target_seed21_label0_pep_ipspline.txt","pyIsoPEP FDR",0.01,55,132,0,0
21,"tcell3p_scored_target_seed21_label0_pep_ipspline.txt","pyIsoPEP FDR",0.01,11,132,0,0
21,"drep_tcell100p_scored_target_seed21_label0_pep_ipspline.txt","pyIsoPEP FDR",0.05,118,132,0,0
21,"tcell0pt3p_scored_target_seed21_label0_pep_ipspline.txt","pyIsoPEP FDR",0.05,37,132,0,0
21,"tcell10p_scored_target_seed21_label0_pep_ipspline.txt","pyIsoPEP FDR",0.05,72,132,0,0
21,"tcell1p_scored_target_seed21_label0_pep_ipspline.txt","pyIsoPEP FDR",0.05,19,132,0,0
21,"tcell30p_scored_target_seed21_label0_pep_ipspline.txt","pyIsoPEP FDR",0.05,97,132,0,0
21,"tcell3p_scored_target_seed21_label0_pep_ipspline.txt","pyIsoPEP FDR",0.05,57,132,0,0
22,"drep_tcell100p_scored_target_seed22_label0_pep_ipspline.txt","pyIsoPEP FDR",0.01,77,132,0,0
22,"tcell0pt3p_scored_target_seed22_label0_pep_ipspline.txt","pyIsoPEP FDR",0.01,0,132,0,0
22,"tcell10p_scored_target_seed22_label0_pep_ipspline.txt","pyIsoPEP FDR",0.01,26,132,0,0
22,"tcell1p_scored_target_seed22_label0_pep_ipspline.txt","pyIsoPEP FDR",0.01,0,132,0,0
22,"tcell30p_scored_target_seed22_label0_pep_ipspline.txt","pyIsoPEP FDR",0.01,56,132,0,0
22,"tcell3p_scored_target_seed22_label0_pep_ipspline.txt","pyIsoPEP FDR",0.01,5,132,0,0
22,"drep_tcell100p_scored_target_seed22_label0_pep_ipspline.txt","pyIsoPEP FDR",0.05,118,132,0,0
22,"tcell0pt3p_scored_target_seed22_label0_pep_ipspline.txt","pyIsoPEP FDR",0.05,30,132,0,0
22,"tcell10p_scored_target_seed22_label0_pep_ipspline.txt","pyIsoPEP FDR",0.05,71,132,0,0
22,"tcell1p_scored_target_seed22_label0_pep_ipspline.txt","pyIsoPEP FDR",0.05,13,132,0,0
22,"tcell30p_scored_target_seed22_label0_pep_ipspline.txt","pyIsoPEP FDR",0.05,97,132,0,0
22,"tcell3p_scored_target_seed22_label0_pep_ipspline.txt","pyIsoPEP FDR",0.05,47,132,0,0
23,"drep_tcell100p_scored_target_seed23_label0_pep_ipspline.txt","pyIsoPEP FDR",0.01,77,132,0,0
23,"tcell0pt3p_scored_target_seed23_label0_pep_ipspline.txt","pyIsoPEP FDR",0.01,0,132,0,0
23,"tcell10p_scored_target_seed23_label0_pep_ipspline.txt","pyIsoPEP FDR",0.01,27,132,0,0
23,"tcell1p_scored_target_seed23_label0_pep_ipspline.txt","pyIsoPEP FDR",0.01,0,132,0,0
23,"tcell30p_scored_target_seed23_label0_pep_ipspline.txt","pyIsoPEP FDR",0.01,55,132,0,0
23,"tcell3p_scored_target_seed23_label0_pep_ipspline.txt","pyIsoPEP FDR",0.01,6,132,0,0
23,"drep_tcell100p_scored_target_seed23_label0_pep_ipspline.txt","pyIsoPEP FDR",0.05,118,132,0,0
23,"tcell0pt3p_scored_target_seed23_label0_pep_ipspline.txt","pyIsoPEP FDR",0.05,32,132,0,0
23,"tcell10p_scored_target_seed23_label0_pep_ipspline.txt","pyIsoPEP FDR",0.05,69,132,0,0
23,"tcell1p_scored_target_seed23_label0_pep_ipspline.txt","pyIsoPEP FDR",0.05,13,132,0,0
23,"tcell30p_scored_target_seed23_label0_pep_ipspline.txt","pyIsoPEP FDR",0.05,97,132,0,0
23,"tcell3p_scored_target_seed23_label0_pep_ipspline.txt","pyIsoPEP FDR",0.05,49,132,0,0
24,"drep_tcell100p_scored_target_seed24_label0_pep_ipspline.txt","pyIsoPEP FDR",0.01,76,132,0,0
24,"tcell0pt3p_scored_target_seed24_label0_pep_ipspline.txt","pyIsoPEP FDR",0.01,0,132,0,0
24,"tcell10p_scored_target_seed24_label0_pep_ipspline.txt","pyIsoPEP FDR",0.01,30,132,0,0
24,"tcell1p_scored_target_seed24_label0_pep_ipspline.txt","pyIsoPEP FDR",0.01,0,132,0,0
24,"tcell30p_scored_target_seed24_label0_pep_ipspline.txt","pyIsoPEP FDR",0.01,54,132,0,0
24,"tcell3p_scored_target_seed24_label0_pep_ipspline.txt","pyIsoPEP FDR",0.01,9,132,0,0
24,"drep_tcell100p_scored_target_seed24_label0_pep_ipspline.txt","pyIsoPEP FDR",0.05,118,132,0,0
24,"tcell0pt3p_scored_target_seed24_label0_pep_ipspline.txt","pyIsoPEP FDR",0.05,32,132,0,0
24,"tcell10p_scored_target_seed24_label0_pep_ipspline.txt","pyIsoPEP FDR",0.05,71,132,0,0
24,"tcell1p_scored_target_seed24_label0_pep_ipspline.txt","pyIsoPEP FDR",0.05,19,132,0,0
24,"tcell30p_scored_target_seed24_label0_pep_ipspline.txt","pyIsoPEP FDR",0.05,96,132,0,0
24,"tcell3p_scored_target_seed24_label0_pep_ipspline.txt","pyIsoPEP FDR",0.05,54,132,0,0
25,"drep_tcell100p_scored_target_seed25_label0_pep_ipspline.txt","pyIsoPEP FDR",0.01,77,132,0,0
25,"tcell0pt3p_scored_target_seed25_label0_pep_ipspline.txt","pyIsoPEP FDR",0.01,0,132,0,0
25,"tcell10p_scored_target_seed25_label0_pep_ipspline.txt","pyIsoPEP FDR",0.01,28,132,0,0
25,"tcell1p_scored_target_seed25_label0_pep_ipspline.txt","pyIsoPEP FDR",0.01,0,132,0,0
25,"tcell30p_scored_target_seed25_label0_pep_ipspline.txt","pyIsoPEP FDR",0.01,53,132,0,0
25,"tcell3p_scored_target_seed25_label0_pep_ipspline.txt","pyIsoPEP FDR",0.01,0,132,0,0
25,"drep_tcell100p_scored_target_seed25_label0_pep_ipspline.txt","pyIsoPEP FDR",0.05,118,132,0,0
25,"tcell0pt3p_scored_target_seed25_label0_pep_ipspline.txt","pyIsoPEP FDR",0.05,35,132,0,0
25,"tcell10p_scored_target_seed25_label0_pep_ipspline.txt","pyIsoPEP FDR",0.05,71,132,0,0
25,"tcell1p_scored_target_seed25_label0_pep_ipspline.txt","pyIsoPEP FDR",0.05,24,132,0,0
25,"tcell30p_scored_target_seed25_label0_pep_ipspline.txt","pyIsoPEP FDR",0.05,96,132,0,0
25,"tcell3p_scored_target_seed25_label0_pep_ipspline.txt","pyIsoPEP FDR",0.05,48,132,0,0
26,"drep_tcell100p_scored_target_seed26_label0_pep_ipspline.txt","pyIsoPEP FDR",0.01,77,132,0,0
26,"tcell0pt3p_scored_target_seed26_label0_pep_ipspline.txt","pyIsoPEP FDR",0.01,0,132,0,0
26,"tcell10p_scored_target_seed26_label0_pep_ipspline.txt","pyIsoPEP FDR",0.01,25,132,0,0
26,"tcell1p_scored_target_seed26_label0_pep_ipspline.txt","pyIsoPEP FDR",0.01,0,132,0,0
26,"tcell30p_scored_target_seed26_label0_pep_ipspline.txt","pyIsoPEP FDR",0.01,54,132,0,0
26,"tcell3p_scored_target_seed26_label0_pep_ipspline.txt","pyIsoPEP FDR",0.01,8,132,0,0
26,"drep_tcell100p_scored_target_seed26_label0_pep_ipspline.txt","pyIsoPEP FDR",0.05,118,132,0,0
26,"tcell0pt3p_scored_target_seed26_label0_pep_ipspline.txt","pyIsoPEP FDR",0.05,31,132,0,0
26,"tcell10p_scored_target_seed26_label0_pep_ipspline.txt","pyIsoPEP FDR",0.05,69,132,0,0
26,"tcell1p_scored_target_seed26_label0_pep_ipspline.txt","pyIsoPEP FDR",0.05,13,132,0,0
26,"tcell30p_scored_target_seed26_label0_pep_ipspline.txt","pyIsoPEP FDR",0.05,96,132,0,0
26,"tcell3p_scored_target_seed26_label0_pep_ipspline.txt","pyIsoPEP FDR",0.05,51,132,0,0
27,"drep_tcell100p_scored_target_seed27_label0_pep_ipspline.txt","pyIsoPEP FDR",0.01,77,132,0,0
27,"tcell0pt3p_scored_target_seed27_label0_pep_ipspline.txt","pyIsoPEP FDR",0.01,0,132,0,0
27,"tcell10p_scored_target_seed27_label0_pep_ipspline.txt","pyIsoPEP FDR",0.01,30,132,0,0
27,"tcell1p_scored_target_seed27_label0_pep_ipspline.txt","pyIsoPEP FDR",0.01,0,132,0,0
27,"tcell30p_scored_target_seed27_label0_pep_ipspline.txt","pyIsoPEP FDR",0.01,55,132,0,0
27,"tcell3p_scored_target_seed27_label0_pep_ipspline.txt","pyIsoPEP FDR",0.01,5,132,0,0
27,"drep_tcell100p_scored_target_seed27_label0_pep_ipspline.txt","pyIsoPEP FDR",0.05,118,132,0,0
27,"tcell0pt3p_scored_target_seed27_label0_pep_ipspline.txt","pyIsoPEP FDR",0.05,30,132,0,0
27,"tcell10p_scored_target_seed27_label0_pep_ipspline.txt","pyIsoPEP FDR",0.05,73,132,0,0
27,"tcell1p_scored_target_seed27_label0_pep_ipspline.txt","pyIsoPEP FDR",0.05,9,132,0,0
27,"tcell30p_scored_target_seed27_label0_pep_ipspline.txt","pyIsoPEP FDR",0.05,97,132,0,0
27,"tcell3p_scored_target_seed27_label0_pep_ipspline.txt","pyIsoPEP FDR",0.05,48,132,0,0
28,"drep_tcell100p_scored_target_seed28_label0_pep_ipspline.txt","pyIsoPEP FDR",0.01,76,132,0,0
28,"tcell0pt3p_scored_target_seed28_label0_pep_ipspline.txt","pyIsoPEP FDR",0.01,0,132,0,0
28,"tcell10p_scored_target_seed28_label0_pep_ipspline.txt","pyIsoPEP FDR",0.01,24,132,0,0
28,"tcell1p_scored_target_seed28_label0_pep_ipspline.txt","pyIsoPEP FDR",0.01,0,132,0,0
28,"tcell30p_scored_target_seed28_label0_pep_ipspline.txt","pyIsoPEP FDR",0.01,56,132,0,0
28,"tcell3p_scored_target_seed28_label0_pep_ipspline.txt","pyIsoPEP FDR",0.01,7,132,0,0
28,"drep_tcell100p_scored_target_seed28_label0_pep_ipspline.txt","pyIsoPEP FDR",0.05,118,132,0,0
28,"tcell0pt3p_scored_target_seed28_label0_pep_ipspline.txt","pyIsoPEP FDR",0.05,30,132,0,0
28,"tcell10p_scored_target_seed28_label0_pep_ipspline.txt","pyIsoPEP FDR",0.05,69,132,0,0
28,"tcell1p_scored_target_seed28_label0_pep_ipspline.txt","pyIsoPEP FDR",0.05,24,132,0,0
28,"tcell30p_scored_target_seed28_label0_pep_ipspline.txt","pyIsoPEP FDR",0.05,97,132,0,0
28,"tcell3p_scored_target_seed28_label0_pep_ipspline.txt","pyIsoPEP FDR",0.05,51,132,0,0
29,"drep_tcell100p_scored_target_seed29_label0_pep_ipspline.txt","pyIsoPEP FDR",0.01,77,132,0,0
29,"tcell0pt3p_scored_target_seed29_label0_pep_ipspline.txt","pyIsoPEP FDR",0.01,0,132,0,0
29,"tcell10p_scored_target_seed29_label0_pep_ipspline.txt","pyIsoPEP FDR",0.01,27,132,0,0
29,"tcell1p_scored_target_seed29_label0_pep_ipspline.txt","pyIsoPEP FDR",0.01,0,132,0,0
29,"tcell30p_scored_target_seed29_label0_pep_ipspline.txt","pyIsoPEP FDR",0.01,55,132,0,0
29,"tcell3p_scored_target_seed29_label0_pep_ipspline.txt","pyIsoPEP FDR",0.01,3,132,0,0
29,"drep_tcell100p_scored_target_seed29_label0_pep_ipspline.txt","pyIsoPEP FDR",0.05,118,132,0,0
29,"tcell0pt3p_scored_target_seed29_label0_pep_ipspline.txt","pyIsoPEP FDR",0.05,36,132,0,0
29,"tcell10p_scored_target_seed29_label0_pep_ipspline.txt","pyIsoPEP FDR",0.05,71,132,0,0
29,"tcell1p_scored_target_seed29_label0_pep_ipspline.txt","pyIsoPEP FDR",0.05,7,132,0,0
29,"tcell30p_scored_target_seed29_label0_pep_ipspline.txt","pyIsoPEP FDR",0.05,97,132,0,0
29,"tcell3p_scored_target_seed29_label0_pep_ipspline.txt","pyIsoPEP FDR",0.05,47,132,0,0
30,"drep_tcell100p_scored_target_seed30_label0_pep_ipspline.txt","pyIsoPEP FDR",0.01,76,132,0,0
30,"tcell0pt3p_scored_target_seed30_label0_pep_ipspline.txt","pyIsoPEP FDR",0.01,0,132,0,0
30,"tcell10p_scored_target_seed30_label0_pep_ipspline.txt","pyIsoPEP FDR",0.01,29,132,0,0
30,"tcell1p_scored_target_seed30_label0_pep_ipspline.txt","pyIsoPEP FDR",0.01,0,132,0,0
30,"tcell30p_scored_target_seed30_label0_pep_ipspline.txt","pyIsoPEP FDR",0.01,55,132,0,0
30,"tcell3p_scored_target_seed30_label0_pep_ipspline.txt","pyIsoPEP FDR",0.01,7,132,0,0
30,"drep_tcell100p_scored_target_seed30_label0_pep_ipspline.txt","pyIsoPEP FDR",0.05,118,132,0,0
30,"tcell0pt3p_scored_target_seed30_label0_pep_ipspline.txt","pyIsoPEP FDR",0.05,35,132,0,0
30,"tcell10p_scored_target_seed30_label0_pep_ipspline.txt","pyIsoPEP FDR",0.05,71,132,0,0
30,"tcell1p_scored_target_seed30_label0_pep_ipspline.txt","pyIsoPEP FDR",0.05,9,132,0,0
30,"tcell30p_scored_target_seed30_label0_pep_ipspline.txt","pyIsoPEP FDR",0.05,97,132,0,0
30,"tcell3p_scored_target_seed30_label0_pep_ipspline.txt","pyIsoPEP FDR",0.05,51,132,0,0
31,"drep_tcell100p_scored_target_seed31_label0_pep_ipspline.txt","pyIsoPEP FDR",0.01,76,132,0,0
31,"tcell0pt3p_scored_target_seed31_label0_pep_ipspline.txt","pyIsoPEP FDR",0.01,0,132,0,0
31,"tcell10p_scored_target_seed31_label0_pep_ipspline.txt","pyIsoPEP FDR",0.01,24,132,0,0
31,"tcell1p_scored_target_seed31_label0_pep_ipspline.txt","pyIsoPEP FDR",0.01,0,132,0,0
31,"tcell30p_scored_target_seed31_label0_pep_ipspline.txt","pyIsoPEP FDR",0.01,55,132,0,0
31,"tcell3p_scored_target_seed31_label0_pep_ipspline.txt","pyIsoPEP FDR",0.01,8,132,0,0
31,"drep_tcell100p_scored_target_seed31_label0_pep_ipspline.txt","pyIsoPEP FDR",0.05,118,132,0,0
31,"tcell0pt3p_scored_target_seed31_label0_pep_ipspline.txt","pyIsoPEP FDR",0.05,39,132,0,0
31,"tcell10p_scored_target_seed31_label0_pep_ipspline.txt","pyIsoPEP FDR",0.05,69,132,0,0
31,"tcell1p_scored_target_seed31_label0_pep_ipspline.txt","pyIsoPEP FDR",0.05,14,132,0,0
31,"tcell30p_scored_target_seed31_label0_pep_ipspline.txt","pyIsoPEP FDR",0.05,97,132,0,0
31,"tcell3p_scored_target_seed31_label0_pep_ipspline.txt","pyIsoPEP FDR",0.05,51,132,0,0
32,"drep_tcell100p_scored_target_seed32_label0_pep_ipspline.txt","pyIsoPEP FDR",0.01,77,132,0,0
32,"tcell0pt3p_scored_target_seed32_label0_pep_ipspline.txt","pyIsoPEP FDR",0.01,0,132,0,0
32,"tcell10p_scored_target_seed32_label0_pep_ipspline.txt","pyIsoPEP FDR",0.01,25,132,0,0
32,"tcell1p_scored_target_seed32_label0_pep_ipspline.txt","pyIsoPEP FDR",0.01,0,132,0,0
32,"tcell30p_scored_target_seed32_label0_pep_ipspline.txt","pyIsoPEP FDR",0.01,54,132,0,0
32,"tcell3p_scored_target_seed32_label0_pep_ipspline.txt","pyIsoPEP FDR",0.01,6,132,0,0
32,"drep_tcell100p_scored_target_seed32_label0_pep_ipspline.txt","pyIsoPEP FDR",0.05,118,132,0,0
32,"tcell0pt3p_scored_target_seed32_label0_pep_ipspline.txt","pyIsoPEP FDR",0.05,38,132,0,0
32,"tcell10p_scored_target_seed32_label0_pep_ipspline.txt","pyIsoPEP FDR",0.05,71,132,0,0
32,"tcell1p_scored_target_seed32_label0_pep_ipspline.txt","pyIsoPEP FDR",0.05,19,132,0,0
32,"tcell30p_scored_target_seed32_label0_pep_ipspline.txt","pyIsoPEP FDR",0.05,97,132,0,0
32,"tcell3p_scored_target_seed32_label0_pep_ipspline.txt","pyIsoPEP FDR",0.05,53,132,0,0
33,"drep_tcell100p_scored_target_seed33_label0_pep_ipspline.txt","pyIsoPEP FDR",0.01,76,132,0,0
33,"tcell0pt3p_scored_target_seed33_label0_pep_ipspline.txt","pyIsoPEP FDR",0.01,0,132,0,0
33,"tcell10p_scored_target_seed33_label0_pep_ipspline.txt","pyIsoPEP FDR",0.01,27,132,0,0
33,"tcell1p_scored_target_seed33_label0_pep_ipspline.txt","pyIsoPEP FDR",0.01,0,132,0,0
33,"tcell30p_scored_target_seed33_label0_pep_ipspline.txt","pyIsoPEP FDR",0.01,52,132,0,0
33,"tcell3p_scored_target_seed33_label0_pep_ipspline.txt","pyIsoPEP FDR",0.01,5,132,0,0
33,"drep_tcell100p_scored_target_seed33_label0_pep_ipspline.txt","pyIsoPEP FDR",0.05,118,132,0,0
33,"tcell0pt3p_scored_target_seed33_label0_pep_ipspline.txt","pyIsoPEP FDR",0.05,36,132,0,0
33,"tcell10p_scored_target_seed33_label0_pep_ipspline.txt","pyIsoPEP FDR",0.05,71,132,0,0
33,"tcell1p_scored_target_seed33_label0_pep_ipspline.txt","pyIsoPEP FDR",0.05,5,132,0,0
33,"tcell30p_scored_target_seed33_label0_pep_ipspline.txt","pyIsoPEP FDR",0.05,96,132,0,0
33,"tcell3p_scored_target_seed33_label0_pep_ipspline.txt","pyIsoPEP FDR",0.05,48,132,0,0
34,"drep_tcell100p_scored_target_seed34_label0_pep_ipspline.txt","pyIsoPEP FDR",0.01,77,132,0,0
34,"tcell0pt3p_scored_target_seed34_label0_pep_ipspline.txt","pyIsoPEP FDR",0.01,0,132,0,0
34,"tcell10p_scored_target_seed34_label0_pep_ipspline.txt","pyIsoPEP FDR",0.01,24,132,0,0
34,"tcell1p_scored_target_seed34_label0_pep_ipspline.txt","pyIsoPEP FDR",0.01,0,132,0,0
34,"tcell30p_scored_target_seed34_label0_pep_ipspline.txt","pyIsoPEP FDR",0.01,54,132,0,0
34,"tcell3p_scored_target_seed34_label0_pep_ipspline.txt","pyIsoPEP FDR",0.01,8,132,0,0
34,"drep_tcell100p_scored_target_seed34_label0_pep_ipspline.txt","pyIsoPEP FDR",0.05,118,132,0,0
34,"tcell0pt3p_scored_target_seed34_label0_pep_ipspline.txt","pyIsoPEP FDR",0.05,33,132,0,0
34,"tcell10p_scored_target_seed34_label0_pep_ipspline.txt","pyIsoPEP FDR",0.05,67,132,0,0
34,"tcell1p_scored_target_seed34_label0_pep_ipspline.txt","pyIsoPEP FDR",0.05,18,132,0,0
34,"tcell30p_scored_target_seed34_label0_pep_ipspline.txt","pyIsoPEP FDR",0.05,97,132,0,0
34,"tcell3p_scored_target_seed34_label0_pep_ipspline.txt","pyIsoPEP FDR",0.05,52,132,0,0
35,"drep_tcell100p_scored_target_seed35_label0_pep_ipspline.txt","pyIsoPEP FDR",0.01,77,132,0,0
35,"tcell0pt3p_scored_target_seed35_label0_pep_ipspline.txt","pyIsoPEP FDR",0.01,0,132,0,0
35,"tcell10p_scored_target_seed35_label0_pep_ipspline.txt","pyIsoPEP FDR",0.01,30,132,0,0
35,"tcell1p_scored_target_seed35_label0_pep_ipspline.txt","pyIsoPEP FDR",0.01,0,132,0,0
35,"tcell30p_scored_target_seed35_label0_pep_ipspline.txt","pyIsoPEP FDR",0.01,52,132,0,0
35,"tcell3p_scored_target_seed35_label0_pep_ipspline.txt","pyIsoPEP FDR",0.01,5,132,0,0
35,"drep_tcell100p_scored_target_seed35_label0_pep_ipspline.txt","pyIsoPEP FDR",0.05,118,132,0,0
35,"tcell0pt3p_scored_target_seed35_label0_pep_ipspline.txt","pyIsoPEP FDR",0.05,31,132,0,0
35,"tcell10p_scored_target_seed35_label0_pep_ipspline.txt","pyIsoPEP FDR",0.05,70,132,0,0
35,"tcell1p_scored_target_seed35_label0_pep_ipspline.txt","pyIsoPEP FDR",0.05,5,132,0,0
35,"tcell30p_scored_target_seed35_label0_pep_ipspline.txt","pyIsoPEP FDR",0.05,96,132,0,0
35,"tcell3p_scored_target_seed35_label0_pep_ipspline.txt","pyIsoPEP FDR",0.05,49,132,0,0
36,"drep_tcell100p_scored_target_seed36_label0_pep_ipspline.txt","pyIsoPEP FDR",0.01,76,132,0,0
36,"tcell0pt3p_scored_target_seed36_label0_pep_ipspline.txt","pyIsoPEP FDR",0.01,0,132,0,0
36,"tcell10p_scored_target_seed36_label0_pep_ipspline.txt","pyIsoPEP FDR",0.01,26,132,0,0
36,"tcell1p_scored_target_seed36_label0_pep_ipspline.txt","pyIsoPEP FDR",0.01,0,132,0,0
36,"tcell30p_scored_target_seed36_label0_pep_ipspline.txt","pyIsoPEP FDR",0.01,56,132,0,0
36,"tcell3p_scored_target_seed36_label0_pep_ipspline.txt","pyIsoPEP FDR",0.01,9,132,0,0
36,"drep_tcell100p_scored_target_seed36_label0_pep_ipspline.txt","pyIsoPEP FDR",0.05,118,132,0,0
36,"tcell0pt3p_scored_target_seed36_label0_pep_ipspline.txt","pyIsoPEP FDR",0.05,29,132,0,0
36,"tcell10p_scored_target_seed36_label0_pep_ipspline.txt","pyIsoPEP FDR",0.05,70,132,0,0
36,"tcell1p_scored_target_seed36_label0_pep_ipspline.txt","pyIsoPEP FDR",0.05,22,132,0,0
36,"tcell30p_scored_target_seed36_label0_pep_ipspline.txt","pyIsoPEP FDR",0.05,97,132,0,0
36,"tcell3p_scored_target_seed36_label0_pep_ipspline.txt","pyIsoPEP FDR",0.05,56,132,0,0
37,"drep_tcell100p_scored_target_seed37_label0_pep_ipspline.txt","pyIsoPEP FDR",0.01,76,132,0,0
37,"tcell0pt3p_scored_target_seed37_label0_pep_ipspline.txt","pyIsoPEP FDR",0.01,0,132,0,0
37,"tcell10p_scored_target_seed37_label0_pep_ipspline.txt","pyIsoPEP FDR",0.01,25,132,0,0
37,"tcell1p_scored_target_seed37_label0_pep_ipspline.txt","pyIsoPEP FDR",0.01,0,132,0,0
37,"tcell30p_scored_target_seed37_label0_pep_ipspline.txt","pyIsoPEP FDR",0.01,54,132,0,0
37,"tcell3p_scored_target_seed37_label0_pep_ipspline.txt","pyIsoPEP FDR",0.01,5,132,0,0
37,"drep_tcell100p_scored_target_seed37_label0_pep_ipspline.txt","pyIsoPEP FDR",0.05,118,132,0,0
37,"tcell0pt3p_scored_target_seed37_label0_pep_ipspline.txt","pyIsoPEP FDR",0.05,31,132,0,0
37,"tcell10p_scored_target_seed37_label0_pep_ipspline.txt","pyIsoPEP FDR",0.05,70,132,0,0
37,"tcell1p_scored_target_seed37_label0_pep_ipspline.txt","pyIsoPEP FDR",0.05,7,132,0,0
37,"tcell30p_scored_target_seed37_label0_pep_ipspline.txt","pyIsoPEP FDR",0.05,96,132,0,0
37,"tcell3p_scored_target_seed37_label0_pep_ipspline.txt","pyIsoPEP FDR",0.05,48,132,0,0
38,"drep_tcell100p_scored_target_seed38_label0_pep_ipspline.txt","pyIsoPEP FDR",0.01,76,132,0,0
38,"tcell0pt3p_scored_target_seed38_label0_pep_ipspline.txt","pyIsoPEP FDR",0.01,0,132,0,0
38,"tcell10p_scored_target_seed38_label0_pep_ipspline.txt","pyIsoPEP FDR",0.01,29,132,0,0
38,"tcell1p_scored_target_seed38_label0_pep_ipspline.txt","pyIsoPEP FDR",0.01,0,132,0,0
38,"tcell30p_scored_target_seed38_label0_pep_ipspline.txt","pyIsoPEP FDR",0.01,54,132,0,0
38,"tcell3p_scored_target_seed38_label0_pep_ipspline.txt","pyIsoPEP FDR",0.01,4,132,0,0
38,"drep_tcell100p_scored_target_seed38_label0_pep_ipspline.txt","pyIsoPEP FDR",0.05,118,132,0,0
38,"tcell0pt3p_scored_target_seed38_label0_pep_ipspline.txt","pyIsoPEP FDR",0.05,30,132,0,0
38,"tcell10p_scored_target_seed38_label0_pep_ipspline.txt","pyIsoPEP FDR",0.05,70,132,0,0
38,"tcell1p_scored_target_seed38_label0_pep_ipspline.txt","pyIsoPEP FDR",0.05,18,132,0,0
38,"tcell30p_scored_target_seed38_label0_pep_ipspline.txt","pyIsoPEP FDR",0.05,96,132,0,0
38,"tcell3p_scored_target_seed38_label0_pep_ipspline.txt","pyIsoPEP FDR",0.05,51,132,0,0
39,"drep_tcell100p_scored_target_seed39_label0_pep_ipspline.txt","pyIsoPEP FDR",0.01,77,132,0,0
39,"tcell0pt3p_scored_target_seed39_label0_pep_ipspline.txt","pyIsoPEP FDR",0.01,0,132,0,0
39,"tcell10p_scored_target_seed39_label0_pep_ipspline.txt","pyIsoPEP FDR",0.01,28,132,0,0
39,"tcell1p_scored_target_seed39_label0_pep_ipspline.txt","pyIsoPEP FDR",0.01,0,132,0,0
39,"tcell30p_scored_target_seed39_label0_pep_ipspline.txt","pyIsoPEP FDR",0.01,52,132,0,0
39,"tcell3p_scored_target_seed39_label0_pep_ipspline.txt","pyIsoPEP FDR",0.01,6,132,0,0
39,"drep_tcell100p_scored_target_seed39_label0_pep_ipspline.txt","pyIsoPEP FDR",0.05,118,132,0,0
39,"tcell0pt3p_scored_target_seed39_label0_pep_ipspline.txt","pyIsoPEP FDR",0.05,36,132,0,0
39,"tcell10p_scored_target_seed39_label0_pep_ipspline.txt","pyIsoPEP FDR",0.05,71,132,0,0
39,"tcell1p_scored_target_seed39_label0_pep_ipspline.txt","pyIsoPEP FDR",0.05,14,132,0,0
39,"tcell30p_scored_target_seed39_label0_pep_ipspline.txt","pyIsoPEP FDR",0.05,96,132,0,0
39,"tcell3p_scored_target_seed39_label0_pep_ipspline.txt","pyIsoPEP FDR",0.05,50,132,0,0
40,"drep_tcell100p_scored_target_seed40_label0_pep_ipspline.txt","pyIsoPEP FDR",0.01,77,132,0,0
40,"tcell0pt3p_scored_target_seed40_label0_pep_ipspline.txt","pyIsoPEP FDR",0.01,0,132,0,0
40,"tcell10p_scored_target_seed40_label0_pep_ipspline.txt","pyIsoPEP FDR",0.01,24,132,0,0
40,"tcell1p_scored_target_seed40_label0_pep_ipspline.txt","pyIsoPEP FDR",0.01,0,132,0,0
40,"tcell30p_scored_target_seed40_label0_pep_ipspline.txt","pyIsoPEP FDR",0.01,56,132,0,0
40,"tcell3p_scored_target_seed40_label0_pep_ipspline.txt","pyIsoPEP FDR",0.01,9,132,0,0
40,"drep_tcell100p_scored_target_seed40_label0_pep_ipspline.txt","pyIsoPEP FDR",0.05,118,132,0,0
40,"tcell0pt3p_scored_target_seed40_label0_pep_ipspline.txt","pyIsoPEP FDR",0.05,28,132,0,0
40,"tcell10p_scored_target_seed40_label0_pep_ipspline.txt","pyIsoPEP FDR",0.05,68,132,0,0
40,"tcell1p_scored_target_seed40_label0_pep_ipspline.txt","pyIsoPEP FDR",0.05,23,132,0,0
40,"tcell30p_scored_target_seed40_label0_pep_ipspline.txt","pyIsoPEP FDR",0.05,97,132,0,0
40,"tcell3p_scored_target_seed40_label0_pep_ipspline.txt","pyIsoPEP FDR",0.05,50,132,0,0
41,"drep_tcell100p_scored_target_seed41_label0_pep_ipspline.txt","pyIsoPEP FDR",0.01,77,132,0,0
41,"tcell0pt3p_scored_target_seed41_label0_pep_ipspline.txt","pyIsoPEP FDR",0.01,0,132,0,0
41,"tcell10p_scored_target_seed41_label0_pep_ipspline.txt","pyIsoPEP FDR",0.01,28,132,0,0
41,"tcell1p_scored_target_seed41_label0_pep_ipspline.txt","pyIsoPEP FDR",0.01,0,132,0,0
41,"tcell30p_scored_target_seed41_label0_pep_ipspline.txt","pyIsoPEP FDR",0.01,54,132,0,0
41,"tcell3p_scored_target_seed41_label0_pep_ipspline.txt","pyIsoPEP FDR",0.01,6,132,0,0
41,"drep_tcell100p_scored_target_seed41_label0_pep_ipspline.txt","pyIsoPEP FDR",0.05,118,132,0,0
41,"tcell0pt3p_scored_target_seed41_label0_pep_ipspline.txt","pyIsoPEP FDR",0.05,33,132,0,0
41,"tcell10p_scored_target_seed41_label0_pep_ipspline.txt","pyIsoPEP FDR",0.05,69,132,0,0
41,"tcell1p_scored_target_seed41_label0_pep_ipspline.txt","pyIsoPEP FDR",0.05,13,132,0,0
41,"tcell30p_scored_target_seed41_label0_pep_ipspline.txt","pyIsoPEP FDR",0.05,96,132,0,0
41,"tcell3p_scored_target_seed41_label0_pep_ipspline.txt","pyIsoPEP FDR",0.05,48,132,0,0
42,"drep_tcell100p_scored_target_seed42_label0_pep_ipspline.txt","pyIsoPEP FDR",0.01,76,132,0,0
42,"tcell0pt3p_scored_target_seed42_label0_pep_ipspline.txt","pyIsoPEP FDR",0.01,0,132,0,0
42,"tcell10p_scored_target_seed42_label0_pep_ipspline.txt","pyIsoPEP FDR",0.01,28,132,0,0
42,"tcell1p_scored_target_seed42_label0_pep_ipspline.txt","pyIsoPEP FDR",0.01,0,132,0,0
42,"tcell30p_scored_target_seed42_label0_pep_ipspline.txt","pyIsoPEP FDR",0.01,54,132,0,0
42,"tcell3p_scored_target_seed42_label0_pep_ipspline.txt","pyIsoPEP FDR",0.01,2,132,0,0
42,"drep_tcell100p_scored_target_seed42_label0_pep_ipspline.txt","pyIsoPEP FDR",0.05,118,132,0,0
42,"tcell0pt3p_scored_target_seed42_label0_pep_ipspline.txt","pyIsoPEP FDR",0.05,35,132,0,0
42,"tcell10p_scored_target_seed42_label0_pep_ipspline.txt","pyIsoPEP FDR",0.05,70,132,0,0
42,"tcell1p_scored_target_seed42_label0_pep_ipspline.txt","pyIsoPEP FDR",0.05,13,132,0,0
42,"tcell30p_scored_target_seed42_label0_pep_ipspline.txt","pyIsoPEP FDR",0.05,97,132,0,0
42,"tcell3p_scored_target_seed42_label0_pep_ipspline.txt","pyIsoPEP FDR",0.05,45,132,0,0
43,"drep_tcell100p_scored_target_seed43_label0_pep_ipspline.txt","pyIsoPEP FDR",0.01,76,132,0,0
43,"tcell0pt3p_scored_target_seed43_label0_pep_ipspline.txt","pyIsoPEP FDR",0.01,0,132,0,0
43,"tcell10p_scored_target_seed43_label0_pep_ipspline.txt","pyIsoPEP FDR",0.01,27,132,0,0
43,"tcell1p_scored_target_seed43_label0_pep_ipspline.txt","pyIsoPEP FDR",0.01,0,132,0,0
43,"tcell30p_scored_target_seed43_label0_pep_ipspline.txt","pyIsoPEP FDR",0.01,56,132,0,0
43,"tcell3p_scored_target_seed43_label0_pep_ipspline.txt","pyIsoPEP FDR",0.01,6,132,0,0
43,"drep_tcell100p_scored_target_seed43_label0_pep_ipspline.txt","pyIsoPEP FDR",0.05,118,132,0,0
43,"tcell0pt3p_scored_target_seed43_label0_pep_ipspline.txt","pyIsoPEP FDR",0.05,27,132,0,0
43,"tcell10p_scored_target_seed43_label0_pep_ipspline.txt","pyIsoPEP FDR",0.05,71,132,0,0
43,"tcell1p_scored_target_seed43_label0_pep_ipspline.txt","pyIsoPEP FDR",0.05,18,132,0,0
43,"tcell30p_scored_target_seed43_label0_pep_ipspline.txt","pyIsoPEP FDR",0.05,97,132,0,0
43,"tcell3p_scored_target_seed43_label0_pep_ipspline.txt","pyIsoPEP FDR",0.05,50,132,0,0
44,"drep_tcell100p_scored_target_seed44_label0_pep_ipspline.txt","pyIsoPEP FDR",0.01,77,132,0,0
44,"tcell0pt3p_scored_target_seed44_label0_pep_ipspline.txt","pyIsoPEP FDR",0.01,0,132,0,0
44,"tcell10p_scored_target_seed44_label0_pep_ipspline.txt","pyIsoPEP FDR",0.01,21,132,0,0
44,"tcell1p_scored_target_seed44_label0_pep_ipspline.txt","pyIsoPEP FDR",0.01,0,132,0,0
44,"tcell30p_scored_target_seed44_label0_pep_ipspline.txt","pyIsoPEP FDR",0.01,55,132,0,0
44,"tcell3p_scored_target_seed44_label0_pep_ipspline.txt","pyIsoPEP FDR",0.01,5,132,0,0
44,"drep_tcell100p_scored_target_seed44_label0_pep_ipspline.txt","pyIsoPEP FDR",0.05,118,132,0,0
44,"tcell0pt3p_scored_target_seed44_label0_pep_ipspline.txt","pyIsoPEP FDR",0.05,28,132,0,0
44,"tcell10p_scored_target_seed44_label0_pep_ipspline.txt","pyIsoPEP FDR",0.05,69,132,0,0
44,"tcell1p_scored_target_seed44_label0_pep_ipspline.txt","pyIsoPEP FDR",0.05,19,132,0,0
44,"tcell30p_scored_target_seed44_label0_pep_ipspline.txt","pyIsoPEP FDR",0.05,97,132,0,0
44,"tcell3p_scored_target_seed44_label0_pep_ipspline.txt","pyIsoPEP FDR",0.05,50,132,0,0
45,"drep_tcell100p_scored_target_seed45_label0_pep_ipspline.txt","pyIsoPEP FDR",0.01,76,132,0,0
45,"tcell0pt3p_scored_target_seed45_label0_pep_ipspline.txt","pyIsoPEP FDR",0.01,0,132,0,0
45,"tcell10p_scored_target_seed45_label0_pep_ipspline.txt","pyIsoPEP FDR",0.01,27,132,0,0
45,"tcell1p_scored_target_seed45_label0_pep_ipspline.txt","pyIsoPEP FDR",0.01,0,132,0,0
45,"tcell30p_scored_target_seed45_label0_pep_ipspline.txt","pyIsoPEP FDR",0.01,56,132,0,0
45,"tcell3p_scored_target_seed45_label0_pep_ipspline.txt","pyIsoPEP FDR",0.01,8,132,0,0
45,"drep_tcell100p_scored_target_seed45_label0_pep_ipspline.txt","pyIsoPEP FDR",0.05,118,132,0,0
45,"tcell0pt3p_scored_target_seed45_label0_pep_ipspline.txt","pyIsoPEP FDR",0.05,35,132,0,0
45,"tcell10p_scored_target_seed45_label0_pep_ipspline.txt","pyIsoPEP FDR",0.05,70,132,0,0
45,"tcell1p_scored_target_seed45_label0_pep_ipspline.txt","pyIsoPEP FDR",0.05,20,132,0,0
45,"tcell30p_scored_target_seed45_label0_pep_ipspline.txt","pyIsoPEP FDR",0.05,97,132,0,0
45,"tcell3p_scored_target_seed45_label0_pep_ipspline.txt","pyIsoPEP FDR",0.05,53,132,0,0
46,"drep_tcell100p_scored_target_seed46_label0_pep_ipspline.txt","pyIsoPEP FDR",0.01,76,132,0,0
46,"tcell0pt3p_scored_target_seed46_label0_pep_ipspline.txt","pyIsoPEP FDR",0.01,0,132,0,0
46,"tcell10p_scored_target_seed46_label0_pep_ipspline.txt","pyIsoPEP FDR",0.01,27,132,0,0
46,"tcell1p_scored_target_seed46_label0_pep_ipspline.txt","pyIsoPEP FDR",0.01,0,132,0,0
46,"tcell30p_scored_target_seed46_label0_pep_ipspline.txt","pyIsoPEP FDR",0.01,53,132,0,0
46,"tcell3p_scored_target_seed46_label0_pep_ipspline.txt","pyIsoPEP FDR",0.01,0,132,0,0
46,"drep_tcell100p_scored_target_seed46_label0_pep_ipspline.txt","pyIsoPEP FDR",0.05,118,132,0,0
46,"tcell0pt3p_scored_target_seed46_label0_pep_ipspline.txt","pyIsoPEP FDR",0.05,43,132,0,0
46,"tcell10p_scored_target_seed46_label0_pep_ipspline.txt","pyIsoPEP FDR",0.05,69,132,0,0
46,"tcell1p_scored_target_seed46_label0_pep_ipspline.txt","pyIsoPEP FDR",0.05,9,132,0,0
46,"tcell30p_scored_target_seed46_label0_pep_ipspline.txt","pyIsoPEP FDR",0.05,97,132,0,0
46,"tcell3p_scored_target_seed46_label0_pep_ipspline.txt","pyIsoPEP FDR",0.05,49,132,0,0
47,"drep_tcell100p_scored_target_seed47_label0_pep_ipspline.txt","pyIsoPEP FDR",0.01,76,132,0,0
47,"tcell0pt3p_scored_target_seed47_label0_pep_ipspline.txt","pyIsoPEP FDR",0.01,0,132,0,0
47,"tcell10p_scored_target_seed47_label0_pep_ipspline.txt","pyIsoPEP FDR",0.01,26,132,0,0
47,"tcell1p_scored_target_seed47_label0_pep_ipspline.txt","pyIsoPEP FDR",0.01,0,132,0,0
47,"tcell30p_scored_target_seed47_label0_pep_ipspline.txt","pyIsoPEP FDR",0.01,55,132,0,0
47,"tcell3p_scored_target_seed47_label0_pep_ipspline.txt","pyIsoPEP FDR",0.01,5,132,0,0
47,"drep_tcell100p_scored_target_seed47_label0_pep_ipspline.txt","pyIsoPEP FDR",0.05,118,132,0,0
47,"tcell0pt3p_scored_target_seed47_label0_pep_ipspline.txt","pyIsoPEP FDR",0.05,37,132,0,0
47,"tcell10p_scored_target_seed47_label0_pep_ipspline.txt","pyIsoPEP FDR",0.05,70,132,0,0
47,"tcell1p_scored_target_seed47_label0_pep_ipspline.txt","pyIsoPEP FDR",0.05,9,132,0,0
47,"tcell30p_scored_target_seed47_label0_pep_ipspline.txt","pyIsoPEP FDR",0.05,97,132,0,0
47,"tcell3p_scored_target_seed47_label0_pep_ipspline.txt","pyIsoPEP FDR",0.05,46,132,0,0
48,"drep_tcell100p_scored_target_seed48_label0_pep_ipspline.txt","pyIsoPEP FDR",0.01,77,132,0,0
48,"tcell0pt3p_scored_target_seed48_label0_pep_ipspline.txt","pyIsoPEP FDR",0.01,0,132,0,0
48,"tcell10p_scored_target_seed48_label0_pep_ipspline.txt","pyIsoPEP FDR",0.01,27,132,0,0
48,"tcell1p_scored_target_seed48_label0_pep_ipspline.txt","pyIsoPEP FDR",0.01,0,132,0,0
48,"tcell30p_scored_target_seed48_label0_pep_ipspline.txt","pyIsoPEP FDR",0.01,53,132,0,0
48,"tcell3p_scored_target_seed48_label0_pep_ipspline.txt","pyIsoPEP FDR",0.01,8,132,0,0
48,"drep_tcell100p_scored_target_seed48_label0_pep_ipspline.txt","pyIsoPEP FDR",0.05,117,132,0,0
48,"tcell0pt3p_scored_target_seed48_label0_pep_ipspline.txt","pyIsoPEP FDR",0.05,38,132,0,0
48,"tcell10p_scored_target_seed48_label0_pep_ipspline.txt","pyIsoPEP FDR",0.05,71,132,0,0
48,"tcell1p_scored_target_seed48_label0_pep_ipspline.txt","pyIsoPEP FDR",0.05,5,132,0,0
48,"tcell30p_scored_target_seed48_label0_pep_ipspline.txt","pyIsoPEP FDR",0.05,95,132,0,0
48,"tcell3p_scored_target_seed48_label0_pep_ipspline.txt","pyIsoPEP FDR",0.05,49,132,0,0
49,"drep_tcell100p_scored_target_seed49_label0_pep_ipspline.txt","pyIsoPEP FDR",0.01,77,132,0,0
49,"tcell0pt3p_scored_target_seed49_label0_pep_ipspline.txt","pyIsoPEP FDR",0.01,0,132,0,0
49,"tcell10p_scored_target_seed49_label0_pep_ipspline.txt","pyIsoPEP FDR",0.01,29,132,0,0
49,"tcell1p_scored_target_seed49_label0_pep_ipspline.txt","pyIsoPEP FDR",0.01,0,132,0,0
49,"tcell30p_scored_target_seed49_label0_pep_ipspline.txt","pyIsoPEP FDR",0.01,57,132,0,0
49,"tcell3p_scored_target_seed49_label0_pep_ipspline.txt","pyIsoPEP FDR",0.01,6,132,0,0
49,"drep_tcell100p_scored_target_seed49_label0_pep_ipspline.txt","pyIsoPEP FDR",0.05,118,132,0,0
49,"tcell0pt3p_scored_target_seed49_label0_pep_ipspline.txt","pyIsoPEP FDR",0.05,32,132,0,0
49,"tcell10p_scored_target_seed49_label0_pep_ipspline.txt","pyIsoPEP FDR",0.05,70,132,0,0
49,"tcell1p_scored_target_seed49_label0_pep_ipspline.txt","pyIsoPEP FDR",0.05,25,132,0,0
49,"tcell30p_scored_target_seed49_label0_pep_ipspline.txt","pyIsoPEP FDR",0.05,97,132,0,0
49,"tcell3p_scored_target_seed49_label0_pep_ipspline.txt","pyIsoPEP FDR",0.05,49,132,0,0
50,"drep_tcell100p_scored_target_seed50_label0_pep_ipspline.txt","pyIsoPEP FDR",0.01,77,132,0,0
50,"tcell0pt3p_scored_target_seed50_label0_pep_ipspline.txt","pyIsoPEP FDR",0.01,0,132,0,0
50,"tcell10p_scored_target_seed50_label0_pep_ipspline.txt","pyIsoPEP FDR",0.01,23,132,0,0
50,"tcell1p_scored_target_seed50_label0_pep_ipspline.txt","pyIsoPEP FDR",0.01,0,132,0,0
50,"tcell30p_scored_target_seed50_label0_pep_ipspline.txt","pyIsoPEP FDR",0.01,55,132,0,0
50,"tcell3p_scored_target_seed50_label0_pep_ipspline.txt","pyIsoPEP FDR",0.01,3,132,0,0
50,"drep_tcell100p_scored_target_seed50_label0_pep_ipspline.txt","pyIsoPEP FDR",0.05,118,132,0,0
50,"tcell0pt3p_scored_target_seed50_label0_pep_ipspline.txt","pyIsoPEP FDR",0.05,35,132,0,0
50,"tcell10p_scored_target_seed50_label0_pep_ipspline.txt","pyIsoPEP FDR",0.05,70,132,0,0
50,"tcell1p_scored_target_seed50_label0_pep_ipspline.txt","pyIsoPEP FDR",0.05,11,132,0,0
50,"tcell30p_scored_target_seed50_label0_pep_ipspline.txt","pyIsoPEP FDR",0.05,96,132,0,0
50,"tcell3p_scored_target_seed50_label0_pep_ipspline.txt","pyIsoPEP FDR",0.05,47,132,0,0
51,"drep_tcell100p_scored_target_seed51_label0_pep_ipspline.txt","pyIsoPEP FDR",0.01,76,132,0,0
51,"tcell0pt3p_scored_target_seed51_label0_pep_ipspline.txt","pyIsoPEP FDR",0.01,0,132,0,0
51,"tcell10p_scored_target_seed51_label0_pep_ipspline.txt","pyIsoPEP FDR",0.01,29,132,0,0
51,"tcell1p_scored_target_seed51_label0_pep_ipspline.txt","pyIsoPEP FDR",0.01,0,132,0,0
51,"tcell30p_scored_target_seed51_label0_pep_ipspline.txt","pyIsoPEP FDR",0.01,55,132,0,0
51,"tcell3p_scored_target_seed51_label0_pep_ipspline.txt","pyIsoPEP FDR",0.01,5,132,0,0
51,"drep_tcell100p_scored_target_seed51_label0_pep_ipspline.txt","pyIsoPEP FDR",0.05,118,132,0,0
51,"tcell0pt3p_scored_target_seed51_label0_pep_ipspline.txt","pyIsoPEP FDR",0.05,28,132,0,0
51,"tcell10p_scored_target_seed51_label0_pep_ipspline.txt","pyIsoPEP FDR",0.05,70,132,0,0
51,"tcell1p_scored_target_seed51_label0_pep_ipspline.txt","pyIsoPEP FDR",0.05,16,132,0,0
51,"tcell30p_scored_target_seed51_label0_pep_ipspline.txt","pyIsoPEP FDR",0.05,97,132,0,0
51,"tcell3p_scored_target_seed51_label0_pep_ipspline.txt","pyIsoPEP FDR",0.05,52,132,0,0
52,"drep_tcell100p_scored_target_seed52_label0_pep_ipspline.txt","pyIsoPEP FDR",0.01,76,132,0,0
52,"tcell0pt3p_scored_target_seed52_label0_pep_ipspline.txt","pyIsoPEP FDR",0.01,0,132,0,0
52,"tcell10p_scored_target_seed52_label0_pep_ipspline.txt","pyIsoPEP FDR",0.01,26,132,0,0
52,"tcell1p_scored_target_seed52_label0_pep_ipspline.txt","pyIsoPEP FDR",0.01,0,132,0,0
52,"tcell30p_scored_target_seed52_label0_pep_ipspline.txt","pyIsoPEP FDR",0.01,54,132,0,0
52,"tcell3p_scored_target_seed52_label0_pep_ipspline.txt","pyIsoPEP FDR",0.01,6,132,0,0
52,"drep_tcell100p_scored_target_seed52_label0_pep_ipspline.txt","pyIsoPEP FDR",0.05,118,132,0,0
52,"tcell0pt3p_scored_target_seed52_label0_pep_ipspline.txt","pyIsoPEP FDR",0.05,27,132,0,0
52,"tcell10p_scored_target_seed52_label0_pep_ipspline.txt","pyIsoPEP FDR",0.05,69,132,0,0
52,"tcell1p_scored_target_seed52_label0_pep_ipspline.txt","pyIsoPEP FDR",0.05,30,132,0,0
52,"tcell30p_scored_target_seed52_label0_pep_ipspline.txt","pyIsoPEP FDR",0.05,97,132,0,0
52,"tcell3p_scored_target_seed52_label0_pep_ipspline.txt","pyIsoPEP FDR",0.05,48,132,0,0
53,"drep_tcell100p_scored_target_seed53_label0_pep_ipspline.txt","pyIsoPEP FDR",0.01,76,132,0,0
53,"tcell0pt3p_scored_target_seed53_label0_pep_ipspline.txt","pyIsoPEP FDR",0.01,0,132,0,0
53,"tcell10p_scored_target_seed53_label0_pep_ipspline.txt","pyIsoPEP FDR",0.01,29,132,0,0
53,"tcell1p_scored_target_seed53_label0_pep_ipspline.txt","pyIsoPEP FDR",0.01,0,132,0,0
53,"tcell30p_scored_target_seed53_label0_pep_ipspline.txt","pyIsoPEP FDR",0.01,57,132,0,0
53,"tcell3p_scored_target_seed53_label0_pep_ipspline.txt","pyIsoPEP FDR",0.01,0,132,0,0
53,"drep_tcell100p_scored_target_seed53_label0_pep_ipspline.txt","pyIsoPEP FDR",0.05,118,132,0,0
53,"tcell0pt3p_scored_target_seed53_label0_pep_ipspline.txt","pyIsoPEP FDR",0.05,33,132,0,0
53,"tcell10p_scored_target_seed53_label0_pep_ipspline.txt","pyIsoPEP FDR",0.05,71,132,0,0
53,"tcell1p_scored_target_seed53_label0_pep_ipspline.txt","pyIsoPEP FDR",0.05,19,132,0,0
53,"tcell30p_scored_target_seed53_label0_pep_ipspline.txt","pyIsoPEP FDR",0.05,97,132,0,0
53,"tcell3p_scored_target_seed53_label0_pep_ipspline.txt","pyIsoPEP FDR",0.05,44,132,0,0
54,"drep_tcell100p_scored_target_seed54_label0_pep_ipspline.txt","pyIsoPEP FDR",0.01,76,132,0,0
54,"tcell0pt3p_scored_target_seed54_label0_pep_ipspline.txt","pyIsoPEP FDR",0.01,0,132,0,0
54,"tcell10p_scored_target_seed54_label0_pep_ipspline.txt","pyIsoPEP FDR",0.01,28,132,0,0
54,"tcell1p_scored_target_seed54_label0_pep_ipspline.txt","pyIsoPEP FDR",0.01,0,132,0,0
54,"tcell30p_scored_target_seed54_label0_pep_ipspline.txt","pyIsoPEP FDR",0.01,53,132,0,0
54,"tcell3p_scored_target_seed54_label0_pep_ipspline.txt","pyIsoPEP FDR",0.01,6,132,0,0
54,"drep_tcell100p_scored_target_seed54_label0_pep_ipspline.txt","pyIsoPEP FDR",0.05,118,132,0,0
54,"tcell0pt3p_scored_target_seed54_label0_pep_ipspline.txt","pyIsoPEP FDR",0.05,33,132,0,0
54,"tcell10p_scored_target_seed54_label0_pep_ipspline.txt","pyIsoPEP FDR",0.05,69,132,0,0
54,"tcell1p_scored_target_seed54_label0_pep_ipspline.txt","pyIsoPEP FDR",0.05,17,132,0,0
54,"tcell30p_scored_target_seed54_label0_pep_ipspline.txt","pyIsoPEP FDR",0.05,97,132,0,0
54,"tcell3p_scored_target_seed54_label0_pep_ipspline.txt","pyIsoPEP FDR",0.05,52,132,0,0
55,"drep_tcell100p_scored_target_seed55_label0_pep_ipspline.txt","pyIsoPEP FDR",0.01,76,132,0,0
55,"tcell0pt3p_scored_target_seed55_label0_pep_ipspline.txt","pyIsoPEP FDR",0.01,0,132,0,0
55,"tcell10p_scored_target_seed55_label0_pep_ipspline.txt","pyIsoPEP FDR",0.01,29,132,0,0
55,"tcell1p_scored_target_seed55_label0_pep_ipspline.txt","pyIsoPEP FDR",0.01,0,132,0,0
55,"tcell30p_scored_target_seed55_label0_pep_ipspline.txt","pyIsoPEP FDR",0.01,53,132,0,0
55,"tcell3p_scored_target_seed55_label0_pep_ipspline.txt","pyIsoPEP FDR",0.01,6,132,0,0
55,"drep_tcell100p_scored_target_seed55_label0_pep_ipspline.txt","pyIsoPEP FDR",0.05,118,132,0,0
55,"tcell0pt3p_scored_target_seed55_label0_pep_ipspline.txt","pyIsoPEP FDR",0.05,30,132,0,0
55,"tcell10p_scored_target_seed55_label0_pep_ipspline.txt","pyIsoPEP FDR",0.05,70,132,0,0
55,"tcell1p_scored_target_seed55_label0_pep_ipspline.txt","pyIsoPEP FDR",0.05,11,132,0,0
55,"tcell30p_scored_target_seed55_label0_pep_ipspline.txt","pyIsoPEP FDR",0.05,96,132,0,0
55,"tcell3p_scored_target_seed55_label0_pep_ipspline.txt","pyIsoPEP FDR",0.05,48,132,0,0
56,"drep_tcell100p_scored_target_seed56_label0_pep_ipspline.txt","pyIsoPEP FDR",0.01,77,132,0,0
56,"tcell0pt3p_scored_target_seed56_label0_pep_ipspline.txt","pyIsoPEP FDR",0.01,0,132,0,0
56,"tcell10p_scored_target_seed56_label0_pep_ipspline.txt","pyIsoPEP FDR",0.01,28,132,0,0
56,"tcell1p_scored_target_seed56_label0_pep_ipspline.txt","pyIsoPEP FDR",0.01,0,132,0,0
56,"tcell30p_scored_target_seed56_label0_pep_ipspline.txt","pyIsoPEP FDR",0.01,54,132,0,0
56,"tcell3p_scored_target_seed56_label0_pep_ipspline.txt","pyIsoPEP FDR",0.01,5,132,0,0
56,"drep_tcell100p_scored_target_seed56_label0_pep_ipspline.txt","pyIsoPEP FDR",0.05,118,132,0,0
56,"tcell0pt3p_scored_target_seed56_label0_pep_ipspline.txt","pyIsoPEP FDR",0.05,33,132,0,0
56,"tcell10p_scored_target_seed56_label0_pep_ipspline.txt","pyIsoPEP FDR",0.05,71,132,0,0
56,"tcell1p_scored_target_seed56_label0_pep_ipspline.txt","pyIsoPEP FDR",0.05,19,132,0,0
56,"tcell30p_scored_target_seed56_label0_pep_ipspline.txt","pyIsoPEP FDR",0.05,96,132,0,0
56,"tcell3p_scored_target_seed56_label0_pep_ipspline.txt","pyIsoPEP FDR",0.05,48,132,0,0
57,"drep_tcell100p_scored_target_seed57_label0_pep_ipspline.txt","pyIsoPEP FDR",0.01,76,132,0,0
57,"tcell0pt3p_scored_target_seed57_label0_pep_ipspline.txt","pyIsoPEP FDR",0.01,0,132,0,0
57,"tcell10p_scored_target_seed57_label0_pep_ipspline.txt","pyIsoPEP FDR",0.01,24,132,0,0
57,"tcell1p_scored_target_seed57_label0_pep_ipspline.txt","pyIsoPEP FDR",0.01,0,132,0,0
57,"tcell30p_scored_target_seed57_label0_pep_ipspline.txt","pyIsoPEP FDR",0.01,56,132,0,0
57,"tcell3p_scored_target_seed57_label0_pep_ipspline.txt","pyIsoPEP FDR",0.01,11,132,0,0
57,"drep_tcell100p_scored_target_seed57_label0_pep_ipspline.txt","pyIsoPEP FDR",0.05,118,132,0,0
57,"tcell0pt3p_scored_target_seed57_label0_pep_ipspline.txt","pyIsoPEP FDR",0.05,31,132,0,0
57,"tcell10p_scored_target_seed57_label0_pep_ipspline.txt","pyIsoPEP FDR",0.05,66,132,0,0
57,"tcell1p_scored_target_seed57_label0_pep_ipspline.txt","pyIsoPEP FDR",0.05,19,132,0,0
57,"tcell30p_scored_target_seed57_label0_pep_ipspline.txt","pyIsoPEP FDR",0.05,97,132,0,0
57,"tcell3p_scored_target_seed57_label0_pep_ipspline.txt","pyIsoPEP FDR",0.05,55,132,0,0
58,"drep_tcell100p_scored_target_seed58_label0_pep_ipspline.txt","pyIsoPEP FDR",0.01,76,132,0,0
58,"tcell0pt3p_scored_target_seed58_label0_pep_ipspline.txt","pyIsoPEP FDR",0.01,0,132,0,0
58,"tcell10p_scored_target_seed58_label0_pep_ipspline.txt","pyIsoPEP FDR",0.01,27,132,0,0
58,"tcell1p_scored_target_seed58_label0_pep_ipspline.txt","pyIsoPEP FDR",0.01,0,132,0,0
58,"tcell30p_scored_target_seed58_label0_pep_ipspline.txt","pyIsoPEP FDR",0.01,55,132,0,0
58,"tcell3p_scored_target_seed58_label0_pep_ipspline.txt","pyIsoPEP FDR",0.01,8,132,0,0
58,"drep_tcell100p_scored_target_seed58_label0_pep_ipspline.txt","pyIsoPEP FDR",0.05,118,132,0,0
58,"tcell0pt3p_scored_target_seed58_label0_pep_ipspline.txt","pyIsoPEP FDR",0.05,37,132,0,0
58,"tcell10p_scored_target_seed58_label0_pep_ipspline.txt","pyIsoPEP FDR",0.05,71,132,0,0
58,"tcell1p_scored_target_seed58_label0_pep_ipspline.txt","pyIsoPEP FDR",0.05,18,132,0,0
58,"tcell30p_scored_target_seed58_label0_pep_ipspline.txt","pyIsoPEP FDR",0.05,97,132,0,0
58,"tcell3p_scored_target_seed58_label0_pep_ipspline.txt","pyIsoPEP FDR",0.05,53,132,0,0
59,"drep_tcell100p_scored_target_seed59_label0_pep_ipspline.txt","pyIsoPEP FDR",0.01,77,132,0,0
59,"tcell0pt3p_scored_target_seed59_label0_pep_ipspline.txt","pyIsoPEP FDR",0.01,0,132,0,0
59,"tcell10p_scored_target_seed59_label0_pep_ipspline.txt","pyIsoPEP FDR",0.01,24,132,0,0
59,"tcell1p_scored_target_seed59_label0_pep_ipspline.txt","pyIsoPEP FDR",0.01,0,132,0,0
59,"tcell30p_scored_target_seed59_label0_pep_ipspline.txt","pyIsoPEP FDR",0.01,53,132,0,0
59,"tcell3p_scored_target_seed59_label0_pep_ipspline.txt","pyIsoPEP FDR",0.01,3,132,0,0
59,"drep_tcell100p_scored_target_seed59_label0_pep_ipspline.txt","pyIsoPEP FDR",0.05,118,132,0,0
59,"tcell0pt3p_scored_target_seed59_label0_pep_ipspline.txt","pyIsoPEP FDR",0.05,37,132,0,0
59,"tcell10p_scored_target_seed59_label0_pep_ipspline.txt","pyIsoPEP FDR",0.05,67,132,0,0
59,"tcell1p_scored_target_seed59_label0_pep_ipspline.txt","pyIsoPEP FDR",0.05,22,132,0,0
59,"tcell30p_scored_target_seed59_label0_pep_ipspline.txt","pyIsoPEP FDR",0.05,95,132,0,0
59,"tcell3p_scored_target_seed59_label0_pep_ipspline.txt","pyIsoPEP FDR",0.05,45,132,0,0
60,"drep_tcell100p_scored_target_seed60_label0_pep_ipspline.txt","pyIsoPEP FDR",0.01,77,132,0,0
60,"tcell0pt3p_scored_target_seed60_label0_pep_ipspline.txt","pyIsoPEP FDR",0.01,0,132,0,0
60,"tcell10p_scored_target_seed60_label0_pep_ipspline.txt","pyIsoPEP FDR",0.01,27,132,0,0
60,"tcell1p_scored_target_seed60_label0_pep_ipspline.txt","pyIsoPEP FDR",0.01,0,132,0,0
60,"tcell30p_scored_target_seed60_label0_pep_ipspline.txt","pyIsoPEP FDR",0.01,56,132,0,0
60,"tcell3p_scored_target_seed60_label0_pep_ipspline.txt","pyIsoPEP FDR",0.01,7,132,0,0
60,"drep_tcell100p_scored_target_seed60_label0_pep_ipspline.txt","pyIsoPEP FDR",0.05,117,132,0,0
60,"tcell0pt3p_scored_target_seed60_label0_pep_ipspline.txt","pyIsoPEP FDR",0.05,30,132,0,0
60,"tcell10p_scored_target_seed60_label0_pep_ipspline.txt","pyIsoPEP FDR",0.05,71,132,0,0
60,"tcell1p_scored_target_seed60_label0_pep_ipspline.txt","pyIsoPEP FDR",0.05,3,132,0,0
60,"tcell30p_scored_target_seed60_label0_pep_ipspline.txt","pyIsoPEP FDR",0.05,97,132,0,0
60,"tcell3p_scored_target_seed60_label0_pep_ipspline.txt","pyIsoPEP FDR",0.05,50,132,0,0
61,"drep_tcell100p_scored_target_seed61_label0_pep_ipspline.txt","pyIsoPEP FDR",0.01,77,132,0,0
61,"tcell0pt3p_scored_target_seed61_label0_pep_ipspline.txt","pyIsoPEP FDR",0.01,0,132,0,0
61,"tcell10p_scored_target_seed61_label0_pep_ipspline.txt","pyIsoPEP FDR",0.01,28,132,0,0
61,"tcell1p_scored_target_seed61_label0_pep_ipspline.txt","pyIsoPEP FDR",0.01,0,132,0,0
61,"tcell30p_scored_target_seed61_label0_pep_ipspline.txt","pyIsoPEP FDR",0.01,57,132,0,0
61,"tcell3p_scored_target_seed61_label0_pep_ipspline.txt","pyIsoPEP FDR",0.01,6,132,0,0
61,"drep_tcell100p_scored_target_seed61_label0_pep_ipspline.txt","pyIsoPEP FDR",0.05,118,132,0,0
61,"tcell0pt3p_scored_target_seed61_label0_pep_ipspline.txt","pyIsoPEP FDR",0.05,35,132,0,0
61,"tcell10p_scored_target_seed61_label0_pep_ipspline.txt","pyIsoPEP FDR",0.05,69,132,0,0
61,"tcell1p_scored_target_seed61_label0_pep_ipspline.txt","pyIsoPEP FDR",0.05,21,132,0,0
61,"tcell30p_scored_target_seed61_label0_pep_ipspline.txt","pyIsoPEP FDR",0.05,98,132,0,0
61,"tcell3p_scored_target_seed61_label0_pep_ipspline.txt","pyIsoPEP FDR",0.05,52,132,0,0
62,"drep_tcell100p_scored_target_seed62_label0_pep_ipspline.txt","pyIsoPEP FDR",0.01,76,132,0,0
62,"tcell0pt3p_scored_target_seed62_label0_pep_ipspline.txt","pyIsoPEP FDR",0.01,0,132,0,0
62,"tcell10p_scored_target_seed62_label0_pep_ipspline.txt","pyIsoPEP FDR",0.01,26,132,0,0
62,"tcell1p_scored_target_seed62_label0_pep_ipspline.txt","pyIsoPEP FDR",0.01,0,132,0,0
62,"tcell30p_scored_target_seed62_label0_pep_ipspline.txt","pyIsoPEP FDR",0.01,55,132,0,0
62,"tcell3p_scored_target_seed62_label0_pep_ipspline.txt","pyIsoPEP FDR",0.01,6,132,0,0
62,"drep_tcell100p_scored_target_seed62_label0_pep_ipspline.txt","pyIsoPEP FDR",0.05,118,132,0,0
62,"tcell0pt3p_scored_target_seed62_label0_pep_ipspline.txt","pyIsoPEP FDR",0.05,29,132,0,0
62,"tcell10p_scored_target_seed62_label0_pep_ipspline.txt","pyIsoPEP FDR",0.05,68,132,0,0
62,"tcell1p_scored_target_seed62_label0_pep_ipspline.txt","pyIsoPEP FDR",0.05,7,132,0,0
62,"tcell30p_scored_target_seed62_label0_pep_ipspline.txt","pyIsoPEP FDR",0.05,97,132,0,0
62,"tcell3p_scored_target_seed62_label0_pep_ipspline.txt","pyIsoPEP FDR",0.05,52,132,0,0
63,"drep_tcell100p_scored_target_seed63_label0_pep_ipspline.txt","pyIsoPEP FDR",0.01,76,132,0,0
63,"tcell0pt3p_scored_target_seed63_label0_pep_ipspline.txt","pyIsoPEP FDR",0.01,0,132,0,0
63,"tcell10p_scored_target_seed63_label0_pep_ipspline.txt","pyIsoPEP FDR",0.01,29,132,0,0
63,"tcell1p_scored_target_seed63_label0_pep_ipspline.txt","pyIsoPEP FDR",0.01,0,132,0,0
63,"tcell30p_scored_target_seed63_label0_pep_ipspline.txt","pyIsoPEP FDR",0.01,55,132,0,0
63,"tcell3p_scored_target_seed63_label0_pep_ipspline.txt","pyIsoPEP FDR",0.01,6,132,0,0
63,"drep_tcell100p_scored_target_seed63_label0_pep_ipspline.txt","pyIsoPEP FDR",0.05,118,132,0,0
63,"tcell0pt3p_scored_target_seed63_label0_pep_ipspline.txt","pyIsoPEP FDR",0.05,35,132,0,0
63,"tcell10p_scored_target_seed63_label0_pep_ipspline.txt","pyIsoPEP FDR",0.05,71,132,0,0
63,"tcell1p_scored_target_seed63_label0_pep_ipspline.txt","pyIsoPEP FDR",0.05,18,132,0,0
63,"tcell30p_scored_target_seed63_label0_pep_ipspline.txt","pyIsoPEP FDR",0.05,96,132,0,0
63,"tcell3p_scored_target_seed63_label0_pep_ipspline.txt","pyIsoPEP FDR",0.05,49,132,0,0
64,"drep_tcell100p_scored_target_seed64_label0_pep_ipspline.txt","pyIsoPEP FDR",0.01,76,132,0,0
64,"tcell0pt3p_scored_target_seed64_label0_pep_ipspline.txt","pyIsoPEP FDR",0.01,0,132,0,0
64,"tcell10p_scored_target_seed64_label0_pep_ipspline.txt","pyIsoPEP FDR",0.01,27,132,0,0
64,"tcell1p_scored_target_seed64_label0_pep_ipspline.txt","pyIsoPEP FDR",0.01,0,132,0,0
64,"tcell30p_scored_target_seed64_label0_pep_ipspline.txt","pyIsoPEP FDR",0.01,53,132,0,0
64,"tcell3p_scored_target_seed64_label0_pep_ipspline.txt","pyIsoPEP FDR",0.01,8,132,0,0
64,"drep_tcell100p_scored_target_seed64_label0_pep_ipspline.txt","pyIsoPEP FDR",0.05,118,132,0,0
64,"tcell0pt3p_scored_target_seed64_label0_pep_ipspline.txt","pyIsoPEP FDR",0.05,32,132,0,0
64,"tcell10p_scored_target_seed64_label0_pep_ipspline.txt","pyIsoPEP FDR",0.05,69,132,0,0
64,"tcell1p_scored_target_seed64_label0_pep_ipspline.txt","pyIsoPEP FDR",0.05,20,132,0,0
64,"tcell30p_scored_target_seed64_label0_pep_ipspline.txt","pyIsoPEP FDR",0.05,96,132,0,0
64,"tcell3p_scored_target_seed64_label0_pep_ipspline.txt","pyIsoPEP FDR",0.05,50,132,0,0
65,"drep_tcell100p_scored_target_seed65_label0_pep_ipspline.txt","pyIsoPEP FDR",0.01,77,132,0,0
65,"tcell0pt3p_scored_target_seed65_label0_pep_ipspline.txt","pyIsoPEP FDR",0.01,0,132,0,0
65,"tcell10p_scored_target_seed65_label0_pep_ipspline.txt","pyIsoPEP FDR",0.01,26,132,0,0
65,"tcell1p_scored_target_seed65_label0_pep_ipspline.txt","pyIsoPEP FDR",0.01,0,132,0,0
65,"tcell30p_scored_target_seed65_label0_pep_ipspline.txt","pyIsoPEP FDR",0.01,53,132,0,0
65,"tcell3p_scored_target_seed65_label0_pep_ipspline.txt","pyIsoPEP FDR",0.01,0,132,0,0
65,"drep_tcell100p_scored_target_seed65_label0_pep_ipspline.txt","pyIsoPEP FDR",0.05,118,132,0,0
65,"tcell0pt3p_scored_target_seed65_label0_pep_ipspline.txt","pyIsoPEP FDR",0.05,33,132,0,0
65,"tcell10p_scored_target_seed65_label0_pep_ipspline.txt","pyIsoPEP FDR",0.05,70,132,0,0
65,"tcell1p_scored_target_seed65_label0_pep_ipspline.txt","pyIsoPEP FDR",0.05,20,132,0,0
65,"tcell30p_scored_target_seed65_label0_pep_ipspline.txt","pyIsoPEP FDR",0.05,97,132,0,0
65,"tcell3p_scored_target_seed65_label0_pep_ipspline.txt","pyIsoPEP FDR",0.05,44,132,0,0
66,"drep_tcell100p_scored_target_seed66_label0_pep_ipspline.txt","pyIsoPEP FDR",0.01,76,132,0,0
66,"tcell0pt3p_scored_target_seed66_label0_pep_ipspline.txt","pyIsoPEP FDR",0.01,0,132,0,0
66,"tcell10p_scored_target_seed66_label0_pep_ipspline.txt","pyIsoPEP FDR",0.01,27,132,0,0
66,"tcell1p_scored_target_seed66_label0_pep_ipspline.txt","pyIsoPEP FDR",0.01,0,132,0,0
66,"tcell30p_scored_target_seed66_label0_pep_ipspline.txt","pyIsoPEP FDR",0.01,56,132,0,0
66,"tcell3p_scored_target_seed66_label0_pep_ipspline.txt","pyIsoPEP FDR",0.01,5,132,0,0
66,"drep_tcell100p_scored_target_seed66_label0_pep_ipspline.txt","pyIsoPEP FDR",0.05,118,132,0,0
66,"tcell0pt3p_scored_target_seed66_label0_pep_ipspline.txt","pyIsoPEP FDR",0.05,36,132,0,0
66,"tcell10p_scored_target_seed66_label0_pep_ipspline.txt","pyIsoPEP FDR",0.05,70,132,0,0
66,"tcell1p_scored_target_seed66_label0_pep_ipspline.txt","pyIsoPEP FDR",0.05,13,132,0,0
66,"tcell30p_scored_target_seed66_label0_pep_ipspline.txt","pyIsoPEP FDR",0.05,97,132,0,0
66,"tcell3p_scored_target_seed66_label0_pep_ipspline.txt","pyIsoPEP FDR",0.05,50,132,0,0
67,"drep_tcell100p_scored_target_seed67_label0_pep_ipspline.txt","pyIsoPEP FDR",0.01,76,132,0,0
67,"tcell0pt3p_scored_target_seed67_label0_pep_ipspline.txt","pyIsoPEP FDR",0.01,0,132,0,0
67,"tcell10p_scored_target_seed67_label0_pep_ipspline.txt","pyIsoPEP FDR",0.01,28,132,0,0
67,"tcell1p_scored_target_seed67_label0_pep_ipspline.txt","pyIsoPEP FDR",0.01,0,132,0,0
67,"tcell30p_scored_target_seed67_label0_pep_ipspline.txt","pyIsoPEP FDR",0.01,56,132,0,0
67,"tcell3p_scored_target_seed67_label0_pep_ipspline.txt","pyIsoPEP FDR",0.01,7,132,0,0
67,"drep_tcell100p_scored_target_seed67_label0_pep_ipspline.txt","pyIsoPEP FDR",0.05,117,132,0,0
67,"tcell0pt3p_scored_target_seed67_label0_pep_ipspline.txt","pyIsoPEP FDR",0.05,36,132,0,0
67,"tcell10p_scored_target_seed67_label0_pep_ipspline.txt","pyIsoPEP FDR",0.05,72,132,0,0
67,"tcell1p_scored_target_seed67_label0_pep_ipspline.txt","pyIsoPEP FDR",0.05,13,132,0,0
67,"tcell30p_scored_target_seed67_label0_pep_ipspline.txt","pyIsoPEP FDR",0.05,96,132,0,0
67,"tcell3p_scored_target_seed67_label0_pep_ipspline.txt","pyIsoPEP FDR",0.05,50,132,0,0
68,"drep_tcell100p_scored_target_seed68_label0_pep_ipspline.txt","pyIsoPEP FDR",0.01,76,132,0,0
68,"tcell0pt3p_scored_target_seed68_label0_pep_ipspline.txt","pyIsoPEP FDR",0.01,0,132,0,0
68,"tcell10p_scored_target_seed68_label0_pep_ipspline.txt","pyIsoPEP FDR",0.01,30,132,0,0
68,"tcell1p_scored_target_seed68_label0_pep_ipspline.txt","pyIsoPEP FDR",0.01,0,132,0,0
68,"tcell30p_scored_target_seed68_label0_pep_ipspline.txt","pyIsoPEP FDR",0.01,54,132,0,0
68,"tcell3p_scored_target_seed68_label0_pep_ipspline.txt","pyIsoPEP FDR",0.01,5,132,0,0
68,"drep_tcell100p_scored_target_seed68_label0_pep_ipspline.txt","pyIsoPEP FDR",0.05,118,132,0,0
68,"tcell0pt3p_scored_target_seed68_label0_pep_ipspline.txt","pyIsoPEP FDR",0.05,33,132,0,0
68,"tcell10p_scored_target_seed68_label0_pep_ipspline.txt","pyIsoPEP FDR",0.05,71,132,0,0
68,"tcell1p_scored_target_seed68_label0_pep_ipspline.txt","pyIsoPEP FDR",0.05,17,132,0,0
68,"tcell30p_scored_target_seed68_label0_pep_ipspline.txt","pyIsoPEP FDR",0.05,96,132,0,0
68,"tcell3p_scored_target_seed68_label0_pep_ipspline.txt","pyIsoPEP FDR",0.05,51,132,0,0
69,"drep_tcell100p_scored_target_seed69_label0_pep_ipspline.txt","pyIsoPEP FDR",0.01,76,132,0,0
69,"tcell0pt3p_scored_target_seed69_label0_pep_ipspline.txt","pyIsoPEP FDR",0.01,0,132,0,0
69,"tcell10p_scored_target_seed69_label0_pep_ipspline.txt","pyIsoPEP FDR",0.01,24,132,0,0
69,"tcell1p_scored_target_seed69_label0_pep_ipspline.txt","pyIsoPEP FDR",0.01,0,132,0,0
69,"tcell30p_scored_target_seed69_label0_pep_ipspline.txt","pyIsoPEP FDR",0.01,55,132,0,0
69,"tcell3p_scored_target_seed69_label0_pep_ipspline.txt","pyIsoPEP FDR",0.01,5,132,0,0
69,"drep_tcell100p_scored_target_seed69_label0_pep_ipspline.txt","pyIsoPEP FDR",0.05,118,132,0,0
69,"tcell0pt3p_scored_target_seed69_label0_pep_ipspline.txt","pyIsoPEP FDR",0.05,33,132,0,0
69,"tcell10p_scored_target_seed69_label0_pep_ipspline.txt","pyIsoPEP FDR",0.05,69,132,0,0
69,"tcell1p_scored_target_seed69_label0_pep_ipspline.txt","pyIsoPEP FDR",0.05,18,132,0,0
69,"tcell30p_scored_target_seed69_label0_pep_ipspline.txt","pyIsoPEP FDR",0.05,97,132,0,0
69,"tcell3p_scored_target_seed69_label0_pep_ipspline.txt","pyIsoPEP FDR",0.05,46,132,0,0
70,"drep_tcell100p_scored_target_seed70_label0_pep_ipspline.txt","pyIsoPEP FDR",0.01,77,132,0,0
70,"tcell0pt3p_scored_target_seed70_label0_pep_ipspline.txt","pyIsoPEP FDR",0.01,0,132,0,0
70,"tcell10p_scored_target_seed70_label0_pep_ipspline.txt","pyIsoPEP FDR",0.01,28,132,0,0
70,"tcell1p_scored_target_seed70_label0_pep_ipspline.txt","pyIsoPEP FDR",0.01,0,132,0,0
70,"tcell30p_scored_target_seed70_label0_pep_ipspline.txt","pyIsoPEP FDR",0.01,54,132,0,0
70,"tcell3p_scored_target_seed70_label0_pep_ipspline.txt","pyIsoPEP FDR",0.01,5,132,0,0
70,"drep_tcell100p_scored_target_seed70_label0_pep_ipspline.txt","pyIsoPEP FDR",0.05,117,132,0,0
70,"tcell0pt3p_scored_target_seed70_label0_pep_ipspline.txt","pyIsoPEP FDR",0.05,37,132,0,0
70,"tcell10p_scored_target_seed70_label0_pep_ipspline.txt","pyIsoPEP FDR",0.05,71,132,0,0
70,"tcell1p_scored_target_seed70_label0_pep_ipspline.txt","pyIsoPEP FDR",0.05,12,132,0,0
70,"tcell30p_scored_target_seed70_label0_pep_ipspline.txt","pyIsoPEP FDR",0.05,96,132,0,0
70,"tcell3p_scored_target_seed70_label0_pep_ipspline.txt","pyIsoPEP FDR",0.05,49,132,0,0
71,"drep_tcell100p_scored_target_seed71_label0_pep_ipspline.txt","pyIsoPEP FDR",0.01,76,132,0,0
71,"tcell0pt3p_scored_target_seed71_label0_pep_ipspline.txt","pyIsoPEP FDR",0.01,0,132,0,0
71,"tcell10p_scored_target_seed71_label0_pep_ipspline.txt","pyIsoPEP FDR",0.01,27,132,0,0
71,"tcell1p_scored_target_seed71_label0_pep_ipspline.txt","pyIsoPEP FDR",0.01,0,132,0,0
71,"tcell30p_scored_target_seed71_label0_pep_ipspline.txt","pyIsoPEP FDR",0.01,55,132,0,0
71,"tcell3p_scored_target_seed71_label0_pep_ipspline.txt","pyIsoPEP FDR",0.01,4,132,0,0
71,"drep_tcell100p_scored_target_seed71_label0_pep_ipspline.txt","pyIsoPEP FDR",0.05,117,132,0,0
71,"tcell0pt3p_scored_target_seed71_label0_pep_ipspline.txt","pyIsoPEP FDR",0.05,36,132,0,0
71,"tcell10p_scored_target_seed71_label0_pep_ipspline.txt","pyIsoPEP FDR",0.05,71,132,0,0
71,"tcell1p_scored_target_seed71_label0_pep_ipspline.txt","pyIsoPEP FDR",0.05,13,132,0,0
71,"tcell30p_scored_target_seed71_label0_pep_ipspline.txt","pyIsoPEP FDR",0.05,97,132,0,0
71,"tcell3p_scored_target_seed71_label0_pep_ipspline.txt","pyIsoPEP FDR",0.05,51,132,0,0
72,"drep_tcell100p_scored_target_seed72_label0_pep_ipspline.txt","pyIsoPEP FDR",0.01,76,132,0,0
72,"tcell0pt3p_scored_target_seed72_label0_pep_ipspline.txt","pyIsoPEP FDR",0.01,0,132,0,0
72,"tcell10p_scored_target_seed72_label0_pep_ipspline.txt","pyIsoPEP FDR",0.01,24,132,0,0
72,"tcell1p_scored_target_seed72_label0_pep_ipspline.txt","pyIsoPEP FDR",0.01,0,132,0,0
72,"tcell30p_scored_target_seed72_label0_pep_ipspline.txt","pyIsoPEP FDR",0.01,54,132,0,0
72,"tcell3p_scored_target_seed72_label0_pep_ipspline.txt","pyIsoPEP FDR",0.01,12,132,0,0
72,"drep_tcell100p_scored_target_seed72_label0_pep_ipspline.txt","pyIsoPEP FDR",0.05,118,132,0,0
72,"tcell0pt3p_scored_target_seed72_label0_pep_ipspline.txt","pyIsoPEP FDR",0.05,39,132,0,0
72,"tcell10p_scored_target_seed72_label0_pep_ipspline.txt","pyIsoPEP FDR",0.05,70,132,0,0
72,"tcell1p_scored_target_seed72_label0_pep_ipspline.txt","pyIsoPEP FDR",0.05,25,132,0,0
72,"tcell30p_scored_target_seed72_label0_pep_ipspline.txt","pyIsoPEP FDR",0.05,96,132,0,0
72,"tcell3p_scored_target_seed72_label0_pep_ipspline.txt","pyIsoPEP FDR",0.05,53,132,0,0
73,"drep_tcell100p_scored_target_seed73_label0_pep_ipspline.txt","pyIsoPEP FDR",0.01,76,132,0,0
73,"tcell0pt3p_scored_target_seed73_label0_pep_ipspline.txt","pyIsoPEP FDR",0.01,0,132,0,0
73,"tcell10p_scored_target_seed73_label0_pep_ipspline.txt","pyIsoPEP FDR",0.01,25,132,0,0
73,"tcell1p_scored_target_seed73_label0_pep_ipspline.txt","pyIsoPEP FDR",0.01,0,132,0,0
73,"tcell30p_scored_target_seed73_label0_pep_ipspline.txt","pyIsoPEP FDR",0.01,54,132,0,0
73,"tcell3p_scored_target_seed73_label0_pep_ipspline.txt","pyIsoPEP FDR",0.01,5,132,0,0
73,"drep_tcell100p_scored_target_seed73_label0_pep_ipspline.txt","pyIsoPEP FDR",0.05,117,132,0,0
73,"tcell0pt3p_scored_target_seed73_label0_pep_ipspline.txt","pyIsoPEP FDR",0.05,39,132,0,0
73,"tcell10p_scored_target_seed73_label0_pep_ipspline.txt","pyIsoPEP FDR",0.05,69,132,0,0
73,"tcell1p_scored_target_seed73_label0_pep_ipspline.txt","pyIsoPEP FDR",0.05,11,132,0,0
73,"tcell30p_scored_target_seed73_label0_pep_ipspline.txt","pyIsoPEP FDR",0.05,97,132,0,0
73,"tcell3p_scored_target_seed73_label0_pep_ipspline.txt","pyIsoPEP FDR",0.05,48,132,0,0
74,"drep_tcell100p_scored_target_seed74_label0_pep_ipspline.txt","pyIsoPEP FDR",0.01,76,132,0,0
74,"tcell0pt3p_scored_target_seed74_label0_pep_ipspline.txt","pyIsoPEP FDR",0.01,0,132,0,0
74,"tcell10p_scored_target_seed74_label0_pep_ipspline.txt","pyIsoPEP FDR",0.01,27,132,0,0
74,"tcell1p_scored_target_seed74_label0_pep_ipspline.txt","pyIsoPEP FDR",0.01,0,132,0,0
74,"tcell30p_scored_target_seed74_label0_pep_ipspline.txt","pyIsoPEP FDR",0.01,54,132,0,0
74,"tcell3p_scored_target_seed74_label0_pep_ipspline.txt","pyIsoPEP FDR",0.01,4,132,0,0
74,"drep_tcell100p_scored_target_seed74_label0_pep_ipspline.txt","pyIsoPEP FDR",0.05,118,132,0,0
74,"tcell0pt3p_scored_target_seed74_label0_pep_ipspline.txt","pyIsoPEP FDR",0.05,32,132,0,0
74,"tcell10p_scored_target_seed74_label0_pep_ipspline.txt","pyIsoPEP FDR",0.05,70,132,0,0
74,"tcell1p_scored_target_seed74_label0_pep_ipspline.txt","pyIsoPEP FDR",0.05,16,132,0,0
74,"tcell30p_scored_target_seed74_label0_pep_ipspline.txt","pyIsoPEP FDR",0.05,96,132,0,0
74,"tcell3p_scored_target_seed74_label0_pep_ipspline.txt","pyIsoPEP FDR",0.05,47,132,0,0
75,"drep_tcell100p_scored_target_seed75_label0_pep_ipspline.txt","pyIsoPEP FDR",0.01,76,132,0,0
75,"tcell0pt3p_scored_target_seed75_label0_pep_ipspline.txt","pyIsoPEP FDR",0.01,0,132,0,0
75,"tcell10p_scored_target_seed75_label0_pep_ipspline.txt","pyIsoPEP FDR",0.01,29,132,0,0
75,"tcell1p_scored_target_seed75_label0_pep_ipspline.txt","pyIsoPEP FDR",0.01,0,132,0,0
75,"tcell30p_scored_target_seed75_label0_pep_ipspline.txt","pyIsoPEP FDR",0.01,53,132,0,0
75,"tcell3p_scored_target_seed75_label0_pep_ipspline.txt","pyIsoPEP FDR",0.01,6,132,0,0
75,"drep_tcell100p_scored_target_seed75_label0_pep_ipspline.txt","pyIsoPEP FDR",0.05,118,132,0,0
75,"tcell0pt3p_scored_target_seed75_label0_pep_ipspline.txt","pyIsoPEP FDR",0.05,24,132,0,0
75,"tcell10p_scored_target_seed75_label0_pep_ipspline.txt","pyIsoPEP FDR",0.05,71,132,0,0
75,"tcell1p_scored_target_seed75_label0_pep_ipspline.txt","pyIsoPEP FDR",0.05,16,132,0,0
75,"tcell30p_scored_target_seed75_label0_pep_ipspline.txt","pyIsoPEP FDR",0.05,96,132,0,0
75,"tcell3p_scored_target_seed75_label0_pep_ipspline.txt","pyIsoPEP FDR",0.05,52,132,0,0
76,"drep_tcell100p_scored_target_seed76_label0_pep_ipspline.txt","pyIsoPEP FDR",0.01,76,132,0,0
76,"tcell0pt3p_scored_target_seed76_label0_pep_ipspline.txt","pyIsoPEP FDR",0.01,0,132,0,0
76,"tcell10p_scored_target_seed76_label0_pep_ipspline.txt","pyIsoPEP FDR",0.01,27,132,0,0
76,"tcell1p_scored_target_seed76_label0_pep_ipspline.txt","pyIsoPEP FDR",0.01,0,132,0,0
76,"tcell30p_scored_target_seed76_label0_pep_ipspline.txt","pyIsoPEP FDR",0.01,56,132,0,0
76,"tcell3p_scored_target_seed76_label0_pep_ipspline.txt","pyIsoPEP FDR",0.01,12,132,0,0
76,"drep_tcell100p_scored_target_seed76_label0_pep_ipspline.txt","pyIsoPEP FDR",0.05,118,132,0,0
76,"tcell0pt3p_scored_target_seed76_label0_pep_ipspline.txt","pyIsoPEP FDR",0.05,38,132,0,0
76,"tcell10p_scored_target_seed76_label0_pep_ipspline.txt","pyIsoPEP FDR",0.05,69,132,0,0
76,"tcell1p_scored_target_seed76_label0_pep_ipspline.txt","pyIsoPEP FDR",0.05,18,132,0,0
76,"tcell30p_scored_target_seed76_label0_pep_ipspline.txt","pyIsoPEP FDR",0.05,97,132,0,0
76,"tcell3p_scored_target_seed76_label0_pep_ipspline.txt","pyIsoPEP FDR",0.05,54,132,0,0
77,"drep_tcell100p_scored_target_seed77_label0_pep_ipspline.txt","pyIsoPEP FDR",0.01,76,132,0,0
77,"tcell0pt3p_scored_target_seed77_label0_pep_ipspline.txt","pyIsoPEP FDR",0.01,0,132,0,0
77,"tcell10p_scored_target_seed77_label0_pep_ipspline.txt","pyIsoPEP FDR",0.01,28,132,0,0
77,"tcell1p_scored_target_seed77_label0_pep_ipspline.txt","pyIsoPEP FDR",0.01,0,132,0,0
77,"tcell30p_scored_target_seed77_label0_pep_ipspline.txt","pyIsoPEP FDR",0.01,55,132,0,0
77,"tcell3p_scored_target_seed77_label0_pep_ipspline.txt","pyIsoPEP FDR",0.01,6,132,0,0
77,"drep_tcell100p_scored_target_seed77_label0_pep_ipspline.txt","pyIsoPEP FDR",0.05,118,132,0,0
77,"tcell0pt3p_scored_target_seed77_label0_pep_ipspline.txt","pyIsoPEP FDR",0.05,35,132,0,0
77,"tcell10p_scored_target_seed77_label0_pep_ipspline.txt","pyIsoPEP FDR",0.05,70,132,0,0
77,"tcell1p_scored_target_seed77_label0_pep_ipspline.txt","pyIsoPEP FDR",0.05,15,132,0,0
77,"tcell30p_scored_target_seed77_label0_pep_ipspline.txt","pyIsoPEP FDR",0.05,97,132,0,0
77,"tcell3p_scored_target_seed77_label0_pep_ipspline.txt","pyIsoPEP FDR",0.05,50,132,0,0
78,"drep_tcell100p_scored_target_seed78_label0_pep_ipspline.txt","pyIsoPEP FDR",0.01,76,132,0,0
78,"tcell0pt3p_scored_target_seed78_label0_pep_ipspline.txt","pyIsoPEP FDR",0.01,0,132,0,0
78,"tcell10p_scored_target_seed78_label0_pep_ipspline.txt","pyIsoPEP FDR",0.01,25,132,0,0
78,"tcell1p_scored_target_seed78_label0_pep_ipspline.txt","pyIsoPEP FDR",0.01,0,132,0,0
78,"tcell30p_scored_target_seed78_label0_pep_ipspline.txt","pyIsoPEP FDR",0.01,54,132,0,0
78,"tcell3p_scored_target_seed78_label0_pep_ipspline.txt","pyIsoPEP FDR",0.01,7,132,0,0
78,"drep_tcell100p_scored_target_seed78_label0_pep_ipspline.txt","pyIsoPEP FDR",0.05,118,132,0,0
78,"tcell0pt3p_scored_target_seed78_label0_pep_ipspline.txt","pyIsoPEP FDR",0.05,34,132,0,0
78,"tcell10p_scored_target_seed78_label0_pep_ipspline.txt","pyIsoPEP FDR",0.05,70,132,0,0
78,"tcell1p_scored_target_seed78_label0_pep_ipspline.txt","pyIsoPEP FDR",0.05,9,132,0,0
78,"tcell30p_scored_target_seed78_label0_pep_ipspline.txt","pyIsoPEP FDR",0.05,96,132,0,0
78,"tcell3p_scored_target_seed78_label0_pep_ipspline.txt","pyIsoPEP FDR",0.05,49,132,0,0
79,"drep_tcell100p_scored_target_seed79_label0_pep_ipspline.txt","pyIsoPEP FDR",0.01,76,132,0,0
79,"tcell0pt3p_scored_target_seed79_label0_pep_ipspline.txt","pyIsoPEP FDR",0.01,0,132,0,0
79,"tcell10p_scored_target_seed79_label0_pep_ipspline.txt","pyIsoPEP FDR",0.01,30,132,0,0
79,"tcell1p_scored_target_seed79_label0_pep_ipspline.txt","pyIsoPEP FDR",0.01,0,132,0,0
79,"tcell30p_scored_target_seed79_label0_pep_ipspline.txt","pyIsoPEP FDR",0.01,52,132,0,0
79,"tcell3p_scored_target_seed79_label0_pep_ipspline.txt","pyIsoPEP FDR",0.01,2,132,0,0
79,"drep_tcell100p_scored_target_seed79_label0_pep_ipspline.txt","pyIsoPEP FDR",0.05,117,132,0,0
79,"tcell0pt3p_scored_target_seed79_label0_pep_ipspline.txt","pyIsoPEP FDR",0.05,32,132,0,0
79,"tcell10p_scored_target_seed79_label0_pep_ipspline.txt","pyIsoPEP FDR",0.05,70,132,0,0
79,"tcell1p_scored_target_seed79_label0_pep_ipspline.txt","pyIsoPEP FDR",0.05,18,132,0,0
79,"tcell30p_scored_target_seed79_label0_pep_ipspline.txt","pyIsoPEP FDR",0.05,95,132,0,0
79,"tcell3p_scored_target_seed79_label0_pep_ipspline.txt","pyIsoPEP FDR",0.05,45,132,0,0
80,"drep_tcell100p_scored_target_seed80_label0_pep_ipspline.txt","pyIsoPEP FDR",0.01,76,132,0,0
80,"tcell0pt3p_scored_target_seed80_label0_pep_ipspline.txt","pyIsoPEP FDR",0.01,0,132,0,0
80,"tcell10p_scored_target_seed80_label0_pep_ipspline.txt","pyIsoPEP FDR",0.01,23,132,0,0
80,"tcell1p_scored_target_seed80_label0_pep_ipspline.txt","pyIsoPEP FDR",0.01,0,132,0,0
80,"tcell30p_scored_target_seed80_label0_pep_ipspline.txt","pyIsoPEP FDR",0.01,56,132,0,0
80,"tcell3p_scored_target_seed80_label0_pep_ipspline.txt","pyIsoPEP FDR",0.01,6,132,0,0
80,"drep_tcell100p_scored_target_seed80_label0_pep_ipspline.txt","pyIsoPEP FDR",0.05,118,132,0,0
80,"tcell0pt3p_scored_target_seed80_label0_pep_ipspline.txt","pyIsoPEP FDR",0.05,29,132,0,0
80,"tcell10p_scored_target_seed80_label0_pep_ipspline.txt","pyIsoPEP FDR",0.05,68,132,0,0
80,"tcell1p_scored_target_seed80_label0_pep_ipspline.txt","pyIsoPEP FDR",0.05,25,132,0,0
80,"tcell30p_scored_target_seed80_label0_pep_ipspline.txt","pyIsoPEP FDR",0.05,97,132,0,0
80,"tcell3p_scored_target_seed80_label0_pep_ipspline.txt","pyIsoPEP FDR",0.05,51,132,0,0
81,"drep_tcell100p_scored_target_seed81_label0_pep_ipspline.txt","pyIsoPEP FDR",0.01,76,132,0,0
81,"tcell0pt3p_scored_target_seed81_label0_pep_ipspline.txt","pyIsoPEP FDR",0.01,0,132,0,0
81,"tcell10p_scored_target_seed81_label0_pep_ipspline.txt","pyIsoPEP FDR",0.01,28,132,0,0
81,"tcell1p_scored_target_seed81_label0_pep_ipspline.txt","pyIsoPEP FDR",0.01,0,132,0,0
81,"tcell30p_scored_target_seed81_label0_pep_ipspline.txt","pyIsoPEP FDR",0.01,54,132,0,0
81,"tcell3p_scored_target_seed81_label0_pep_ipspline.txt","pyIsoPEP FDR",0.01,9,132,0,0
81,"drep_tcell100p_scored_target_seed81_label0_pep_ipspline.txt","pyIsoPEP FDR",0.05,118,132,0,0
81,"tcell0pt3p_scored_target_seed81_label0_pep_ipspline.txt","pyIsoPEP FDR",0.05,35,132,0,0
81,"tcell10p_scored_target_seed81_label0_pep_ipspline.txt","pyIsoPEP FDR",0.05,69,132,0,0
81,"tcell1p_scored_target_seed81_label0_pep_ipspline.txt","pyIsoPEP FDR",0.05,23,132,0,0
81,"tcell30p_scored_target_seed81_label0_pep_ipspline.txt","pyIsoPEP FDR",0.05,96,132,0,0
81,"tcell3p_scored_target_seed81_label0_pep_ipspline.txt","pyIsoPEP FDR",0.05,51,132,0,0
82,"drep_tcell100p_scored_target_seed82_label0_pep_ipspline.txt","pyIsoPEP FDR",0.01,76,132,0,0
82,"tcell0pt3p_scored_target_seed82_label0_pep_ipspline.txt","pyIsoPEP FDR",0.01,0,132,0,0
82,"tcell10p_scored_target_seed82_label0_pep_ipspline.txt","pyIsoPEP FDR",0.01,28,132,0,0
82,"tcell1p_scored_target_seed82_label0_pep_ipspline.txt","pyIsoPEP FDR",0.01,0,132,0,0
82,"tcell30p_scored_target_seed82_label0_pep_ipspline.txt","pyIsoPEP FDR",0.01,54,132,0,0
82,"tcell3p_scored_target_seed82_label0_pep_ipspline.txt","pyIsoPEP FDR",0.01,3,132,0,0
82,"drep_tcell100p_scored_target_seed82_label0_pep_ipspline.txt","pyIsoPEP FDR",0.05,118,132,0,0
82,"tcell0pt3p_scored_target_seed82_label0_pep_ipspline.txt","pyIsoPEP FDR",0.05,32,132,0,0
82,"tcell10p_scored_target_seed82_label0_pep_ipspline.txt","pyIsoPEP FDR",0.05,70,132,0,0
82,"tcell1p_scored_target_seed82_label0_pep_ipspline.txt","pyIsoPEP FDR",0.05,19,132,0,0
82,"tcell30p_scored_target_seed82_label0_pep_ipspline.txt","pyIsoPEP FDR",0.05,97,132,0,0
82,"tcell3p_scored_target_seed82_label0_pep_ipspline.txt","pyIsoPEP FDR",0.05,51,132,0,0
83,"drep_tcell100p_scored_target_seed83_label0_pep_ipspline.txt","pyIsoPEP FDR",0.01,76,132,0,0
83,"tcell0pt3p_scored_target_seed83_label0_pep_ipspline.txt","pyIsoPEP FDR",0.01,0,132,0,0
83,"tcell10p_scored_target_seed83_label0_pep_ipspline.txt","pyIsoPEP FDR",0.01,23,132,0,0
83,"tcell1p_scored_target_seed83_label0_pep_ipspline.txt","pyIsoPEP FDR",0.01,0,132,0,0
83,"tcell30p_scored_target_seed83_label0_pep_ipspline.txt","pyIsoPEP FDR",0.01,52,132,0,0
83,"tcell3p_scored_target_seed83_label0_pep_ipspline.txt","pyIsoPEP FDR",0.01,4,132,0,0
83,"drep_tcell100p_scored_target_seed83_label0_pep_ipspline.txt","pyIsoPEP FDR",0.05,118,132,0,0
83,"tcell0pt3p_scored_target_seed83_label0_pep_ipspline.txt","pyIsoPEP FDR",0.05,35,132,0,0
83,"tcell10p_scored_target_seed83_label0_pep_ipspline.txt","pyIsoPEP FDR",0.05,68,132,0,0
83,"tcell1p_scored_target_seed83_label0_pep_ipspline.txt","pyIsoPEP FDR",0.05,25,132,0,0
83,"tcell30p_scored_target_seed83_label0_pep_ipspline.txt","pyIsoPEP FDR",0.05,95,132,0,0
83,"tcell3p_scored_target_seed83_label0_pep_ipspline.txt","pyIsoPEP FDR",0.05,49,132,0,0
84,"drep_tcell100p_scored_target_seed84_label0_pep_ipspline.txt","pyIsoPEP FDR",0.01,76,132,0,0
84,"tcell0pt3p_scored_target_seed84_label0_pep_ipspline.txt","pyIsoPEP FDR",0.01,0,132,0,0
84,"tcell10p_scored_target_seed84_label0_pep_ipspline.txt","pyIsoPEP FDR",0.01,30,132,0,0
84,"tcell1p_scored_target_seed84_label0_pep_ipspline.txt","pyIsoPEP FDR",0.01,0,132,0,0
84,"tcell30p_scored_target_seed84_label0_pep_ipspline.txt","pyIsoPEP FDR",0.01,55,132,0,0
84,"tcell3p_scored_target_seed84_label0_pep_ipspline.txt","pyIsoPEP FDR",0.01,8,132,0,0
84,"drep_tcell100p_scored_target_seed84_label0_pep_ipspline.txt","pyIsoPEP FDR",0.05,118,132,0,0
84,"tcell0pt3p_scored_target_seed84_label0_pep_ipspline.txt","pyIsoPEP FDR",0.05,37,132,0,0
84,"tcell10p_scored_target_seed84_label0_pep_ipspline.txt","pyIsoPEP FDR",0.05,71,132,0,0
84,"tcell1p_scored_target_seed84_label0_pep_ipspline.txt","pyIsoPEP FDR",0.05,12,132,0,0
84,"tcell30p_scored_target_seed84_label0_pep_ipspline.txt","pyIsoPEP FDR",0.05,97,132,0,0
84,"tcell3p_scored_target_seed84_label0_pep_ipspline.txt","pyIsoPEP FDR",0.05,54,132,0,0
85,"drep_tcell100p_scored_target_seed85_label0_pep_ipspline.txt","pyIsoPEP FDR",0.01,77,132,0,0
85,"tcell0pt3p_scored_target_seed85_label0_pep_ipspline.txt","pyIsoPEP FDR",0.01,0,132,0,0
85,"tcell10p_scored_target_seed85_label0_pep_ipspline.txt","pyIsoPEP FDR",0.01,27,132,0,0
85,"tcell1p_scored_target_seed85_label0_pep_ipspline.txt","pyIsoPEP FDR",0.01,0,132,0,0
85,"tcell30p_scored_target_seed85_label0_pep_ipspline.txt","pyIsoPEP FDR",0.01,56,132,0,0
85,"tcell3p_scored_target_seed85_label0_pep_ipspline.txt","pyIsoPEP FDR",0.01,6,132,0,0
85,"drep_tcell100p_scored_target_seed85_label0_pep_ipspline.txt","pyIsoPEP FDR",0.05,118,132,0,0
85,"tcell0pt3p_scored_target_seed85_label0_pep_ipspline.txt","pyIsoPEP FDR",0.05,33,132,0,0
85,"tcell10p_scored_target_seed85_label0_pep_ipspline.txt","pyIsoPEP FDR",0.05,70,132,0,0
85,"tcell1p_scored_target_seed85_label0_pep_ipspline.txt","pyIsoPEP FDR",0.05,14,132,0,0
85,"tcell30p_scored_target_seed85_label0_pep_ipspline.txt","pyIsoPEP FDR",0.05,97,132,0,0
85,"tcell3p_scored_target_seed85_label0_pep_ipspline.txt","pyIsoPEP FDR",0.05,51,132,0,0
86,"drep_tcell100p_scored_target_seed86_label0_pep_ipspline.txt","pyIsoPEP FDR",0.01,76,132,0,0
86,"tcell0pt3p_scored_target_seed86_label0_pep_ipspline.txt","pyIsoPEP FDR",0.01,0,132,0,0
86,"tcell10p_scored_target_seed86_label0_pep_ipspline.txt","pyIsoPEP FDR",0.01,27,132,0,0
86,"tcell1p_scored_target_seed86_label0_pep_ipspline.txt","pyIsoPEP FDR",0.01,0,132,0,0
86,"tcell30p_scored_target_seed86_label0_pep_ipspline.txt","pyIsoPEP FDR",0.01,53,132,0,0
86,"tcell3p_scored_target_seed86_label0_pep_ipspline.txt","pyIsoPEP FDR",0.01,6,132,0,0
86,"drep_tcell100p_scored_target_seed86_label0_pep_ipspline.txt","pyIsoPEP FDR",0.05,118,132,0,0
86,"tcell0pt3p_scored_target_seed86_label0_pep_ipspline.txt","pyIsoPEP FDR",0.05,37,132,0,0
86,"tcell10p_scored_target_seed86_label0_pep_ipspline.txt","pyIsoPEP FDR",0.05,70,132,0,0
86,"tcell1p_scored_target_seed86_label0_pep_ipspline.txt","pyIsoPEP FDR",0.05,11,132,0,0
86,"tcell30p_scored_target_seed86_label0_pep_ipspline.txt","pyIsoPEP FDR",0.05,97,132,0,0
86,"tcell3p_scored_target_seed86_label0_pep_ipspline.txt","pyIsoPEP FDR",0.05,48,132,0,0
87,"drep_tcell100p_scored_target_seed87_label0_pep_ipspline.txt","pyIsoPEP FDR",0.01,76,132,0,0
87,"tcell0pt3p_scored_target_seed87_label0_pep_ipspline.txt","pyIsoPEP FDR",0.01,0,132,0,0
87,"tcell10p_scored_target_seed87_label0_pep_ipspline.txt","pyIsoPEP FDR",0.01,26,132,0,0
87,"tcell1p_scored_target_seed87_label0_pep_ipspline.txt","pyIsoPEP FDR",0.01,0,132,0,0
87,"tcell30p_scored_target_seed87_label0_pep_ipspline.txt","pyIsoPEP FDR",0.01,54,132,0,0
87,"tcell3p_scored_target_seed87_label0_pep_ipspline.txt","pyIsoPEP FDR",0.01,5,132,0,0
87,"drep_tcell100p_scored_target_seed87_label0_pep_ipspline.txt","pyIsoPEP FDR",0.05,118,132,0,0
87,"tcell0pt3p_scored_target_seed87_label0_pep_ipspline.txt","pyIsoPEP FDR",0.05,30,132,0,0
87,"tcell10p_scored_target_seed87_label0_pep_ipspline.txt","pyIsoPEP FDR",0.05,69,132,0,0
87,"tcell1p_scored_target_seed87_label0_pep_ipspline.txt","pyIsoPEP FDR",0.05,16,132,0,0
87,"tcell30p_scored_target_seed87_label0_pep_ipspline.txt","pyIsoPEP FDR",0.05,96,132,0,0
87,"tcell3p_scored_target_seed87_label0_pep_ipspline.txt","pyIsoPEP FDR",0.05,47,132,0,0
88,"drep_tcell100p_scored_target_seed88_label0_pep_ipspline.txt","pyIsoPEP FDR",0.01,76,132,0,0
88,"tcell0pt3p_scored_target_seed88_label0_pep_ipspline.txt","pyIsoPEP FDR",0.01,0,132,0,0
88,"tcell10p_scored_target_seed88_label0_pep_ipspline.txt","pyIsoPEP FDR",0.01,26,132,0,0
88,"tcell1p_scored_target_seed88_label0_pep_ipspline.txt","pyIsoPEP FDR",0.01,0,132,0,0
88,"tcell30p_scored_target_seed88_label0_pep_ipspline.txt","pyIsoPEP FDR",0.01,53,132,0,0
88,"tcell3p_scored_target_seed88_label0_pep_ipspline.txt","pyIsoPEP FDR",0.01,3,132,0,0
88,"drep_tcell100p_scored_target_seed88_label0_pep_ipspline.txt","pyIsoPEP FDR",0.05,118,132,0,0
88,"tcell0pt3p_scored_target_seed88_label0_pep_ipspline.txt","pyIsoPEP FDR",0.05,30,132,0,0
88,"tcell10p_scored_target_seed88_label0_pep_ipspline.txt","pyIsoPEP FDR",0.05,70,132,0,0
88,"tcell1p_scored_target_seed88_label0_pep_ipspline.txt","pyIsoPEP FDR",0.05,16,132,0,0
88,"tcell30p_scored_target_seed88_label0_pep_ipspline.txt","pyIsoPEP FDR",0.05,96,132,0,0
88,"tcell3p_scored_target_seed88_label0_pep_ipspline.txt","pyIsoPEP FDR",0.05,46,132,0,0
89,"drep_tcell100p_scored_target_seed89_label0_pep_ipspline.txt","pyIsoPEP FDR",0.01,77,132,0,0
89,"tcell0pt3p_scored_target_seed89_label0_pep_ipspline.txt","pyIsoPEP FDR",0.01,0,132,0,0
89,"tcell10p_scored_target_seed89_label0_pep_ipspline.txt","pyIsoPEP FDR",0.01,27,132,0,0
89,"tcell1p_scored_target_seed89_label0_pep_ipspline.txt","pyIsoPEP FDR",0.01,0,132,0,0
89,"tcell30p_scored_target_seed89_label0_pep_ipspline.txt","pyIsoPEP FDR",0.01,54,132,0,0
89,"tcell3p_scored_target_seed89_label0_pep_ipspline.txt","pyIsoPEP FDR",0.01,3,132,0,0
89,"drep_tcell100p_scored_target_seed89_label0_pep_ipspline.txt","pyIsoPEP FDR",0.05,118,132,0,0
89,"tcell0pt3p_scored_target_seed89_label0_pep_ipspline.txt","pyIsoPEP FDR",0.05,32,132,0,0
89,"tcell10p_scored_target_seed89_label0_pep_ipspline.txt","pyIsoPEP FDR",0.05,69,132,0,0
89,"tcell1p_scored_target_seed89_label0_pep_ipspline.txt","pyIsoPEP FDR",0.05,17,132,0,0
89,"tcell30p_scored_target_seed89_label0_pep_ipspline.txt","pyIsoPEP FDR",0.05,97,132,0,0
89,"tcell3p_scored_target_seed89_label0_pep_ipspline.txt","pyIsoPEP FDR",0.05,45,132,0,0
90,"drep_tcell100p_scored_target_seed90_label0_pep_ipspline.txt","pyIsoPEP FDR",0.01,77,132,0,0
90,"tcell0pt3p_scored_target_seed90_label0_pep_ipspline.txt","pyIsoPEP FDR",0.01,0,132,0,0
90,"tcell10p_scored_target_seed90_label0_pep_ipspline.txt","pyIsoPEP FDR",0.01,28,132,0,0
90,"tcell1p_scored_target_seed90_label0_pep_ipspline.txt","pyIsoPEP FDR",0.01,0,132,0,0
90,"tcell30p_scored_target_seed90_label0_pep_ipspline.txt","pyIsoPEP FDR",0.01,55,132,0,0
90,"tcell3p_scored_target_seed90_label0_pep_ipspline.txt","pyIsoPEP FDR",0.01,3,132,0,0
90,"drep_tcell100p_scored_target_seed90_label0_pep_ipspline.txt","pyIsoPEP FDR",0.05,118,132,0,0
90,"tcell0pt3p_scored_target_seed90_label0_pep_ipspline.txt","pyIsoPEP FDR",0.05,29,132,0,0
90,"tcell10p_scored_target_seed90_label0_pep_ipspline.txt","pyIsoPEP FDR",0.05,71,132,0,0
90,"tcell1p_scored_target_seed90_label0_pep_ipspline.txt","pyIsoPEP FDR",0.05,11,132,0,0
90,"tcell30p_scored_target_seed90_label0_pep_ipspline.txt","pyIsoPEP FDR",0.05,96,132,0,0
90,"tcell3p_scored_target_seed90_label0_pep_ipspline.txt","pyIsoPEP FDR",0.05,49,132,0,0
91,"drep_tcell100p_scored_target_seed91_label0_pep_ipspline.txt","pyIsoPEP FDR",0.01,76,132,0,0
91,"tcell0pt3p_scored_target_seed91_label0_pep_ipspline.txt","pyIsoPEP FDR",0.01,0,132,0,0
91,"tcell10p_scored_target_seed91_label0_pep_ipspline.txt","pyIsoPEP FDR",0.01,28,132,0,0
91,"tcell1p_scored_target_seed91_label0_pep_ipspline.txt","pyIsoPEP FDR",0.01,0,132,0,0
91,"tcell30p_scored_target_seed91_label0_pep_ipspline.txt","pyIsoPEP FDR",0.01,56,132,0,0
91,"tcell3p_scored_target_seed91_label0_pep_ipspline.txt","pyIsoPEP FDR",0.01,5,132,0,0
91,"drep_tcell100p_scored_target_seed91_label0_pep_ipspline.txt","pyIsoPEP FDR",0.05,118,132,0,0
91,"tcell0pt3p_scored_target_seed91_label0_pep_ipspline.txt","pyIsoPEP FDR",0.05,32,132,0,0
91,"tcell10p_scored_target_seed91_label0_pep_ipspline.txt","pyIsoPEP FDR",0.05,71,132,0,0
91,"tcell1p_scored_target_seed91_label0_pep_ipspline.txt","pyIsoPEP FDR",0.05,17,132,0,0
91,"tcell30p_scored_target_seed91_label0_pep_ipspline.txt","pyIsoPEP FDR",0.05,96,132,0,0
91,"tcell3p_scored_target_seed91_label0_pep_ipspline.txt","pyIsoPEP FDR",0.05,48,132,0,0
92,"drep_tcell100p_scored_target_seed92_label0_pep_ipspline.txt","pyIsoPEP FDR",0.01,76,132,0,0
92,"tcell0pt3p_scored_target_seed92_label0_pep_ipspline.txt","pyIsoPEP FDR",0.01,0,132,0,0
92,"tcell10p_scored_target_seed92_label0_pep_ipspline.txt","pyIsoPEP FDR",0.01,28,132,0,0
92,"tcell1p_scored_target_seed92_label0_pep_ipspline.txt","pyIsoPEP FDR",0.01,0,132,0,0
92,"tcell30p_scored_target_seed92_label0_pep_ipspline.txt","pyIsoPEP FDR",0.01,56,132,0,0
92,"tcell3p_scored_target_seed92_label0_pep_ipspline.txt","pyIsoPEP FDR",0.01,7,132,0,0
92,"drep_tcell100p_scored_target_seed92_label0_pep_ipspline.txt","pyIsoPEP FDR",0.05,118,132,0,0
92,"tcell0pt3p_scored_target_seed92_label0_pep_ipspline.txt","pyIsoPEP FDR",0.05,35,132,0,0
92,"tcell10p_scored_target_seed92_label0_pep_ipspline.txt","pyIsoPEP FDR",0.05,70,132,0,0
92,"tcell1p_scored_target_seed92_label0_pep_ipspline.txt","pyIsoPEP FDR",0.05,12,132,0,0
92,"tcell30p_scored_target_seed92_label0_pep_ipspline.txt","pyIsoPEP FDR",0.05,97,132,0,0
92,"tcell3p_scored_target_seed92_label0_pep_ipspline.txt","pyIsoPEP FDR",0.05,53,132,0,0
93,"drep_tcell100p_scored_target_seed93_label0_pep_ipspline.txt","pyIsoPEP FDR",0.01,77,132,0,0
93,"tcell0pt3p_scored_target_seed93_label0_pep_ipspline.txt","pyIsoPEP FDR",0.01,0,132,0,0
93,"tcell10p_scored_target_seed93_label0_pep_ipspline.txt","pyIsoPEP FDR",0.01,27,132,0,0
93,"tcell1p_scored_target_seed93_label0_pep_ipspline.txt","pyIsoPEP FDR",0.01,0,132,0,0
93,"tcell30p_scored_target_seed93_label0_pep_ipspline.txt","pyIsoPEP FDR",0.01,55,132,0,0
93,"tcell3p_scored_target_seed93_label0_pep_ipspline.txt","pyIsoPEP FDR",0.01,1,132,0,0
93,"drep_tcell100p_scored_target_seed93_label0_pep_ipspline.txt","pyIsoPEP FDR",0.05,118,132,0,0
93,"tcell0pt3p_scored_target_seed93_label0_pep_ipspline.txt","pyIsoPEP FDR",0.05,49,132,0,0
93,"tcell10p_scored_target_seed93_label0_pep_ipspline.txt","pyIsoPEP FDR",0.05,69,132,0,0
93,"tcell1p_scored_target_seed93_label0_pep_ipspline.txt","pyIsoPEP FDR",0.05,15,132,0,0
93,"tcell30p_scored_target_seed93_label0_pep_ipspline.txt","pyIsoPEP FDR",0.05,97,132,0,0
93,"tcell3p_scored_target_seed93_label0_pep_ipspline.txt","pyIsoPEP FDR",0.05,47,132,0,0
94,"drep_tcell100p_scored_target_seed94_label0_pep_ipspline.txt","pyIsoPEP FDR",0.01,76,132,0,0
94,"tcell0pt3p_scored_target_seed94_label0_pep_ipspline.txt","pyIsoPEP FDR",0.01,0,132,0,0
94,"tcell10p_scored_target_seed94_label0_pep_ipspline.txt","pyIsoPEP FDR",0.01,28,132,0,0
94,"tcell1p_scored_target_seed94_label0_pep_ipspline.txt","pyIsoPEP FDR",0.01,0,132,0,0
94,"tcell30p_scored_target_seed94_label0_pep_ipspline.txt","pyIsoPEP FDR",0.01,56,132,0,0
94,"tcell3p_scored_target_seed94_label0_pep_ipspline.txt","pyIsoPEP FDR",0.01,4,132,0,0
94,"drep_tcell100p_scored_target_seed94_label0_pep_ipspline.txt","pyIsoPEP FDR",0.05,118,132,0,0
94,"tcell0pt3p_scored_target_seed94_label0_pep_ipspline.txt","pyIsoPEP FDR",0.05,35,132,0,0
94,"tcell10p_scored_target_seed94_label0_pep_ipspline.txt","pyIsoPEP FDR",0.05,72,132,0,0
94,"tcell1p_scored_target_seed94_label0_pep_ipspline.txt","pyIsoPEP FDR",0.05,14,132,0,0
94,"tcell30p_scored_target_seed94_label0_pep_ipspline.txt","pyIsoPEP FDR",0.05,97,132,0,0
94,"tcell3p_scored_target_seed94_label0_pep_ipspline.txt","pyIsoPEP FDR",0.05,47,132,0,0
95,"drep_tcell100p_scored_target_seed95_label0_pep_ipspline.txt","pyIsoPEP FDR",0.01,76,132,0,0
95,"tcell0pt3p_scored_target_seed95_label0_pep_ipspline.txt","pyIsoPEP FDR",0.01,0,132,0,0
95,"tcell10p_scored_target_seed95_label0_pep_ipspline.txt","pyIsoPEP FDR",0.01,27,132,0,0
95,"tcell1p_scored_target_seed95_label0_pep_ipspline.txt","pyIsoPEP FDR",0.01,0,132,0,0
95,"tcell30p_scored_target_seed95_label0_pep_ipspline.txt","pyIsoPEP FDR",0.01,54,132,0,0
95,"tcell3p_scored_target_seed95_label0_pep_ipspline.txt","pyIsoPEP FDR",0.01,6,132,0,0
95,"drep_tcell100p_scored_target_seed95_label0_pep_ipspline.txt","pyIsoPEP FDR",0.05,118,132,0,0
95,"tcell0pt3p_scored_target_seed95_label0_pep_ipspline.txt","pyIsoPEP FDR",0.05,36,132,0,0
95,"tcell10p_scored_target_seed95_label0_pep_ipspline.txt","pyIsoPEP FDR",0.05,70,132,0,0
95,"tcell1p_scored_target_seed95_label0_pep_ipspline.txt","pyIsoPEP FDR",0.05,26,132,0,0
95,"tcell30p_scored_target_seed95_label0_pep_ipspline.txt","pyIsoPEP FDR",0.05,96,132,0,0
95,"tcell3p_scored_target_seed95_label0_pep_ipspline.txt","pyIsoPEP FDR",0.05,52,132,0,0
96,"drep_tcell100p_scored_target_seed96_label0_pep_ipspline.txt","pyIsoPEP FDR",0.01,77,132,0,0
96,"tcell0pt3p_scored_target_seed96_label0_pep_ipspline.txt","pyIsoPEP FDR",0.01,0,132,0,0
96,"tcell10p_scored_target_seed96_label0_pep_ipspline.txt","pyIsoPEP FDR",0.01,30,132,0,0
96,"tcell1p_scored_target_seed96_label0_pep_ipspline.txt","pyIsoPEP FDR",0.01,0,132,0,0
96,"tcell30p_scored_target_seed96_label0_pep_ipspline.txt","pyIsoPEP FDR",0.01,54,132,0,0
96,"tcell3p_scored_target_seed96_label0_pep_ipspline.txt","pyIsoPEP FDR",0.01,5,132,0,0
96,"drep_tcell100p_scored_target_seed96_label0_pep_ipspline.txt","pyIsoPEP FDR",0.05,118,132,0,0
96,"tcell0pt3p_scored_target_seed96_label0_pep_ipspline.txt","pyIsoPEP FDR",0.05,33,132,0,0
96,"tcell10p_scored_target_seed96_label0_pep_ipspline.txt","pyIsoPEP FDR",0.05,72,132,0,0
96,"tcell1p_scored_target_seed96_label0_pep_ipspline.txt","pyIsoPEP FDR",0.05,26,132,0,0
96,"tcell30p_scored_target_seed96_label0_pep_ipspline.txt","pyIsoPEP FDR",0.05,97,132,0,0
96,"tcell3p_scored_target_seed96_label0_pep_ipspline.txt","pyIsoPEP FDR",0.05,49,132,0,0
97,"drep_tcell100p_scored_target_seed97_label0_pep_ipspline.txt","pyIsoPEP FDR",0.01,77,132,0,0
97,"tcell0pt3p_scored_target_seed97_label0_pep_ipspline.txt","pyIsoPEP FDR",0.01,0,132,0,0
97,"tcell10p_scored_target_seed97_label0_pep_ipspline.txt","pyIsoPEP FDR",0.01,29,132,0,0
97,"tcell1p_scored_target_seed97_label0_pep_ipspline.txt","pyIsoPEP FDR",0.01,0,132,0,0
97,"tcell30p_scored_target_seed97_label0_pep_ipspline.txt","pyIsoPEP FDR",0.01,55,132,0,0
97,"tcell3p_scored_target_seed97_label0_pep_ipspline.txt","pyIsoPEP FDR",0.01,10,132,0,0
97,"drep_tcell100p_scored_target_seed97_label0_pep_ipspline.txt","pyIsoPEP FDR",0.05,118,132,0,0
97,"tcell0pt3p_scored_target_seed97_label0_pep_ipspline.txt","pyIsoPEP FDR",0.05,31,132,0,0
97,"tcell10p_scored_target_seed97_label0_pep_ipspline.txt","pyIsoPEP FDR",0.05,71,132,0,0
97,"tcell1p_scored_target_seed97_label0_pep_ipspline.txt","pyIsoPEP FDR",0.05,18,132,0,0
97,"tcell30p_scored_target_seed97_label0_pep_ipspline.txt","pyIsoPEP FDR",0.05,96,132,0,0
97,"tcell3p_scored_target_seed97_label0_pep_ipspline.txt","pyIsoPEP FDR",0.05,51,132,0,0
98,"drep_tcell100p_scored_target_seed98_label0_pep_ipspline.txt","pyIsoPEP FDR",0.01,77,132,0,0
98,"tcell0pt3p_scored_target_seed98_label0_pep_ipspline.txt","pyIsoPEP FDR",0.01,0,132,0,0
98,"tcell10p_scored_target_seed98_label0_pep_ipspline.txt","pyIsoPEP FDR",0.01,28,132,0,0
98,"tcell1p_scored_target_seed98_label0_pep_ipspline.txt","pyIsoPEP FDR",0.01,0,132,0,0
98,"tcell30p_scored_target_seed98_label0_pep_ipspline.txt","pyIsoPEP FDR",0.01,56,132,0,0
98,"tcell3p_scored_target_seed98_label0_pep_ipspline.txt","pyIsoPEP FDR",0.01,7,132,0,0
98,"drep_tcell100p_scored_target_seed98_label0_pep_ipspline.txt","pyIsoPEP FDR",0.05,118,132,0,0
98,"tcell0pt3p_scored_target_seed98_label0_pep_ipspline.txt","pyIsoPEP FDR",0.05,38,132,0,0
98,"tcell10p_scored_target_seed98_label0_pep_ipspline.txt","pyIsoPEP FDR",0.05,70,132,0,0
98,"tcell1p_scored_target_seed98_label0_pep_ipspline.txt","pyIsoPEP FDR",0.05,7,132,0,0
98,"tcell30p_scored_target_seed98_label0_pep_ipspline.txt","pyIsoPEP FDR",0.05,97,132,0,0
98,"tcell3p_scored_target_seed98_label0_pep_ipspline.txt","pyIsoPEP FDR",0.05,51,132,0,0
99,"drep_tcell100p_scored_target_seed99_label0_pep_ipspline.txt","pyIsoPEP FDR",0.01,76,132,0,0
99,"tcell0pt3p_scored_target_seed99_label0_pep_ipspline.txt","pyIsoPEP FDR",0.01,0,132,0,0
99,"tcell10p_scored_target_seed99_label0_pep_ipspline.txt","pyIsoPEP FDR",0.01,25,132,0,0
99,"tcell1p_scored_target_seed99_label0_pep_ipspline.txt","pyIsoPEP FDR",0.01,0,132,0,0
99,"tcell30p_scored_target_seed99_label0_pep_ipspline.txt","pyIsoPEP FDR",0.01,56,132,0,0
99,"tcell3p_scored_target_seed99_label0_pep_ipspline.txt","pyIsoPEP FDR",0.01,5,132,0,0
99,"drep_tcell100p_scored_target_seed99_label0_pep_ipspline.txt","pyIsoPEP FDR",0.05,118,132,0,0
99,"tcell0pt3p_scored_target_seed99_label0_pep_ipspline.txt","pyIsoPEP FDR",0.05,32,132,0,0
99,"tcell10p_scored_target_seed99_label0_pep_ipspline.txt","pyIsoPEP FDR",0.05,70,132,0,0
99,"tcell1p_scored_target_seed99_label0_pep_ipspline.txt","pyIsoPEP FDR",0.05,8,132,0,0
99,"tcell30p_scored_target_seed99_label0_pep_ipspline.txt","pyIsoPEP FDR",0.05,97,132,0,0
99,"tcell3p_scored_target_seed99_label0_pep_ipspline.txt","pyIsoPEP FDR",0.05,48,132,0,0
100,"drep_tcell100p_scored_target_seed100_label0_pep_ipspline.txt","pyIsoPEP FDR",0.01,77,132,0,0
100,"tcell0pt3p_scored_target_seed100_label0_pep_ipspline.txt","pyIsoPEP FDR",0.01,0,132,0,0
100,"tcell10p_scored_target_seed100_label0_pep_ipspline.txt","pyIsoPEP FDR",0.01,23,132,0,0
100,"tcell1p_scored_target_seed100_label0_pep_ipspline.txt","pyIsoPEP FDR",0.01,0,132,0,0
100,"tcell30p_scored_target_seed100_label0_pep_ipspline.txt","pyIsoPEP FDR",0.01,55,132,0,0
100,"tcell3p_scored_target_seed100_label0_pep_ipspline.txt","pyIsoPEP FDR",0.01,6,132,0,0
100,"drep_tcell100p_scored_target_seed100_label0_pep_ipspline.txt","pyIsoPEP FDR",0.05,118,132,0,0
100,"tcell0pt3p_scored_target_seed100_label0_pep_ipspline.txt","pyIsoPEP FDR",0.05,34,132,0,0
100,"tcell10p_scored_target_seed100_label0_pep_ipspline.txt","pyIsoPEP FDR",0.05,69,132,0,0
100,"tcell1p_scored_target_seed100_label0_pep_ipspline.txt","pyIsoPEP FDR",0.05,16,132,0,0
100,"tcell30p_scored_target_seed100_label0_pep_ipspline.txt","pyIsoPEP FDR",0.05,97,132,0,0
100,"tcell3p_scored_target_seed100_label0_pep_ipspline.txt","pyIsoPEP FDR",0.05,49,132,0,0
