id	Label	ScanNr	primary	xCorrLib	xCorrModel	LogDotProduct	logWeightedDotProduct	sumOfSquaredErrors	weightedSumOfSquaredErrors	numberOfMatchingPeaks	numberOfMatchingPeaksAboveThreshold	averageAbsFragmentDeltaMass	averageFragmentDeltaMasses	isotopeDotProduct	averageAbsParentDeltaMass	averageParentDeltaMass	eValue	numMissedCleavage	pepLength	charge1	charge2	charge3	charge4	precursorMz	precursorMass	RTinMin	sequence	Proteins	score	fdr	qvalue
2023_05_31_mouse_tcell_100FC+PRTC_100fmol_100ng_60k_PRM_50cm_wtrap_01.mzml:1072.1334:KTTGAAQEEDAC[+57.0214635]SC[+57.0214635]R+3	1	8048	3.5511785	0.091798484	0.37796688	3.5511785	3.2522066	0.87558275	0.4398709	1	1	0.52063864	0.390479	0.0	10.0	10.0	-2.6122055	1	15	0	0	1	0	561.9068884	1682.698836	17.86889	-.KTTGAAQEEDAC[+57.0214635]SC[+57.0214635]R.-	sp|P20334|TNR9_MOUSE	-0.087513924078462	-0.5824202533497643	1e-20
2023_05_31_mouse_tcell_100FC+PRTC_100fmol_100ng_60k_PRM_50cm_wtrap_01.mzml:1109.5767:decoyKC[+57.0214635]SC[+57.0214635]ADEEQAAGTTR+3	0	8324	3.6252275	0.14307907	0.57076174	3.6252275	3.6272855	0.82032454	0.8242211	1	1	1.7839724	-1.3379793	0.0	10.0	10.0	-2.5936933	1	15	0	0	1	0	561.9068877	1682.698834	18.492945	-.KC[+57.0214635]SC[+57.0214635]ADEEQAAGTTR.-	DECOY_DECOY_sp|P20334|TNR9_MOUSE	-0.1112096887622899	-1.3414668706951218	1e-20
2023_05_31_mouse_tcell_100FC+PRTC_100fmol_100ng_60k_PRM_50cm_wtrap_01.mzml:1261.3104:AAADDGEEPKSEPETK+3	1	9443	11.031397	1.74308	1.0887078	5.471633	5.1738477	0.010081099	0.005078354	9	6	0.86304086	0.10562307	0.90847754	2.0203996	2.0203996	-0.85458946	1	16	0	0	1	0	558.5882064	1672.74279	21.021841	-.AAADDGEEPKSEPETK.-	sp|P28352|APEX1_MOUSE	0.017451827567701	0.018816774975230686	0.018816774975230686
2023_05_31_mouse_tcell_100FC+PRTC_100fmol_100ng_60k_PRM_50cm_wtrap_01.mzml:1261.3104:AAADDGEEPKSEPETK+3	1	9443	11.031397	1.74308	1.0887078	5.471633	5.1738477	0.010081099	0.005078354	9	6	0.86304086	0.10562307	0.90847754	2.0203996	2.0203996	-0.85458946	1	16	0	0	1	0	558.5882064	1672.74279	21.021841	-.AAADDGEEPKSEPETK.-	sp|P28352|APEX1_MOUSE	0.017451827567701	0.01879053121654836	0.01879053121654836
2023_05_31_mouse_tcell_100FC+PRTC_100fmol_100ng_60k_PRM_50cm_wtrap_01.mzml:1317.3513:AAATPESQEPQAK+2	1	9857	7.9353094	1.6745397	1.8102838	5.0779767	4.7646675	0.018626878	0.00887234	6	4	2.7202942	-0.6205349	0.0	10.0	10.0	0.17253637	0	13	0	1	0	0	664.3280568	1326.641561	21.955854	-.AAATPESQEPQAK.-	sp|P28667|MRP_MOUSE	0.012205265044428	0.014211862163346028	0.014211862163346028
2023_05_31_mouse_tcell_100FC+PRTC_100fmol_100ng_60k_PRM_50cm_wtrap_01.mzml:1317.3513:AAATPESQEPQAK+2	1	9857	7.9353094	1.6745397	1.8102838	5.0779767	4.7646675	0.018626878	0.00887234	6	4	2.7202942	-0.6205349	0.0	10.0	10.0	0.17253637	0	13	0	1	0	0	664.3280568	1326.641561	21.955854	-.AAATPESQEPQAK.-	sp|P28667|MRP_MOUSE	0.012205265044428	0.014233330233079178	0.014233330233079178
2023_05_31_mouse_tcell_100FC+PRTC_100fmol_100ng_60k_PRM_50cm_wtrap_01.mzml:1321.258:SC[+57.0214635]C[+57.0214635]SC[+57.0214635]C[+57.0214635]PVGC[+57.0214635]SK+2	1	9886	12.044439	2.0701578	2.5095415	6.4846754	6.1867824	0.001160723	0.000585	9	9	0.43066478	-0.27601463	0.91520387	1.8762236	1.1856952	-0.10350847	0	12	0	1	0	0	731.2560258	1460.497499	22.020967	-.SC[+57.0214635]C[+57.0214635]SC[+57.0214635]C[+57.0214635]PVGC[+57.0214635]SK.-	sp|P02802|MT1_MOUSE	0.022782255383113	0.02308123511255018	0.02308123511255018
2023_05_31_mouse_tcell_100FC+PRTC_100fmol_100ng_60k_PRM_50cm_wtrap_01.mzml:1321.8263:decoyKC[+57.0214635]SC[+57.0214635]ADEEQAAGTTR+3	0	9890	3.6611905	0.05237635	0.27195117	3.6611905	3.6632485	0.84295595	0.84695995	1	0	1.9089786	1.431734	0.0	10.0	10.0	-2.5847025	1	15	0	0	1	0	561.9068877	1682.698834	22.030437	-.KC[+57.0214635]SC[+57.0214635]ADEEQAAGTTR.-	DECOY_DECOY_sp|P20334|TNR9_MOUSE	-0.1161239971340599	-1.494128763124904	1e-20
2023_05_31_mouse_tcell_100FC+PRTC_100fmol_100ng_60k_PRM_50cm_wtrap_01.mzml:1330.0764:ESKDPADETEAD+2	1	9951	10.522091	1.3825405	1.6573315	5.9165707	5.6185703	0.003606987	0.001816118	8	0	2.5549393	-1.3976308	0.9781851	2.8351305	2.8351305	-0.37323284	1	12	0	1	0	0	653.7676938	1305.520835	22.16794	-.ESKDPADETEAD.-	sp|P54227|STMN1_MOUSE	0.012326638391311	0.014331573551343511	0.014331573551343511
2023_05_31_mouse_tcell_100FC+PRTC_100fmol_100ng_60k_PRM_50cm_wtrap_01.mzml:1336.9547:decoySSC[+57.0214635]GVPC[+57.0214635]C[+57.0214635]SC[+57.0214635]C[+57.0214635]K+2	0	10002	4.8226247	0.16011928	0.2615499	4.8226247	4.825762	0.94773275	0.95460373	1	1	0.27633652	-0.2072524	0.0	10.0	10.0	-2.484314	0	12	0	1	0	0	731.2560233	1460.497494	22.28258	-.SSC[+57.0214635]GVPC[+57.0214635]C[+57.0214635]SC[+57.0214635]C[+57.0214635]K.-	DECOY_DECOY_sp|P02802|MT1_MOUSE	-0.1269507672017	-3.3795169751624967	1e-20
2023_05_31_mouse_tcell_100FC+PRTC_100fmol_100ng_60k_PRM_50cm_wtrap_01.mzml:1348.3018:GKVEADEEPSAVR+2	1	10086	9.700918	1.5391551	2.014942	5.0953975	4.797397	0.007076378	0.003562956	8	3	1.0100491	-0.08502385	0.0	10.0	10.0	0.40677547	1	13	0	1	0	0	693.8466128	1385.678673	22.471697	-.GKVEADEEPSAVR.-	sp|E9PVX6|KI67_MOUSE	0.016808832881246	0.01840626806286796	0.01840626806286796
2023_05_31_mouse_tcell_100FC+PRTC_100fmol_100ng_60k_PRM_50cm_wtrap_01.mzml:1350.338:KTTGAAQEEDAC[+57.0214635]SC[+57.0214635]R+3	1	10101	4.1063447	0.30713925	0.8371838	3.8053145	3.5063424	0.45978278	0.2309834	2	0	3.4173453	-2.563009	0.0	10.0	10.0	-2.473414	1	15	0	0	1	0	561.9068884	1682.698836	22.505634	-.KTTGAAQEEDAC[+57.0214635]SC[+57.0214635]R.-	sp|P20334|TNR9_MOUSE	-0.04527261798467	-0.10887994107216586	1e-20
2023_05_31_mouse_tcell_100FC+PRTC_100fmol_100ng_60k_PRM_50cm_wtrap_01.mzml:1359.5483:EGVKFDESEK+2	1	10169	4.62574	0.13890459	0.4989491	4.32471	4.025846	0.40729922	0.20466785	2	0	2.9631493	-2.222362	0.0	10.0	10.0	-2.0046082	1	10	0	1	0	0	584.2800428	1166.545533	22.65914	-.EGVKFDESEK.-	sp|P08113|ENPL_MOUSE	-0.0437709688423	-0.1033369661965003	1e-20
2023_05_31_mouse_tcell_100FC+PRTC_100fmol_100ng_60k_PRM_50cm_wtrap_01.mzml:1359.8153:decoyAAQPEQSEPTAAK+2	0	10171	0.0	-0.003961051	0.33877045	0.0	0.0	0.18311755	0.18526919	0	0	0.0	0.0	0.0	10.0	10.0	-3.0	0	13	0	1	0	0	664.3280568	1326.641561	22.663588	-.AAQPEQSEPTAAK.-	DECOY_DECOY_sp|P28667|MRP_MOUSE	-0.031747865549797	-0.05920133382715769	1e-20
2023_05_31_mouse_tcell_100FC+PRTC_100fmol_100ng_60k_PRM_50cm_wtrap_01.mzml:1359.8153:decoyAAQPEQSEPTAAK+2	0	10171	0.0	-0.003961051	0.33877045	0.0	0.0	0.18311755	0.18526919	0	0	0.0	0.0	0.0	10.0	10.0	-3.0	0	13	0	1	0	0	664.3280568	1326.641561	22.663588	-.AAQPEQSEPTAAK.-	DECOY_DECOY_sp|P28667|MRP_MOUSE	-0.031747865549797	-0.05905868001070671	1e-20
2023_05_31_mouse_tcell_100FC+PRTC_100fmol_100ng_60k_PRM_50cm_wtrap_01.mzml:1365.2208:VDQQVQDNENAPQR+2	1	10211	12.694643	1.8692132	3.099342	6.13488	5.8156734	0.001703878	0.000841	10	9	0.44075608	-0.18034962	0.9568858	1.4856635	0.9946538	-1.0704219	0	14	0	1	0	0	820.8847898	1639.755027	22.753681	-.VDQQVQDNENAPQR.-	sp|E9PVX6|KI67_MOUSE	0.023657961479118	0.023843271882348686	0.023843271882348686
2023_05_31_mouse_tcell_100FC+PRTC_100fmol_100ng_60k_PRM_50cm_wtrap_01.mzml:1366.9565:decoyGVASPEEDAEVKR+2	0	10224	5.341797	0.43839106	0.9291955	4.5636454	4.5666747	0.29602098	0.2980931	3	1	0.92552376	-0.6941428	0.0	10.0	10.0	-2.4926996	1	13	0	1	0	0	693.8466128	1385.678673	22.78261	-.GVASPEEDAEVKR.-	DECOY_DECOY_sp|E9PVX6|KI67_MOUSE	-0.0356516572376999	-0.07093577161727918	1e-20
2023_05_31_mouse_tcell_100FC+PRTC_100fmol_100ng_60k_PRM_50cm_wtrap_01.mzml:1372.6335:GDSVSDNGSEAVR+2	1	10266	7.992644	1.0228586	1.0130724	5.135311	4.786259	0.05770723	0.021026293	6	1	0.67094666	-0.39761734	0.0	10.0	10.0	3.3714561	0	13	0	1	0	0	646.7892943	1291.564036	22.877226	-.GDSVSDNGSEAVR.-	sp|Q61823|PDCD4_MOUSE	0.008558533443109	0.01083145543947565	0.01083145543947565
2023_05_31_mouse_tcell_100FC+PRTC_100fmol_100ng_60k_PRM_50cm_wtrap_01.mzml:1372.6335:GDSVSDNGSEAVR+2	1	10266	7.992644	1.0228586	1.0130724	5.135311	4.786259	0.05770723	0.021026293	6	1	0.67094666	-0.39761734	0.0	10.0	10.0	3.3714561	0	13	0	1	0	0	646.7892943	1291.564036	22.877226	-.GDSVSDNGSEAVR.-	sp|Q61823|PDCD4_MOUSE	0.008558533443109	0.010813728016497786	0.010813728016497786
2023_05_31_mouse_tcell_100FC+PRTC_100fmol_100ng_60k_PRM_50cm_wtrap_01.mzml:1372.6335:GDSVSDNGSEAVR+2	1	10266	7.992644	1.0228586	1.0130724	5.135311	4.784767	0.05770723	0.02095418	6	1	0.67094666	-0.39761734	0.0	10.0	10.0	2.9849367	0	13	0	1	0	0	646.7892943	1291.564036	22.877226	-.GDSVSDNGSEAVR.-	sp|Q61823|PDCD4_MOUSE	0.00821890832701	0.010539862505733752	0.010539862505733752
2023_05_31_mouse_tcell_100FC+PRTC_100fmol_100ng_60k_PRM_50cm_wtrap_01.mzml:1379.0101:decoyGVAESGNDSVSDR+2	0	10313	4.919768	0.1684758	0.40869325	4.6187377	4.486697	0.46316528	0.28562066	2	0	0.62781316	-0.4708599	0.8487706	4.2909064	-2.8056374	-3.0	0	13	0	1	0	0	646.7892943	1291.564036	22.983501	-.GVAESGNDSVSDR.-	DECOY_DECOY_sp|Q61823|PDCD4_MOUSE	-0.0522781992390899	-0.15172469854352405	1e-20
2023_05_31_mouse_tcell_100FC+PRTC_100fmol_100ng_60k_PRM_50cm_wtrap_01.mzml:1379.0101:decoyGVAESGNDSVSDR+2	0	10313	4.919768	0.1684758	0.40869325	4.6187377	4.486697	0.46316528	0.28562066	2	0	0.62781316	-0.4708599	0.8487706	4.2909064	-2.8056374	-3.0	0	13	0	1	0	0	646.7892943	1291.564036	22.983501	-.GVAESGNDSVSDR.-	DECOY_DECOY_sp|Q61823|PDCD4_MOUSE	-0.0522781992390899	-0.15115644124560823	1e-20
2023_05_31_mouse_tcell_100FC+PRTC_100fmol_100ng_60k_PRM_50cm_wtrap_01.mzml:1379.0101:decoyGVAESGNDSVSDR+2	0	10313	4.919768	0.1684758	0.40869325	4.6187377	4.485205	0.46316528	0.2913196	2	0	0.62781316	-0.4708599	0.8487706	4.2909064	-2.8056374	-3.0	0	13	0	1	0	0	646.7892943	1291.564036	22.983501	-.GVAESGNDSVSDR.-	DECOY_DECOY_sp|Q61823|PDCD4_MOUSE	-0.0527067410014699	-0.15412728808005594	1e-20
2023_05_31_mouse_tcell_100FC+PRTC_100fmol_100ng_60k_PRM_50cm_wtrap_01.mzml:1380.8787:decoyLIDEC[+57.0214635]EK+2	0	10327	7.1019673	0.2835517	0.4614953	5.721756	5.562307	0.41473812	0.29852992	4	0	3.8868701	0.90994716	0.15002112	8.845378	-8.845378	-2.865302	0	7	0	1	0	0	453.7154928	905.4164327	23.014645	-.LIDEC[+57.0214635]EK.-	DECOY_DECOY_sp|E9PVX6|KI67_MOUSE	-0.0533373892138799	-0.16084556434810657	1e-20
2023_05_31_mouse_tcell_100FC+PRTC_100fmol_100ng_60k_PRM_50cm_wtrap_01.mzml:1385.6216:LEC[+57.0214635]EDIK+2	1	10362	7.374233	0.37796983	0.51829004	5.9940214	5.6944003	0.15611006	0.0783087	4	0	3.260807	1.642758	0.15002112	8.240268	-8.240268	-3.0	0	7	0	1	0	0	453.7154933	905.4164337	23.093693	-.LEC[+57.0214635]EDIK.-	sp|E9PVX6|KI67_MOUSE	-0.0216503382135499	-0.03453318409268703	1e-20
2023_05_31_mouse_tcell_100FC+PRTC_100fmol_100ng_60k_PRM_50cm_wtrap_01.mzml:1389.4326:AAADDGEEPKSEPETK+3	1	10390	5.474634	0.009272064	0.12823696	4.696483	4.398698	0.25977188	0.13086009	3	0	3.0204136	-0.913705	0.73077935	5.444435	-5.444435	-3.0	1	16	0	0	1	0	558.5882064	1672.74279	23.15721	-.AAADDGEEPKSEPETK.-	sp|P28352|APEX1_MOUSE	-0.028401573086042	-0.05017394604673781	1e-20
2023_05_31_mouse_tcell_100FC+PRTC_100fmol_100ng_60k_PRM_50cm_wtrap_01.mzml:1389.4326:AAADDGEEPKSEPETK+3	1	10390	5.474634	0.009272064	0.12823696	4.696483	4.398698	0.25977188	0.13086009	3	0	3.0204136	-0.913705	0.73077935	5.444435	-5.444435	-3.0	1	16	0	0	1	0	558.5882064	1672.74279	23.15721	-.AAADDGEEPKSEPETK.-	sp|P28352|APEX1_MOUSE	-0.028401573086042	-0.050289023904643175	1e-20
2023_05_31_mouse_tcell_100FC+PRTC_100fmol_100ng_60k_PRM_50cm_wtrap_01.mzml:1389.4326:decoyATEPESKPEEGDDAAK+3	0	10390	5.0095863	0.21838073	0.3728467	4.708556	4.6672106	0.5017732	0.47394958	2	0	0.24963951	0.18722963	0.73077935	5.444435	-5.444435	-3.0	0	16	0	0	1	0	558.5882064	1672.74279	23.15721	-.ATEPESKPEEGDDAAK.-	DECOY_DECOY_sp|P28352|APEX1_MOUSE	-0.06602383173988	-0.2800571324350954	1e-20
2023_05_31_mouse_tcell_100FC+PRTC_100fmol_100ng_60k_PRM_50cm_wtrap_01.mzml:1389.4326:decoyATEPESKPEEGDDAAK+3	0	10390	5.0095863	0.21838073	0.3728467	4.708556	4.6672106	0.5017732	0.47394958	2	0	0.24963951	0.18722963	0.73077935	5.444435	-5.444435	-3.0	0	16	0	0	1	0	558.5882064	1672.74279	23.15721	-.ATEPESKPEEGDDAAK.-	DECOY_DECOY_sp|P28352|APEX1_MOUSE	-0.06602383173988	-0.2816044094098749	1e-20
2023_05_31_mouse_tcell_100FC+PRTC_100fmol_100ng_60k_PRM_50cm_wtrap_01.mzml:1391.0337:AAATPESQEPQAK+2	1	10402	6.145969	0.52246267	0.7734744	4.7657576	4.469801	0.09430789	0.04544777	4	0	6.4131007	0.402952	0.0	10.0	10.0	-1.8091054	0	13	0	1	0	0	664.3280568	1326.641561	23.183895	-.AAATPESQEPQAK.-	sp|P28667|MRP_MOUSE	-0.0093469739945099	-0.013538206235950548	1e-20
2023_05_31_mouse_tcell_100FC+PRTC_100fmol_100ng_60k_PRM_50cm_wtrap_01.mzml:1391.0337:AAATPESQEPQAK+2	1	10402	6.145969	0.52246267	0.7734744	4.7657576	4.469801	0.09430789	0.04544777	4	0	6.4131007	0.402952	0.0	10.0	10.0	-1.8091054	0	13	0	1	0	0	664.3280568	1326.641561	23.183895	-.AAATPESQEPQAK.-	sp|P28667|MRP_MOUSE	-0.0093469739945099	-0.013512853789815808	1e-20
2023_05_31_mouse_tcell_100FC+PRTC_100fmol_100ng_60k_PRM_50cm_wtrap_01.mzml:1402.9535:decoyEAETEDAPDKSD+2	0	10490	0.0	-0.005197436	0.47924766	0.0	0.0	0.1446479	0.14566043	0	0	0.0	0.0	0.0	10.0	10.0	-3.0	1	12	0	1	0	0	653.7676938	1305.520835	23.382559	-.EAETEDAPDKSD.-	DECOY_DECOY_sp|P54227|STMN1_MOUSE	-0.026664786337002	-0.04484796307661339	1e-20
2023_05_31_mouse_tcell_100FC+PRTC_100fmol_100ng_60k_PRM_50cm_wtrap_01.mzml:1407.2583:EKQDEQVGLPGK+2	1	10522	3.9205596	0.079367496	0.455204	3.9205596	3.6246028	1.0006163	0.50618684	1	0	0.13959305	-0.10469479	0.0	10.0	10.0	-3.0	1	12	0	1	0	0	664.3462493	1326.677946	23.454306	-.EKQDEQVGLPGK.-	sp|Q01320|TOP2A_MOUSE	-0.1017319938792579	-1.006885888138296	1e-20
2023_05_31_mouse_tcell_100FC+PRTC_100fmol_100ng_60k_PRM_50cm_wtrap_01.mzml:1407.2583:EKQDEQVGLPGK+2	1	10522	3.9205596	0.079367496	0.455204	3.9205596	3.6246028	1.0006163	0.50618684	1	0	0.13959305	-0.10469479	0.0	10.0	10.0	-3.0	1	12	0	1	0	0	664.3462493	1326.677946	23.454306	-.EKQDEQVGLPGK.-	sp|Q01320|TOP2A_MOUSE	-0.1017319938792579	-1.0199623282439882	1e-20
2023_05_31_mouse_tcell_100FC+PRTC_100fmol_100ng_60k_PRM_50cm_wtrap_01.mzml:1417.6731:EGVKFDESEK+2	1	10599	7.1686497	0.41267383	0.6702333	5.0894685	4.7906046	0.028712142	0.014427852	5	0	1.231893	0.48645124	0.33632234	1.648269	-1.648269	5.7035694	1	10	0	1	0	0	584.2800428	1166.545533	23.627886	-.EGVKFDESEK.-	sp|P08113|ENPL_MOUSE	0.005833317793188	0.007711166671817014	0.007711166671817014
2023_05_31_mouse_tcell_100FC+PRTC_100fmol_100ng_60k_PRM_50cm_wtrap_01.mzml:1417.6731:decoyEESEDFKVGK+2	0	10599	4.8803596	0.2141061	0.5111405	4.5793295	4.5814953	0.44598466	0.44057631	2	0	0.34882236	0.014860794	0.33632234	1.648269	-1.648269	-1.325902	1	10	0	1	0	0	584.2800428	1166.545533	23.627886	-.EESEDFKVGK.-	DECOY_DECOY_sp|P08113|ENPL_MOUSE	-0.060564930810664	-0.22587500766102708	1e-20
2023_05_31_mouse_tcell_100FC+PRTC_100fmol_100ng_60k_PRM_50cm_wtrap_01.mzml:1422.9471:decoyVSC[+57.0214635]FTQTGR+2	0	10638	6.44532	0.1964121	0.7293168	5.065109	5.067167	0.21103935	0.1991754	4	0	5.899719	-4.4247894	0.0	10.0	10.0	-1.3241673	0	9	0	1	0	0	528.2505663	1054.48658	23.715786	-.VSC[+57.0214635]FTQTGR.-	DECOY_DECOY_sp|Q3U7R1|ESYT1_MOUSE	-0.0283891729536499	-0.05003753771739206	1e-20
2023_05_31_mouse_tcell_100FC+PRTC_100fmol_100ng_60k_PRM_50cm_wtrap_01.mzml:1423.7482:SC[+57.0214635]C[+57.0214635]SC[+57.0214635]C[+57.0214635]PVGC[+57.0214635]SK+2	1	10644	5.026606	0.053596117	0.079334505	5.026606	4.728713	0.94773275	0.47730187	1	1	0.266759	-0.20006926	0.0	10.0	10.0	-3.0	0	12	0	1	0	0	731.2560258	1460.497499	23.729136	-.SC[+57.0214635]C[+57.0214635]SC[+57.0214635]C[+57.0214635]PVGC[+57.0214635]SK.-	sp|P02802|MT1_MOUSE	-0.094255080532306	-0.7424992058259207	1e-20
2023_05_31_mouse_tcell_100FC+PRTC_100fmol_100ng_60k_PRM_50cm_wtrap_01.mzml:1423.7482:decoySSC[+57.0214635]GVPC[+57.0214635]C[+57.0214635]SC[+57.0214635]C[+57.0214635]K+2	0	10644	4.8208866	0.033677515	0.0644209	4.8208866	4.8240237	0.8566161	0.86282647	1	0	0.35314655	-0.2648599	0.0	10.0	10.0	-2.4853914	0	12	0	1	0	0	731.2560233	1460.497494	23.729136	-.SSC[+57.0214635]GVPC[+57.0214635]C[+57.0214635]SC[+57.0214635]C[+57.0214635]K.-	DECOY_DECOY_sp|P02802|MT1_MOUSE	-0.115702340358135	-1.4642984714177083	1e-20
2023_05_31_mouse_tcell_100FC+PRTC_100fmol_100ng_60k_PRM_50cm_wtrap_01.mzml:1428.3555:decoyGVASPEEDAEVKR+2	0	10678	5.401704	0.17838572	0.6827828	4.623553	4.626582	0.19907957	0.20047314	3	0	2.8727734	-2.15458	0.0	10.0	10.0	-2.7809823	1	13	0	1	0	0	693.8466128	1385.678673	23.805925	-.GVASPEEDAEVKR.-	DECOY_DECOY_sp|E9PVX6|KI67_MOUSE	-0.0254649069089699	-0.04236833649509647	1e-20
2023_05_31_mouse_tcell_100FC+PRTC_100fmol_100ng_60k_PRM_50cm_wtrap_01.mzml:1440.6748:decoyVQPANENDQVQQDR+2	0	10769	0.0	-0.006477561	0.2160189	0.0	0.0	0.11000872	0.11088878	0	0	0.0	0.0	0.0	10.0	10.0	-3.0	0	14	0	1	0	0	820.8847898	1639.755027	24.011248	-.VQPANENDQVQQDR.-	DECOY_DECOY_sp|E9PVX6|KI67_MOUSE	-0.017423013858777	-0.026687632339237783	1e-20
2023_05_31_mouse_tcell_100FC+PRTC_100fmol_100ng_60k_PRM_50cm_wtrap_01.mzml:1446.7489:decoyLEIEEPTR+2	0	10814	6.862404	0.30752757	0.6240694	6.0842524	5.923415	0.5005132	0.32947525	3	0	0.4681816	0.3358066	0.0	10.0	10.0	-3.0	0	8	0	1	0	0	493.7612893	985.5080257	24.112482	-.LEIEEPTR.-	DECOY_DECOY_sp|P20029|BIP_MOUSE	-0.0569330477493599	-0.19447926045356567	1e-20
2023_05_31_mouse_tcell_100FC+PRTC_100fmol_100ng_60k_PRM_50cm_wtrap_01.mzml:1446.7489:decoyLEIEEPTR+2	0	10814	6.862404	0.30752757	0.6240694	6.0842524	5.923415	0.5005132	0.32947525	3	0	0.4681816	0.3358066	0.0	10.0	10.0	-3.0	0	8	0	1	0	0	493.7612893	985.5080257	24.112482	-.LEIEEPTR.-	DECOY_DECOY_sp|P20029|BIP_MOUSE	-0.0569330477493599	-0.19534361272224818	1e-20
2023_05_31_mouse_tcell_100FC+PRTC_100fmol_100ng_60k_PRM_50cm_wtrap_01.mzml:1456.8947:EKQDEQVGLPGK+2	1	10889	3.858439	0.07922648	0.606624	3.858439	3.562482	1.0006163	0.50618684	1	0	0.25906715	0.19430035	0.22450994	9.532427	9.532427	-3.0	1	12	0	1	0	0	664.3462493	1326.677946	24.281578	-.EKQDEQVGLPGK.-	sp|Q01320|TOP2A_MOUSE	-0.1022104200132699	-1.066303300678978	1e-20
2023_05_31_mouse_tcell_100FC+PRTC_100fmol_100ng_60k_PRM_50cm_wtrap_01.mzml:1456.8947:EKQDEQVGLPGK+2	1	10889	3.858439	0.07922648	0.606624	3.858439	3.562482	1.0006163	0.50618684	1	0	0.25906715	0.19430035	0.22450994	9.532427	9.532427	-3.0	1	12	0	1	0	0	664.3462493	1326.677946	24.281578	-.EKQDEQVGLPGK.-	sp|Q01320|TOP2A_MOUSE	-0.1022104200132699	-1.0520859233365916	1e-20
2023_05_31_mouse_tcell_100FC+PRTC_100fmol_100ng_60k_PRM_50cm_wtrap_01.mzml:1458.0955:ESKDPADETEAD+2	1	10898	4.3157234	0.023687476	0.32736784	4.3157234	4.0177226	0.99891305	0.50295264	1	0	1.5768982	1.1826737	0.520549	5.608576	-5.608576	-2.4210691	1	12	0	1	0	0	653.7676938	1305.520835	24.301592	-.ESKDPADETEAD.-	sp|P54227|STMN1_MOUSE	-0.1046892149531579	-1.15457248491197	1e-20
2023_05_31_mouse_tcell_100FC+PRTC_100fmol_100ng_60k_PRM_50cm_wtrap_01.mzml:1459.5977:decoyEAETEDAPDKSD+2	0	10909	0.0	-0.010453641	0.5815693	0.0	0.0	0.1446479	0.14566043	0	0	0.0	0.0	0.5315161	3.9293694	-3.9293694	-3.0	1	12	0	1	0	0	653.7676938	1305.520835	24.326628	-.EAETEDAPDKSD.-	DECOY_DECOY_sp|P54227|STMN1_MOUSE	-0.028085148936007	-0.049053699046600466	1e-20
2023_05_31_mouse_tcell_100FC+PRTC_100fmol_100ng_60k_PRM_50cm_wtrap_01.mzml:1463.2374:GKVEADEEPSAVR+2	1	10936	4.1334186	0.104626246	0.3354922	4.1334186	3.8354182	0.83829045	0.42207918	1	0	1.0649348	-0.79870117	0.0	10.0	10.0	-2.6474276	1	13	0	1	0	0	693.8466128	1385.678673	24.387291	-.GKVEADEEPSAVR.-	sp|E9PVX6|KI67_MOUSE	-0.085301394431958	-0.5104858643524929	1e-20
2023_05_31_mouse_tcell_100FC+PRTC_100fmol_100ng_60k_PRM_50cm_wtrap_01.mzml:1467.9785:decoyEGPLGVQEDQKK+2	0	10971	4.6759644	0.117644675	0.46708092	4.374934	4.3800073	0.4200734	0.4250092	2	0	3.6263611	-2.719771	0.0	10.0	10.0	-3.0	1	12	0	1	0	0	664.3462493	1326.677946	24.466309	-.EGPLGVQEDQKK.-	DECOY_DECOY_sp|Q01320|TOP2A_MOUSE	-0.0587826110614849	-0.2130524682604054	1e-20
2023_05_31_mouse_tcell_100FC+PRTC_100fmol_100ng_60k_PRM_50cm_wtrap_01.mzml:1467.9785:decoyEGPLGVQEDQKK+2	0	10971	4.6759644	0.117644675	0.46708092	4.374934	4.3800073	0.4200734	0.4250092	2	0	3.6263611	-2.719771	0.0	10.0	10.0	-3.0	1	12	0	1	0	0	664.3462493	1326.677946	24.466309	-.EGPLGVQEDQKK.-	DECOY_DECOY_sp|Q01320|TOP2A_MOUSE	-0.0587826110614849	-0.2120568959788147	1e-20
2023_05_31_mouse_tcell_100FC+PRTC_100fmol_100ng_60k_PRM_50cm_wtrap_01.mzml:1474.4553:LEC[+57.0214635]EDIK+2	1	11019	10.9242	0.531204	0.76879543	6.318679	6.019058	0.06380127	0.032004315	8	0	0.37461373	-0.26641026	0.49492738	4.420106	-4.420106	1.3820429	0	7	0	1	0	0	453.7154933	905.4164337	24.574255	-.LEC[+57.0214635]EDIK.-	sp|E9PVX6|KI67_MOUSE	-5.690838141499816e-05	-7.915904586014159e-05	1e-20
2023_05_31_mouse_tcell_100FC+PRTC_100fmol_100ng_60k_PRM_50cm_wtrap_01.mzml:1480.6644:decoyLIDEC[+57.0214635]EK+2	0	11065	6.7103424	0.2792663	0.4887644	5.932191	5.745792	0.5496762	0.3733015	3	0	0.78023624	-0.3784358	0.0	10.0	10.0	-3.0	0	7	0	1	0	0	453.7154928	905.4164327	24.67774	-.LIDEC[+57.0214635]EK.-	DECOY_DECOY_sp|E9PVX6|KI67_MOUSE	-0.0643621210110999	-0.2628971292093604	1e-20
2023_05_31_mouse_tcell_100FC+PRTC_100fmol_100ng_60k_PRM_50cm_wtrap_01.mzml:1481.3652:decoyAAQPEQSEPTAAK+2	0	11070	0.0	-0.004584862	0.15258276	0.0	0.0	0.18311755	0.18526919	0	0	0.0	0.0	0.962645	4.0286875	4.0286875	-2.571617	0	13	0	1	0	0	664.3280568	1326.641561	24.68942	-.AAQPEQSEPTAAK.-	DECOY_DECOY_sp|P28667|MRP_MOUSE	-0.032584345393414	-0.06241963931443079	1e-20
2023_05_31_mouse_tcell_100FC+PRTC_100fmol_100ng_60k_PRM_50cm_wtrap_01.mzml:1481.3652:decoyAAQPEQSEPTAAK+2	0	11070	0.0	-0.004584862	0.15258276	0.0	0.0	0.18311755	0.18526919	0	0	0.0	0.0	0.962645	4.0286875	4.0286875	-2.571617	0	13	0	1	0	0	664.3280568	1326.641561	24.68942	-.AAQPEQSEPTAAK.-	DECOY_DECOY_sp|P28667|MRP_MOUSE	-0.032584345393414	-0.06226513525672181	1e-20
2023_05_31_mouse_tcell_100FC+PRTC_100fmol_100ng_60k_PRM_50cm_wtrap_01.mzml:1488.6439:decoyEESEDFKVGK+2	0	11124	6.414346	0.2682152	1.1570545	5.034135	4.9727907	0.16111031	0.141206	4	0	5.0070715	-1.7572448	0.50391483	3.1821373	-2.432624	-0.70121	1	10	0	1	0	0	584.2800428	1166.545533	24.810732	-.EESEDFKVGK.-	DECOY_DECOY_sp|P08113|ENPL_MOUSE	-0.0205561494416899	-0.03245265310630798	1e-20
2023_05_31_mouse_tcell_100FC+PRTC_100fmol_100ng_60k_PRM_50cm_wtrap_01.mzml:1491.3491:decoyMSESDQERPSDC[+57.0214635]LEAR+3	0	11144	4.498162	-0.010641414	0.5803209	4.498162	4.4997873	0.94119686	0.93631244	1	1	2.8119097	2.1089323	0.0	10.0	10.0	-3.0	0	16	0	0	1	0	637.272006	1908.794189	24.855818	-.MSESDQERPSDC[+57.0214635]LEAR.-	DECOY_DECOY_sp|O89110|CASP8_MOUSE	-0.127701675278358	-4.286334491951842	1e-20
2023_05_31_mouse_tcell_100FC+PRTC_100fmol_100ng_60k_PRM_50cm_wtrap_01.mzml:1492.5852:VDQQVQDNENAPQR+2	1	11153	4.6841073	-0.003222099	0.33222282	4.6841073	4.386538	0.7860247	0.39340457	1	1	0.5101418	0.38260636	0.0	10.0	10.0	-3.0	0	14	0	1	0	0	820.8847898	1639.755027	24.876421	-.VDQQVQDNENAPQR.-	sp|E9PVX6|KI67_MOUSE	-0.0769624681983929	-0.40145287465648194	1e-20
2023_05_31_mouse_tcell_100FC+PRTC_100fmol_100ng_60k_PRM_50cm_wtrap_01.mzml:1492.5852:decoyVQPANENDQVQQDR+2	0	11153	0.0	-0.00120625	0.20628855	0.0	0.0	0.11000872	0.11088878	0	0	0.0	0.0	0.0	10.0	10.0	-3.0	0	14	0	1	0	0	820.8847898	1639.755027	24.876421	-.VQPANENDQVQQDR.-	DECOY_DECOY_sp|E9PVX6|KI67_MOUSE	-0.01744124614444	-0.0268219960627643	1e-20
2023_05_31_mouse_tcell_100FC+PRTC_100fmol_100ng_60k_PRM_50cm_wtrap_01.mzml:1499.8668:decoyDETELTSGDGSHSEEGQPPTR+3	0	11207	4.3591585	0.1116795	0.10271731	4.0581284	3.915037	0.47197038	0.34005567	2	1	1.1476685	-0.8607514	0.0	10.0	10.0	-2.4102104	0	21	0	0	1	0	743.6561194	2227.946529	24.99778	-.DETELTSGDGSHSEEGQPPTR.-	DECOY_DECOY_sp|Q8C156|CND2_MOUSE	-0.04850948250594	-0.13048543726336473	1e-20
2023_05_31_mouse_tcell_100FC+PRTC_100fmol_100ng_60k_PRM_50cm_wtrap_01.mzml:1524.0737:VGTQTFC[+57.0214635]SR+2	1	11386	11.245126	1.3522457	1.8555156	5.6853623	5.38639	0.003585061	0.001801045	9	0	2.2915218	-1.7186414	0.0	10.0	10.0	-1.5005109	0	9	0	1	0	0	528.2505668	1054.486581	25.401228	-.VGTQTFC[+57.0214635]SR.-	sp|Q3U7R1|ESYT1_MOUSE	0.0104032735145859	0.012727935266656599	0.012727935266656599
2023_05_31_mouse_tcell_100FC+PRTC_100fmol_100ng_60k_PRM_50cm_wtrap_01.mzml:1539.1052:decoyEGPLGVQEDQKK+2	0	11497	5.00368	0.14649378	0.28959993	4.70265	4.7077236	0.53432715	0.54060555	2	0	0.67820054	-0.5086504	0.0	10.0	10.0	-3.0	1	12	0	1	0	0	664.3462493	1326.677946	25.651754	-.EGPLGVQEDQKK.-	DECOY_DECOY_sp|Q01320|TOP2A_MOUSE	-0.0725473937913299	-0.3333725476601589	1e-20
2023_05_31_mouse_tcell_100FC+PRTC_100fmol_100ng_60k_PRM_50cm_wtrap_01.mzml:1539.1052:decoyEGPLGVQEDQKK+2	0	11497	5.00368	0.14649378	0.28959993	4.70265	4.7077236	0.53432715	0.54060555	2	0	0.67820054	-0.5086504	0.0	10.0	10.0	-3.0	1	12	0	1	0	0	664.3462493	1326.677946	25.651754	-.EGPLGVQEDQKK.-	DECOY_DECOY_sp|Q01320|TOP2A_MOUSE	-0.0725473937913299	-0.3353687904605191	1e-20
2023_05_31_mouse_tcell_100FC+PRTC_100fmol_100ng_60k_PRM_50cm_wtrap_01.mzml:1550.3297:DREC[+57.0214635]ESYFK+2	1	11580	8.565106	0.926784	1.1104496	5.7077737	5.40891	0.017283611	0.008685014	6	0	4.3176627	1.3973984	0.0	10.0	10.0	-2.2536395	1	9	0	1	0	0	617.2638658	1232.513179	25.838829	-.DREC[+57.0214635]ESYFK.-	sp|P04187|GRAB_MOUSE	0.003240290800523	0.004459009800363202	0.004459009800363202
2023_05_31_mouse_tcell_100FC+PRTC_100fmol_100ng_60k_PRM_50cm_wtrap_01.mzml:1550.3297:decoyDFYSEC[+57.0214635]ERK+2	0	11580	4.891805	0.28003532	0.3436457	4.891805	4.5929413	0.78410554	0.45914838	1	0	0.11531494	0.086486205	0.0	10.0	10.0	-2.5294118	1	9	0	1	0	0	617.2638653	1232.513178	25.838829	-.DFYSEC[+57.0214635]ERK.-	DECOY_DECOY_sp|P04187|GRAB_MOUSE	-0.0846294734936849	-0.49495419346306624	1e-20
2023_05_31_mouse_tcell_100FC+PRTC_100fmol_100ng_60k_PRM_50cm_wtrap_01.mzml:1572.385:decoyYESSAGPLGGHSPGEC[+57.0214635]GK+3	0	11743	4.7539234	0.35167104	0.45172828	4.4528933	4.255254	0.37807226	0.26801842	2	1	1.1604542	-0.87034065	0.0	10.0	10.0	-1.9408755	0	18	0	0	1	0	597.2651777	1788.773704	26.206417	-.YESSAGPLGGHSPGEC[+57.0214635]GK.-	DECOY_DECOY_sp|Q9WTK5|NFKB2_MOUSE	-0.04036810653719	-0.08803440182686632	1e-20
2023_05_31_mouse_tcell_100FC+PRTC_100fmol_100ng_60k_PRM_50cm_wtrap_01.mzml:1572.385:decoyYESSAGPLGGHSPGEC[+57.0214635]GK+3	0	11743	4.7539234	0.35167104	0.45172828	4.4528933	4.255254	0.37807226	0.26801842	2	1	1.1604542	-0.87034065	0.0	10.0	10.0	-1.9408755	0	18	0	0	1	0	597.2651777	1788.773704	26.206417	-.YESSAGPLGGHSPGEC[+57.0214635]GK.-	DECOY_DECOY_sp|Q9WTK5|NFKB2_MOUSE	-0.04036810653719	-0.08828379106716906	1e-20
2023_05_31_mouse_tcell_100FC+PRTC_100fmol_100ng_60k_PRM_50cm_wtrap_01.mzml:1574.6897:YGC[+57.0214635]EGPSHGGLPGASSEK+3	1	11760	7.6780725	1.0321356	0.81545943	4.8207397	4.5248904	0.05001173	0.025305934	6	0	3.0966263	2.3224697	0.0	10.0	10.0	-1.5804819	0	18	0	0	1	0	597.265178	1788.773705	26.24483	-.YGC[+57.0214635]EGPSHGGLPGASSEK.-	sp|Q9WTK5|NFKB2_MOUSE	0.004153324303122	0.005635090267153223	0.005635090267153223
2023_05_31_mouse_tcell_100FC+PRTC_100fmol_100ng_60k_PRM_50cm_wtrap_01.mzml:1574.6897:YGC[+57.0214635]EGPSHGGLPGASSEK+3	1	11760	7.6780725	1.0321356	0.81545943	4.8207397	4.5248904	0.05001173	0.025305934	6	0	3.0966263	2.3224697	0.0	10.0	10.0	-1.5804819	0	18	0	0	1	0	597.265178	1788.773705	26.24483	-.YGC[+57.0214635]EGPSHGGLPGASSEK.-	sp|Q9WTK5|NFKB2_MOUSE	0.004153324303122	0.005625204143877515	0.005625204143877515
2023_05_31_mouse_tcell_100FC+PRTC_100fmol_100ng_60k_PRM_50cm_wtrap_01.mzml:1581.4723:DTPPQGEESHSGDGSTLETER+3	1	11810	5.228401	0.17699753	0.44573852	4.4502497	4.151602	0.20483552	0.10298106	3	0	0.7230212	0.26553473	0.0	10.0	10.0	-1.5227852	0	21	0	0	1	0	743.6561194	2227.946529	26.357872	-.DTPPQGEESHSGDGSTLETER.-	sp|Q8C156|CND2_MOUSE	-0.0130341404475799	-0.01923968723811029	1e-20
2023_05_31_mouse_tcell_100FC+PRTC_100fmol_100ng_60k_PRM_50cm_wtrap_01.mzml:1584.1799:MAELC[+57.0214635]DSPREQDSESR+3	1	11830	9.611698	0.9667827	0.8110928	5.006177	4.7067723	0.027280673	0.013691487	8	0	1.5333987	-0.8907083	0.0	10.0	10.0	-1.0970755	1	16	0	0	1	0	637.2720064	1908.79419	26.402998	-.MAELC[+57.0214635]DSPREQDSESR.-	sp|O89110|CASP8_MOUSE	0.012783753198644	0.01464251850052399	0.01464251850052399
2023_05_31_mouse_tcell_100FC+PRTC_100fmol_100ng_60k_PRM_50cm_wtrap_01.mzml:1585.3818:decoyMSESDQERPSDC[+57.0214635]LEAR+3	0	11839	4.2712464	0.16364965	0.2796804	4.2712464	3.9718423	0.8491079	0.47196823	1	0	0.104306094	0.07822957	0.0	10.0	10.0	-3.0	0	16	0	0	1	0	637.272006	1908.794189	26.42303	-.MSESDQERPSDC[+57.0214635]LEAR.-	DECOY_DECOY_sp|O89110|CASP8_MOUSE	-0.0861191197314699	-0.5361609712314095	1e-20
2023_05_31_mouse_tcell_100FC+PRTC_100fmol_100ng_60k_PRM_50cm_wtrap_01.mzml:1602.1548:decoyDFYSEC[+57.0214635]ERK+2	0	11963	5.848401	0.5485389	0.5641989	5.547371	5.278211	0.5294583	0.33647954	2	0	0.481517	-0.30042267	0.9729493	2.238913	2.238913	-2.1489146	1	9	0	1	0	0	617.2638653	1232.513178	26.70258	-.DFYSEC[+57.0214635]ERK.-	DECOY_DECOY_sp|P04187|GRAB_MOUSE	-0.05739575921251	-0.2004955932672295	1e-20
2023_05_31_mouse_tcell_100FC+PRTC_100fmol_100ng_60k_PRM_50cm_wtrap_01.mzml:1606.0973:DREC[+57.0214635]ESYFK+2	1	11992	10.106262	1.7660904	2.5518746	6.4038315	6.1049676	0.005582271	0.002805091	7	3	0.19138335	-0.027699972	0.96974087	4.859119	4.859119	-2.2333474	1	9	0	1	0	0	617.2638658	1232.513179	26.768288	-.DREC[+57.0214635]ESYFK.-	sp|P04187|GRAB_MOUSE	0.012981991106406	0.014760084144544085	0.014760084144544085
2023_05_31_mouse_tcell_100FC+PRTC_100fmol_100ng_60k_PRM_50cm_wtrap_01.mzml:1606.6323:decoyEGVGPEVDTSR+2	0	11996	6.6679606	0.3238107	0.5341941	5.2877493	4.867164	0.2381645	0.12927881	4	1	2.031246	-1.4080634	0.0	10.0	10.0	-3.0	0	11	0	1	0	0	573.2752923	1144.536032	26.777205	-.EGVGPEVDTSR.-	DECOY_DECOY_sp|Q8C147|DOCK8_MOUSE	-0.0250219456607699	-0.04136390160624061	1e-20
2023_05_31_mouse_tcell_100FC+PRTC_100fmol_100ng_60k_PRM_50cm_wtrap_01.mzml:1606.6323:decoyEGVGPEVDTSR+2	0	11996	6.6679606	0.3238107	0.5341941	5.2877493	4.867164	0.2381645	0.12927881	4	1	2.031246	-1.4080634	0.0	10.0	10.0	-3.0	0	11	0	1	0	0	573.2752923	1144.536032	26.777205	-.EGVGPEVDTSR.-	DECOY_DECOY_sp|Q8C147|DOCK8_MOUSE	-0.0250219456607699	-0.041275517201099066	1e-20
2023_05_31_mouse_tcell_100FC+PRTC_100fmol_100ng_60k_PRM_50cm_wtrap_01.mzml:1606.6323:decoyEGVGPEVDTSR+2	0	11996	6.6679606	0.3238107	0.5341941	5.2877493	4.867164	0.2381645	0.12927881	4	1	2.031246	-1.4080634	0.0	10.0	10.0	-3.0	0	11	0	1	0	0	573.2752923	1144.536032	26.777205	-.EGVGPEVDTSR.-	DECOY_DECOY_sp|Q8C147|DOCK8_MOUSE	-0.0250219456607699	-0.04118750970173638	1e-20
2023_05_31_mouse_tcell_100FC+PRTC_100fmol_100ng_60k_PRM_50cm_wtrap_01.mzml:1606.6323:decoyEGVGPEVDTSR+2	0	11996	6.6679606	0.3238107	0.5341941	5.2877493	4.867164	0.2381645	0.12927881	4	1	2.031246	-1.4080634	0.0	10.0	10.0	-3.0	0	11	0	1	0	0	573.2752923	1144.536032	26.777205	-.EGVGPEVDTSR.-	DECOY_DECOY_sp|Q8C147|DOCK8_MOUSE	-0.0250219456607699	-0.041452665343593056	1e-20
2023_05_31_mouse_tcell_100FC+PRTC_100fmol_100ng_60k_PRM_50cm_wtrap_01.mzml:1616.79:decoyVSC[+57.0214635]FTQTGR+2	0	12071	6.320819	0.2454723	0.7140871	4.9406075	4.858329	0.20125648	0.20117171	4	0	5.440307	-1.1790109	0.0	10.0	10.0	-1.6769066	0	9	0	1	0	0	528.2505663	1054.48658	26.9465	-.VSC[+57.0214635]FTQTGR.-	DECOY_DECOY_sp|Q3U7R1|ESYT1_MOUSE	-0.0293732090575899	-0.05310566134065434	1e-20
2023_05_31_mouse_tcell_100FC+PRTC_100fmol_100ng_60k_PRM_50cm_wtrap_01.mzml:1622.0675:ESTDVEPGVGR+2	1	12110	10.115415	1.3318967	1.5865135	5.509894	5.0844603	0.004294137	0.00198796	8	4	2.028764	-1.521573	0.0	10.0	10.0	5.1006966	0	11	0	1	0	0	573.2752923	1144.536032	27.034458	-.ESTDVEPGVGR.-	sp|Q8C147|DOCK8_MOUSE	0.016115930799647	0.017748214803605538	0.017748214803605538
2023_05_31_mouse_tcell_100FC+PRTC_100fmol_100ng_60k_PRM_50cm_wtrap_01.mzml:1622.0675:ESTDVEPGVGR+2	1	12110	10.115415	1.3318967	1.5865135	5.509894	5.0844603	0.004294137	0.00198796	8	4	2.028764	-1.521573	0.0	10.0	10.0	5.1006966	0	11	0	1	0	0	573.2752923	1144.536032	27.034458	-.ESTDVEPGVGR.-	sp|Q8C147|DOCK8_MOUSE	0.016115930799647	0.01779899653408796	0.01779899653408796
2023_05_31_mouse_tcell_100FC+PRTC_100fmol_100ng_60k_PRM_50cm_wtrap_01.mzml:1622.0675:ESTDVEPGVGR+2	1	12110	10.115415	1.3318967	1.5865135	5.509894	5.0844603	0.004294137	0.00198796	8	4	2.028764	-1.521573	0.0	10.0	10.0	5.1006966	0	11	0	1	0	0	573.2752923	1144.536032	27.034458	-.ESTDVEPGVGR.-	sp|Q8C147|DOCK8_MOUSE	0.016115930799647	0.017773569396182118	0.017773569396182118
2023_05_31_mouse_tcell_100FC+PRTC_100fmol_100ng_60k_PRM_50cm_wtrap_01.mzml:1622.0675:ESTDVEPGVGR+2	1	12110	10.115415	1.3318967	1.5865135	5.509894	5.0844603	0.004294137	0.00198796	8	4	2.028764	-1.521573	0.0	10.0	10.0	5.1006966	0	11	0	1	0	0	573.2752923	1144.536032	27.034458	-.ESTDVEPGVGR.-	sp|Q8C147|DOCK8_MOUSE	0.016115930799647	0.017824496529122467	0.017824496529122467
2023_05_31_mouse_tcell_100FC+PRTC_100fmol_100ng_60k_PRM_50cm_wtrap_01.mzml:1637.6003:YGC[+57.0214635]EGPSHGGLPGASSEK+3	1	12225	3.8830488	0.09117398	0.12519583	3.8830488	3.5871992	0.9317649	0.47147298	1	0	0.052331105	0.03924833	0.0	10.0	10.0	-2.5292377	0	18	0	0	1	0	597.265178	1788.773705	27.293339	-.YGC[+57.0214635]EGPSHGGLPGASSEK.-	sp|Q9WTK5|NFKB2_MOUSE	-0.0929204829288199	-0.7032805178534212	1e-20
2023_05_31_mouse_tcell_100FC+PRTC_100fmol_100ng_60k_PRM_50cm_wtrap_01.mzml:1651.6969:MAELC[+57.0214635]DSPREQDSESR+3	1	12329	4.0153747	0.09418771	0.47905624	4.0153747	3.7159703	0.9860138	0.49485564	1	1	0.5309339	-0.39820045	0.0	10.0	10.0	-2.4961562	1	16	0	0	1	0	637.2720064	1908.79419	27.528282	-.MAELC[+57.0214635]DSPREQDSESR.-	sp|O89110|CASP8_MOUSE	-0.0959686573020799	-0.7798716151284808	1e-20
2023_05_31_mouse_tcell_100FC+PRTC_100fmol_100ng_60k_PRM_50cm_wtrap_01.mzml:1659.9425:FVSNITR+2	1	12390	7.5085573	0.45862308	0.69327915	5.4293756	5.1296463	0.25662974	0.12869981	5	1	2.1860435	-0.32421118	0.0	10.0	10.0	-2.2760096	0	7	0	1	0	0	418.7348773	835.4552017	27.665709	-.FVSNITR.-	sp|P13864|DNMT1_MOUSE	-0.0268024263087399	-0.04517788888722097	1e-20
2023_05_31_mouse_tcell_100FC+PRTC_100fmol_100ng_60k_PRM_50cm_wtrap_01.mzml:1665.2222:VGTQTFC[+57.0214635]SR+2	1	12429	6.343412	0.35384095	0.7040136	4.9632006	4.6642284	0.20776929	0.1043781	4	0	2.1934705	0.19186386	0.0	10.0	10.0	-2.8619745	0	9	0	1	0	0	528.2505668	1054.486581	27.753702	-.VGTQTFC[+57.0214635]SR.-	sp|Q3U7R1|ESYT1_MOUSE	-0.0222337380465199	-0.03553715480727404	1e-20
2023_05_31_mouse_tcell_100FC+PRTC_100fmol_100ng_60k_PRM_50cm_wtrap_01.mzml:1675.2045:NMMAAC[+57.0214635]DPR+2	1	12503	10.998938	1.5296304	1.7487438	6.393417	6.094661	0.04015793	0.020184375	8	2	0.8214224	-0.07710524	0.43495485	3.2162147	3.2162147	-1.2909365	0	9	0	1	0	0	533.2173548	1064.420157	27.920074	-.NMMAAC[+57.0214635]DPR.-	sp|P68372|TBB4B_MOUSE;sp|P99024|TBB5_MOUSE;sp|Q7TMM9|TBB2A_MOUSE;sp|Q922F4|TBB6_MOUSE;sp|Q9CWF2|TBB2B_MOUSE;sp|Q9D6F9|TBB4A_MOUSE;sp|Q9ERD7|TBB3_MOUSE	0.007546189174795	0.00972563947068738	0.00972563947068738
2023_05_31_mouse_tcell_100FC+PRTC_100fmol_100ng_60k_PRM_50cm_wtrap_01.mzml:1742.8364:decoyFTINSVR+2	0	13003	6.729191	0.33249265	0.5965708	5.3489795	5.09684	0.42947298	0.28976014	4	0	2.3391778	-1.7543833	0.0	10.0	10.0	-1.986227	0	7	0	1	0	0	418.7348773	835.4552017	29.047274	-.FTINSVR.-	DECOY_DECOY_sp|P13864|DNMT1_MOUSE	-0.05055006657405	-0.14037644386750575	1e-20
2023_05_31_mouse_tcell_100FC+PRTC_100fmol_100ng_60k_PRM_50cm_wtrap_01.mzml:1743.1033:NMMAAC[+57.0214635]DPR+2	1	13005	6.540796	0.38588783	0.68423015	6.2397656	5.94101	0.36638504	0.18415427	2	0	0.48282853	-0.3621214	0.0	10.0	10.0	-3.0	0	9	0	1	0	0	533.2173548	1064.420157	29.051722	-.NMMAAC[+57.0214635]DPR.-	sp|P68372|TBB4B_MOUSE;sp|P99024|TBB5_MOUSE;sp|Q7TMM9|TBB2A_MOUSE;sp|Q922F4|TBB6_MOUSE;sp|Q9CWF2|TBB2B_MOUSE;sp|Q9D6F9|TBB4A_MOUSE;sp|Q9ERD7|TBB3_MOUSE	-0.03958810836809	-0.08560789820774643	1e-20
2023_05_31_mouse_tcell_100FC+PRTC_100fmol_100ng_60k_PRM_50cm_wtrap_01.mzml:1745.2755:decoyMPSDC[+57.0214635]LEAR+2	0	13021	6.435318	0.30884624	0.73107964	5.0551066	4.9654403	0.19653721	0.18215373	4	0	4.7097845	-3.5323384	0.0	10.0	10.0	-2.1743684	0	9	0	1	0	0	539.7364338	1077.458315	29.087925	-.MPSDC[+57.0214635]LEAR.-	DECOY_DECOY_sp|O89110|CASP8_MOUSE	-0.02622628404524	-0.04401454626722887	1e-20
2023_05_31_mouse_tcell_100FC+PRTC_100fmol_100ng_60k_PRM_50cm_wtrap_01.mzml:1745.6758:FVSNITR+2	1	13024	9.382368	0.61628425	0.91389346	5.679937	5.380208	0.08953657	0.04490259	7	0	0.7675274	-0.5160157	0.0	10.0	10.0	-0.6527662	0	7	0	1	0	0	418.7348773	835.4552017	29.094597	-.FVSNITR.-	sp|P13864|DNMT1_MOUSE	-0.0050837568853899	-0.007148743744118402	1e-20
2023_05_31_mouse_tcell_100FC+PRTC_100fmol_100ng_60k_PRM_50cm_wtrap_01.mzml:1749.6168:MAELC[+57.0214635]DSPR+2	1	13053	11.083815	1.2914093	1.5253059	5.524051	5.2183337	0.004113688	0.002023499	9	0	1.5075921	-0.50836974	0.0	10.0	10.0	-2.3825498	0	9	0	1	0	0	539.7364343	1077.458316	29.16028	-.MAELC[+57.0214635]DSPR.-	sp|O89110|CASP8_MOUSE	0.009562442500925	0.011887609679088728	0.011887609679088728
2023_05_31_mouse_tcell_100FC+PRTC_100fmol_100ng_60k_PRM_50cm_wtrap_01.mzml:1752.053:DTPPQGEESHSGDGSTLETER+3	1	13071	4.6766415	0.2141228	0.21954788	4.3756113	4.0769634	0.64067525	0.32209954	2	1	0.283429	-0.21257174	0.0	10.0	10.0	-3.0	0	21	0	0	1	0	743.6561194	2227.946529	29.200884	-.DTPPQGEESHSGDGSTLETER.-	sp|Q8C156|CND2_MOUSE	-0.05777213242343	-0.20272766468585438	1e-20
2023_05_31_mouse_tcell_100FC+PRTC_100fmol_100ng_60k_PRM_50cm_wtrap_01.mzml:1753.2546:decoyLPFPVMNVAR+2	0	13080	7.1330805	0.5587703	0.8524675	5.752869	5.759442	0.2051863	0.20636785	4	0	5.8040547	0.28173348	0.0	10.0	10.0	-1.9042768	0	10	0	1	0	0	572.3207943	1142.627036	29.220911	-.LPFPVMNVAR.-	DECOY_DECOY_sp|A2AQ07|TBB1_MOUSE;DECOY_DECOY_sp|P68372|TBB4B_MOUSE;DECOY_DECOY_sp|P99024|TBB5_MOUSE;DECOY_DECOY_sp|Q7TMM9|TBB2A_MOUSE;DECOY_DECOY_sp|Q922F4|TBB6_MOUSE;DECOY_DECOY_sp|Q9CWF2|TBB2B_MOUSE;DECOY_DECOY_sp|Q9D6F9|TBB4A_MOUSE;DECOY_DECOY_sp|Q9ERD7|TBB3_MOUSE	-0.0279178750616299	-0.0483242142322383	1e-20
2023_05_31_mouse_tcell_100FC+PRTC_100fmol_100ng_60k_PRM_50cm_wtrap_01.mzml:1753.2546:decoyLPFPVMNVAR+2	0	13080	7.1330805	0.5587703	0.8524675	5.752869	5.759442	0.2051863	0.20636785	4	0	5.8040547	0.28173348	0.0	10.0	10.0	-1.9042768	0	10	0	1	0	0	572.3207943	1142.627036	29.220911	-.LPFPVMNVAR.-	DECOY_DECOY_sp|A2AQ07|TBB1_MOUSE;DECOY_DECOY_sp|P68372|TBB4B_MOUSE;DECOY_DECOY_sp|P99024|TBB5_MOUSE;DECOY_DECOY_sp|Q7TMM9|TBB2A_MOUSE;DECOY_DECOY_sp|Q922F4|TBB6_MOUSE;DECOY_DECOY_sp|Q9CWF2|TBB2B_MOUSE;DECOY_DECOY_sp|Q9D6F9|TBB4A_MOUSE;DECOY_DECOY_sp|Q9ERD7|TBB3_MOUSE	-0.0279178750616299	-0.048432807972086024	1e-20
2023_05_31_mouse_tcell_100FC+PRTC_100fmol_100ng_60k_PRM_50cm_wtrap_01.mzml:1753.2546:decoyLPFPVMNVAR+2	0	13080	7.1330805	0.5587703	0.8524675	5.752869	5.759442	0.2051863	0.20636785	4	0	5.8040547	0.28173348	0.0	10.0	10.0	-1.9042768	0	10	0	1	0	0	572.3207943	1142.627036	29.220911	-.LPFPVMNVAR.-	DECOY_DECOY_sp|A2AQ07|TBB1_MOUSE;DECOY_DECOY_sp|P68372|TBB4B_MOUSE;DECOY_DECOY_sp|P99024|TBB5_MOUSE;DECOY_DECOY_sp|Q7TMM9|TBB2A_MOUSE;DECOY_DECOY_sp|Q922F4|TBB6_MOUSE;DECOY_DECOY_sp|Q9CWF2|TBB2B_MOUSE;DECOY_DECOY_sp|Q9D6F9|TBB4A_MOUSE;DECOY_DECOY_sp|Q9ERD7|TBB3_MOUSE	-0.0279178750616299	-0.04854189087292406	1e-20
2023_05_31_mouse_tcell_100FC+PRTC_100fmol_100ng_60k_PRM_50cm_wtrap_01.mzml:1753.2546:decoyLPFPVMNVAR+2	0	13080	7.1330805	0.5587703	0.8524675	5.752869	5.759442	0.2051863	0.20636785	4	0	5.8040547	0.28173348	0.0	10.0	10.0	-1.9042768	0	10	0	1	0	0	572.3207943	1142.627036	29.220911	-.LPFPVMNVAR.-	DECOY_DECOY_sp|A2AQ07|TBB1_MOUSE;DECOY_DECOY_sp|P68372|TBB4B_MOUSE;DECOY_DECOY_sp|P99024|TBB5_MOUSE;DECOY_DECOY_sp|Q7TMM9|TBB2A_MOUSE;DECOY_DECOY_sp|Q922F4|TBB6_MOUSE;DECOY_DECOY_sp|Q9CWF2|TBB2B_MOUSE;DECOY_DECOY_sp|Q9D6F9|TBB4A_MOUSE;DECOY_DECOY_sp|Q9ERD7|TBB3_MOUSE	-0.0279178750616299	-0.048216106370421216	1e-20
2023_05_31_mouse_tcell_100FC+PRTC_100fmol_100ng_60k_PRM_50cm_wtrap_01.mzml:1754.49:FNAHGDANTIVC[+57.0214635]NTK+3	1	13089	13.325502	2.156584	3.053232	6.7657394	6.4683857	0.001011594	0.00051	10	2	1.1578797	-0.86840975	0.9482946	3.34152	2.9166062	-1.8927662	0	15	0	0	1	0	554.5948614	1660.762755	29.241499	-.FNAHGDANTIVC[+57.0214635]NTK.-	sp|P16045|LEG1_MOUSE	0.019532565127704	0.020267661664768125	0.020267661664768125
2023_05_31_mouse_tcell_100FC+PRTC_100fmol_100ng_60k_PRM_50cm_wtrap_01.mzml:1772.0509:decoyDETELTSGDGSHSEEGQPPTR+3	0	13219	4.515955	0.15834565	0.32003534	4.214925	4.0475345	0.51355094	0.3394849	2	0	0.4542764	0.3407073	0.0	10.0	10.0	-2.3710113	0	21	0	0	1	0	743.6561194	2227.946529	29.534182	-.DETELTSGDGSHSEEGQPPTR.-	DECOY_DECOY_sp|Q8C156|CND2_MOUSE	-0.0510938102280299	-0.14291457063782276	1e-20
2023_05_31_mouse_tcell_100FC+PRTC_100fmol_100ng_60k_PRM_50cm_wtrap_01.mzml:1772.3174:VETQNPSLSSPETK+2	1	13221	5.44096	0.37807313	0.45013407	4.6628084	4.3641605	0.16796994	0.08444689	3	0	2.9094296	-2.1820722	0.0	10.0	10.0	-2.6771028	0	14	0	1	0	0	758.8781098	1515.741667	29.538624	-.VETQNPSLSSPETK.-	sp|E9Q394|AKP13_MOUSE	-0.01399821048529	-0.02082200095307106	1e-20
2023_05_31_mouse_tcell_100FC+PRTC_100fmol_100ng_60k_PRM_50cm_wtrap_01.mzml:1795.8633:decoyFTNC[+57.0214635]VITNADGHANK+3	0	13395	5.9135227	0.1679636	0.27734813	5.1353717	5.0769024	0.3255281	0.29603088	3	0	3.0134733	-1.1226513	0.0	10.0	10.0	-3.0	0	15	0	0	1	0	554.594861	1660.762754	29.931055	-.FTNC[+57.0214635]VITNADGHANK.-	DECOY_DECOY_sp|P16045|LEG1_MOUSE	-0.04069185399785	-0.09001178019008653	1e-20
2023_05_31_mouse_tcell_100FC+PRTC_100fmol_100ng_60k_PRM_50cm_wtrap_01.mzml:1805.3182:FNAHGDANTIVC[+57.0214635]NTK+3	1	13465	10.541851	0.86645937	0.9376427	5.93633	5.6389756	0.014583437	0.007353697	8	0	2.316961	-1.7377208	0.6105757	1.6348314	1.6348314	-2.3556361	0	15	0	0	1	0	554.5948614	1660.762755	30.088636	-.FNAHGDANTIVC[+57.0214635]NTK.-	sp|P16045|LEG1_MOUSE	0.008814659808488	0.011119146032929307	0.011119146032929307
2023_05_31_mouse_tcell_100FC+PRTC_100fmol_100ng_60k_PRM_50cm_wtrap_01.mzml:1808.9896:decoyMPSDC[+57.0214635]LEAR+2	0	13492	5.6313877	0.43348774	0.6336426	4.8532367	4.703992	0.27859604	0.21710745	3	0	2.831805	-2.1238537	0.0	10.0	10.0	-2.8544312	0	9	0	1	0	0	539.7364338	1077.458315	30.149828	-.MPSDC[+57.0214635]LEAR.-	DECOY_DECOY_sp|O89110|CASP8_MOUSE	-0.03481222418263	-0.06838431824170575	1e-20
2023_05_31_mouse_tcell_100FC+PRTC_100fmol_100ng_60k_PRM_50cm_wtrap_01.mzml:1809.5234:decoyNPDC[+57.0214635]AAMMR+2	0	13496	7.138507	0.2144845	0.45333505	5.7582955	5.7016134	0.33857638	0.21438837	4	0	2.7578478	-0.35209054	0.0	10.0	10.0	-1.7153733	0	9	0	1	0	0	533.2173543	1064.420156	30.158724	-.NPDC[+57.0214635]AAMMR.-	DECOY_DECOY_sp|P68372|TBB4B_MOUSE;DECOY_DECOY_sp|P99024|TBB5_MOUSE;DECOY_DECOY_sp|Q7TMM9|TBB2A_MOUSE;DECOY_DECOY_sp|Q922F4|TBB6_MOUSE;DECOY_DECOY_sp|Q9CWF2|TBB2B_MOUSE;DECOY_DECOY_sp|Q9D6F9|TBB4A_MOUSE;DECOY_DECOY_sp|Q9ERD7|TBB3_MOUSE	-0.0368010163624199	-0.07476417008365306	1e-20
2023_05_31_mouse_tcell_100FC+PRTC_100fmol_100ng_60k_PRM_50cm_wtrap_01.mzml:1811.961:MAELC[+57.0214635]DSPR+2	1	13514	11.069983	1.6675855	1.8724244	5.5102186	5.2028527	0.006190613	0.003108381	9	0	0.89667696	-0.6377061	0.0	10.0	10.0	-2.3830476	0	9	0	1	0	0	539.7364343	1077.458316	30.19935	-.MAELC[+57.0214635]DSPR.-	sp|O89110|CASP8_MOUSE	0.011711162276546	0.01384535570825959	0.01384535570825959
2023_05_31_mouse_tcell_100FC+PRTC_100fmol_100ng_60k_PRM_50cm_wtrap_01.mzml:1813.1619:decoyFTINSVR+2	0	13523	6.6526446	0.51127654	0.79741496	5.2724333	5.1014085	0.34967145	0.22125237	4	1	5.5272865	-4.145465	0.0	10.0	10.0	-2.2116108	0	7	0	1	0	0	418.7348773	835.4552017	30.219364	-.FTINSVR.-	DECOY_DECOY_sp|P13864|DNMT1_MOUSE	-0.0410806800003399	-0.09165978312214568	1e-20
2023_05_31_mouse_tcell_100FC+PRTC_100fmol_100ng_60k_PRM_50cm_wtrap_01.mzml:1816.8367:VETQNPSLSSPETK+2	1	13550	7.9938054	0.8719495	1.0633628	5.1364727	4.8378243	0.03164982	0.015911948	6	1	0.86656886	-0.6202251	0.0	10.0	10.0	-1.5297265	0	14	0	1	0	0	758.8781098	1515.741667	30.280611	-.VETQNPSLSSPETK.-	sp|E9Q394|AKP13_MOUSE	0.008442235800024	0.01077257196300583	0.01077257196300583
2023_05_31_mouse_tcell_100FC+PRTC_100fmol_100ng_60k_PRM_50cm_wtrap_01.mzml:1848.4543:decoyVTEPSSLSPNQTEK+2	0	13784	5.439105	0.3436842	0.48164898	4.6609535	4.625918	0.29792657	0.27818003	3	0	2.2948606	-1.7211454	0.0	10.0	10.0	-2.026246	0	14	0	1	0	0	758.8781098	1515.741667	30.807573	-.VTEPSSLSPNQTEK.-	DECOY_DECOY_sp|E9Q394|AKP13_MOUSE	-0.0340858439827799	-0.0666184089992559	1e-20
2023_05_31_mouse_tcell_100FC+PRTC_100fmol_100ng_60k_PRM_50cm_wtrap_01.mzml:1853.3286:decoyFSTGMPTSESR+2	0	13820	5.3084984	0.18514058	0.5400645	5.007468	5.009634	0.38587007	0.36782002	2	0	5.896311	4.422233	0.0	10.0	10.0	-3.0	0	11	0	1	0	0	600.2716953	1198.528838	30.888811	-.FSTGMPTSESR.-	DECOY_DECOY_sp|Q9JL26|FMNL1_MOUSE	-0.05825705987251	-0.20821504732211907	1e-20
2023_05_31_mouse_tcell_100FC+PRTC_100fmol_100ng_60k_PRM_50cm_wtrap_01.mzml:1869.8163:decoyNPDC[+57.0214635]AAMMR+2	0	13942	6.4633446	0.24226774	0.43722433	5.6851935	5.598015	0.46804148	0.29732865	3	0	1.4276533	-1.07074	0.0	10.0	10.0	-1.8841639	0	9	0	1	0	0	533.2173543	1064.420156	31.163605	-.NPDC[+57.0214635]AAMMR.-	DECOY_DECOY_sp|P68372|TBB4B_MOUSE;DECOY_DECOY_sp|P99024|TBB5_MOUSE;DECOY_DECOY_sp|Q7TMM9|TBB2A_MOUSE;DECOY_DECOY_sp|Q922F4|TBB6_MOUSE;DECOY_DECOY_sp|Q9CWF2|TBB2B_MOUSE;DECOY_DECOY_sp|Q9D6F9|TBB4A_MOUSE;DECOY_DECOY_sp|Q9ERD7|TBB3_MOUSE	-0.0513245286079799	-0.14460779593197257	1e-20
2023_05_31_mouse_tcell_100FC+PRTC_100fmol_100ng_60k_PRM_50cm_wtrap_01.mzml:1887.282:DPPGPQPQASSSIR+2	1	14071	5.675371	0.41639215	0.4801407	4.8972197	4.6019063	0.26912603	0.13634595	3	1	2.4308023	0.359757	0.0	10.0	10.0	-3.0	0	14	0	1	0	0	718.8600548	1435.705557	31.4547	-.DPPGPQPQASSSIR.-	sp|O54824|IL16_MOUSE	-0.0255527644870699	-0.04269855883986572	1e-20
2023_05_31_mouse_tcell_100FC+PRTC_100fmol_100ng_60k_PRM_50cm_wtrap_01.mzml:1890.9202:decoySSSTPVDETEMTER+2	0	14098	4.4602547	0.2036378	0.5273595	4.1592245	3.9205089	0.8758695	0.47821864	2	1	0.45078173	-0.3380863	0.0	10.0	10.0	-2.3849363	0	14	0	1	0	0	784.8408673	1567.667182	31.515337	-.SSSTPVDETEMTER.-	DECOY_DECOY_sp|Q62351|TFR1_MOUSE	-0.08549451532378	-0.5156387955465481	1e-20
2023_05_31_mouse_tcell_100FC+PRTC_100fmol_100ng_60k_PRM_50cm_wtrap_01.mzml:1899.5663:FSESTPMGTSR+2	1	14162	11.321058	1.5602198	2.0147808	5.7612944	5.4624305	0.001226402	0.000616	9	0	1.6149144	-1.2111858	0.83032125	5.0376015	-5.0376015	-1.3813798	0	11	0	1	0	0	600.2716953	1198.528838	31.659437	-.FSESTPMGTSR.-	sp|Q9JL26|FMNL1_MOUSE	0.011594559906482	0.013728527987429606	0.013728527987429606
2023_05_31_mouse_tcell_100FC+PRTC_100fmol_100ng_60k_PRM_50cm_wtrap_01.mzml:1912.0249:decoyVNGQDNAIIER+2	0	14254	6.1059475	0.021783503	0.3465333	5.8049173	5.8104196	0.3062849	0.31019008	2	0	0.9439597	0.7079698	0.99969405	4.707853	4.41094	-3.0	0	11	0	1	0	0	614.8176583	1227.620764	31.867083	-.VNGQDNAIIER.-	DECOY_DECOY_sp|P16627|HS71L_MOUSE;DECOY_DECOY_sp|P17156|HSP72_MOUSE;DECOY_DECOY_sp|P17879|HS71B_MOUSE;DECOY_DECOY_sp|P20029|BIP_MOUSE;DECOY_DECOY_sp|P63017|HSP7C_MOUSE;DECOY_DECOY_sp|Q61696|HS71A_MOUSE	-0.045731940405409	-0.11137242269077523	1e-20
2023_05_31_mouse_tcell_100FC+PRTC_100fmol_100ng_60k_PRM_50cm_wtrap_01.mzml:1912.0249:decoyVNGQDNAIIER+2	0	14254	6.1059475	0.021783503	0.3465333	5.8049173	5.8104196	0.3062849	0.31019008	2	0	0.9439597	0.7079698	0.99969405	4.707853	4.41094	-3.0	0	11	0	1	0	0	614.8176583	1227.620764	31.867083	-.VNGQDNAIIER.-	DECOY_DECOY_sp|P16627|HS71L_MOUSE;DECOY_DECOY_sp|P17156|HSP72_MOUSE;DECOY_DECOY_sp|P17879|HS71B_MOUSE;DECOY_DECOY_sp|P20029|BIP_MOUSE;DECOY_DECOY_sp|P63017|HSP7C_MOUSE;DECOY_DECOY_sp|Q61696|HS71A_MOUSE	-0.045731940405409	-0.11172486706637895	1e-20
2023_05_31_mouse_tcell_100FC+PRTC_100fmol_100ng_60k_PRM_50cm_wtrap_01.mzml:1913.3611:VEIIANDQGNR+2	1	14264	14.101122	2.0895333	2.5712104	7.541358	7.24583	0.001642646	0.000832	10	7	1.3932662	1.0449497	0.99908173	4.5429654	3.9151413	-2.5460217	0	11	0	1	0	0	614.8176583	1227.620764	31.88935	-.VEIIANDQGNR.-	sp|P16627|HS71L_MOUSE;sp|P17156|HSP72_MOUSE;sp|P17879|HS71B_MOUSE;sp|P20029|BIP_MOUSE;sp|P63017|HSP7C_MOUSE;sp|Q61696|HS71A_MOUSE	0.016120196236186	0.01770240610858548	0.01770240610858548
2023_05_31_mouse_tcell_100FC+PRTC_100fmol_100ng_60k_PRM_50cm_wtrap_01.mzml:1913.3611:VEIIANDQGNR+2	1	14264	14.101122	2.0895333	2.5712104	7.541358	7.24583	0.001642646	0.000832	10	7	1.3932662	1.0449497	0.99908173	4.5429654	3.9151413	-2.5460217	0	11	0	1	0	0	614.8176583	1227.620764	31.88935	-.VEIIANDQGNR.-	sp|P16627|HS71L_MOUSE;sp|P17156|HSP72_MOUSE;sp|P17879|HS71B_MOUSE;sp|P20029|BIP_MOUSE;sp|P63017|HSP7C_MOUSE;sp|Q61696|HS71A_MOUSE	0.016120196236186	0.017727623211304264	0.017727623211304264
2023_05_31_mouse_tcell_100FC+PRTC_100fmol_100ng_60k_PRM_50cm_wtrap_01.mzml:1913.6274:decoyVFYGAC[+57.0214635]R+2	0	14266	5.990164	0.5261029	0.57513916	5.2120123	5.0807896	0.43385723	0.26273948	3	0	0.61032563	0.31494796	0.0	10.0	10.0	-3.0	0	7	0	1	0	0	436.7078013	871.4010497	31.893791	-.VFYGAC[+57.0214635]R.-	DECOY_DECOY_sp|P20334|TNR9_MOUSE	-0.04882613447617	-0.13225886251088856	1e-20
2023_05_31_mouse_tcell_100FC+PRTC_100fmol_100ng_60k_PRM_50cm_wtrap_01.mzml:1918.1018:ISEQFTAMFR+2	1	14299	6.8150263	0.21423142	0.26550165	6.0368752	5.703818	0.4866133	0.23531242	3	1	1.063197	0.79739773	0.0	10.0	10.0	-3.0	0	10	0	1	0	0	615.3027988	1228.591045	31.968363	-.ISEQFTAMFR.-	sp|P68372|TBB4B_MOUSE;sp|P99024|TBB5_MOUSE;sp|Q7TMM9|TBB2A_MOUSE;sp|Q9CWF2|TBB2B_MOUSE;sp|Q9D6F9|TBB4A_MOUSE;sp|Q9ERD7|TBB3_MOUSE	-0.0481327633020799	-0.12769241673266557	1e-20
2023_05_31_mouse_tcell_100FC+PRTC_100fmol_100ng_60k_PRM_50cm_wtrap_01.mzml:1918.1018:ISEQFTAMFR+2	1	14299	6.8150263	0.21423142	0.26550165	6.0368752	5.703818	0.4866133	0.23531242	3	1	1.063197	0.79739773	0.0	10.0	10.0	-3.0	0	10	0	1	0	0	615.3027988	1228.591045	31.968363	-.ISEQFTAMFR.-	sp|P68372|TBB4B_MOUSE;sp|P99024|TBB5_MOUSE;sp|Q7TMM9|TBB2A_MOUSE;sp|Q9CWF2|TBB2B_MOUSE;sp|Q9D6F9|TBB4A_MOUSE;sp|Q9ERD7|TBB3_MOUSE	-0.0481327633020799	-0.12725511393563588	1e-20
2023_05_31_mouse_tcell_100FC+PRTC_100fmol_100ng_60k_PRM_50cm_wtrap_01.mzml:1922.3094:decoyEENDSNSFLILR+2	0	14330	5.150618	0.21227925	0.61282307	4.849588	4.8553047	0.3515095	0.35229284	2	0	1.3585187	-1.0188891	0.0	10.0	10.0	-3.0	0	12	0	1	0	0	718.8544368	1435.694321	32.03849	-.EENDSNSFLILR.-	DECOY_DECOY_sp|Q01320|TOP2A_MOUSE;DECOY_DECOY_sp|Q64511|TOP2B_MOUSE	-0.04628697996714	-0.11416469180393635	1e-20
2023_05_31_mouse_tcell_100FC+PRTC_100fmol_100ng_60k_PRM_50cm_wtrap_01.mzml:1922.3094:decoyEENDSNSFLILR+2	0	14330	5.150618	0.21227925	0.61282307	4.849588	4.8553047	0.3515095	0.35229284	2	0	1.3585187	-1.0188891	0.0	10.0	10.0	-3.0	0	12	0	1	0	0	718.8544368	1435.694321	32.03849	-.EENDSNSFLILR.-	DECOY_DECOY_sp|Q01320|TOP2A_MOUSE;DECOY_DECOY_sp|Q64511|TOP2B_MOUSE	-0.04628697996714	-0.11453060427766691	1e-20
2023_05_31_mouse_tcell_100FC+PRTC_100fmol_100ng_60k_PRM_50cm_wtrap_01.mzml:1932.8618:decoyFSTGMPTSESR+2	0	14408	6.5773897	0.7168213	1.0754408	5.1971784	4.9387326	0.18623503	0.1458871	4	0	4.141417	-3.106063	0.83032125	3.5124133	-3.5124133	-2.9100482	0	11	0	1	0	0	600.2716953	1198.528838	32.214363	-.FSTGMPTSESR.-	DECOY_DECOY_sp|Q9JL26|FMNL1_MOUSE	-0.02253241546817	-0.036089262949019166	1e-20
2023_05_31_mouse_tcell_100FC+PRTC_100fmol_100ng_60k_PRM_50cm_wtrap_01.mzml:1933.1289:decoyVTEPSSLSPNQTEK+2	0	14410	4.6883645	0.11154674	0.17579044	4.3873343	4.389716	0.45844272	0.45933536	2	0	3.7841074	2.8380806	0.0	10.0	10.0	-3.0	0	14	0	1	0	0	758.8781098	1515.741667	32.218815	-.VTEPSSLSPNQTEK.-	DECOY_DECOY_sp|E9Q394|AKP13_MOUSE	-0.0636645086612399	-0.2546580346449596	1e-20
2023_05_31_mouse_tcell_100FC+PRTC_100fmol_100ng_60k_PRM_50cm_wtrap_01.mzml:1942.5796:DPPGPQPQASSSIR+2	1	14480	9.80826	1.8243057	2.6588488	6.1058297	5.8105164	0.003000064	0.001519907	7	5	1.2033792	-0.90253437	0.9956158	3.56549	1.3657583	-1.9757137	0	14	0	1	0	0	718.8600548	1435.705557	32.376328	-.DPPGPQPQASSSIR.-	sp|O54824|IL16_MOUSE	0.0149098988327549	0.016657658319662493	0.016657658319662493
2023_05_31_mouse_tcell_100FC+PRTC_100fmol_100ng_60k_PRM_50cm_wtrap_01.mzml:1942.5796:DPPGPQPQASSSIR+2	1	14480	9.80826	1.8243057	2.6588488	6.1058297	5.8105164	0.003000064	0.001519907	7	5	1.2033792	-0.90253437	0.9956158	3.56549	1.3657583	-1.9757137	0	14	0	1	0	0	718.8600548	1435.705557	32.376328	-.DPPGPQPQASSSIR.-	sp|O54824|IL16_MOUSE	0.0149098988327549	0.016633586559084944	0.016633586559084944
2023_05_31_mouse_tcell_100FC+PRTC_100fmol_100ng_60k_PRM_50cm_wtrap_01.mzml:1942.5796:decoyDISSSAQPQPGPPR+2	0	14480	5.2399397	0.56484187	0.5114834	4.9389095	4.944626	0.31267434	0.31681728	2	0	3.3607886	-2.5205915	0.9956158	3.56549	1.3657583	-1.8271027	0	14	0	1	0	0	718.8600548	1435.705557	32.376328	-.DISSSAQPQPGPPR.-	DECOY_DECOY_sp|O54824|IL16_MOUSE	-0.0415057215151299	-0.0936912778060827	1e-20
2023_05_31_mouse_tcell_100FC+PRTC_100fmol_100ng_60k_PRM_50cm_wtrap_01.mzml:1942.5796:decoyDISSSAQPQPGPPR+2	0	14480	5.2399397	0.56484187	0.5114834	4.9389095	4.944626	0.31267434	0.31681728	2	0	3.3607886	-2.5205915	0.9956158	3.56549	1.3657583	-1.8271027	0	14	0	1	0	0	718.8600548	1435.705557	32.376328	-.DISSSAQPQPGPPR.-	DECOY_DECOY_sp|O54824|IL16_MOUSE	-0.0415057215151299	-0.0934181253926539	1e-20
2023_05_31_mouse_tcell_100FC+PRTC_100fmol_100ng_60k_PRM_50cm_wtrap_01.mzml:1946.7867:SETMETEDVPTSSR+2	1	14511	7.9313564	0.47245356	0.49679512	6.551145	6.251524	0.01658675	0.008320329	4	1	0.5445525	0.262384	0.5798174	5.925737	-5.925737	-1.4795108	0	14	0	1	0	0	784.8408673	1567.667182	32.446445	-.SETMETEDVPTSSR.-	sp|Q62351|TFR1_MOUSE	0.004096386890977	0.005567624436327894	0.005567624436327894
2023_05_31_mouse_tcell_100FC+PRTC_100fmol_100ng_60k_PRM_50cm_wtrap_01.mzml:1960.1752:VC[+57.0214635]AGYFR+2	1	14610	9.663639	0.8421002	1.0151045	5.9612083	5.6613708	0.027491454	0.013783529	7	1	0.6664719	-0.4998539	0.41414842	3.4051669	-3.4051669	-1.2891006	0	7	0	1	0	0	436.7078018	871.4010507	32.669586	-.VC[+57.0214635]AGYFR.-	sp|P20334|TNR9_MOUSE	0.001034614112781	0.0014339714453625349	0.0014339714453625349
2023_05_31_mouse_tcell_100FC+PRTC_100fmol_100ng_60k_PRM_50cm_wtrap_01.mzml:1961.1093:decoyFTNC[+57.0214635]VITNADGHANK+3	0	14617	5.960079	0.3097769	0.34440964	5.1819277	5.118775	0.32478175	0.29005465	3	0	0.84965897	0.005366042	0.0	10.0	10.0	-3.0	0	15	0	0	1	0	554.594861	1660.762754	32.685154	-.FTNC[+57.0214635]VITNADGHANK.-	DECOY_DECOY_sp|P16045|LEG1_MOUSE	-0.0383912445739419	-0.08097825358219439	1e-20
2023_05_31_mouse_tcell_100FC+PRTC_100fmol_100ng_60k_PRM_50cm_wtrap_01.mzml:1963.946:decoyYEPTSVVVK+2	0	14638	5.1921415	0.24012902	0.38460985	4.8911114	4.7664485	0.5700686	0.34049374	2	0	0.5142834	-0.23937255	0.97947156	3.0103433	2.8771918	-3.0	0	9	0	1	0	0	511.2818533	1020.549154	32.732433	-.YEPTSVVVK.-	DECOY_DECOY_sp|P18572|BASI_MOUSE	-0.06531908475244	-0.2725747752912631	1e-20
2023_05_31_mouse_tcell_100FC+PRTC_100fmol_100ng_60k_PRM_50cm_wtrap_01.mzml:1963.946:decoyYEPTSVVVK+2	0	14638	5.1921415	0.24012902	0.38460985	4.8911114	4.7632446	0.5700686	0.35223445	2	0	0.5142834	-0.23937255	0.97947156	3.0103433	2.8771918	-3.0	0	9	0	1	0	0	511.2818533	1020.549154	32.732433	-.YEPTSVVVK.-	DECOY_DECOY_sp|P18572|BASI_MOUSE	-0.06620260404501	-0.283935612904154	1e-20
2023_05_31_mouse_tcell_100FC+PRTC_100fmol_100ng_60k_PRM_50cm_wtrap_01.mzml:1969.088:YVVVSTPEK+2	1	14676	10.807743	1.6978827	2.0065687	6.202222	5.9100046	0.007945536	0.00405421	8	4	0.7731333	-0.57984996	0.96800834	4.7413774	4.1751027	-1.263186	0	9	0	1	0	0	511.2818533	1020.549154	32.818134	-.YVVVSTPEK.-	sp|P18572|BASI_MOUSE	0.010631725707666	0.012966338461798028	0.012966338461798028
2023_05_31_mouse_tcell_100FC+PRTC_100fmol_100ng_60k_PRM_50cm_wtrap_01.mzml:1969.088:YVVVSTPEK+2	1	14676	10.807743	1.6978827	2.0065687	6.202222	5.906801	0.007945536	0.004024414	8	4	0.7731333	-0.57984996	0.96800834	4.7413774	4.1751027	-1.247746	0	9	0	1	0	0	511.2818533	1020.549154	32.818134	-.YVVVSTPEK.-	sp|P18572|BASI_MOUSE	0.010631256719158	0.012986281941756292	0.012986281941756292
2023_05_31_mouse_tcell_100FC+PRTC_100fmol_100ng_60k_PRM_50cm_wtrap_01.mzml:1970.2892:VEIIANDQGNR+2	1	14685	12.063017	1.4081755	1.7571138	6.5032535	6.2077255	0.002461297	0.001246339	9	0	0.7149698	-0.47547776	0.5228287	0.2483059	-0.2483059	-2.818204	0	11	0	1	0	0	614.8176583	1227.620764	32.838154	-.VEIIANDQGNR.-	sp|P16627|HS71L_MOUSE;sp|P17156|HSP72_MOUSE;sp|P17879|HS71B_MOUSE;sp|P20029|BIP_MOUSE;sp|P63017|HSP7C_MOUSE;sp|Q61696|HS71A_MOUSE	0.011509856516584	0.013670168047388997	0.013670168047388997
2023_05_31_mouse_tcell_100FC+PRTC_100fmol_100ng_60k_PRM_50cm_wtrap_01.mzml:1970.7239:decoyVFYGAC[+57.0214635]R+2	0	14688	6.632514	0.6061624	0.6229401	5.2523026	5.028053	0.368716	0.26543155	4	0	0.5060103	-0.33496034	0.41414842	1.3122988	-1.3122988	-1.6114588	0	7	0	1	0	0	436.7078013	871.4010497	32.845398	-.VFYGAC[+57.0214635]R.-	DECOY_DECOY_sp|P20334|TNR9_MOUSE	-0.04279045010551	-0.09831615321861226	1e-20
2023_05_31_mouse_tcell_100FC+PRTC_100fmol_100ng_60k_PRM_50cm_wtrap_01.mzml:1972.3258:decoySSSTPVDETEMTER+2	0	14700	4.461276	0.021154884	0.084551744	4.160246	3.92297	0.87080795	0.4772918	2	0	0.7727957	-0.002102882	0.0	10.0	10.0	-2.384681	0	14	0	1	0	0	784.8408673	1567.667182	32.872097	-.SSSTPVDETEMTER.-	DECOY_DECOY_sp|Q62351|TFR1_MOUSE	-0.0866900237884519	-0.548563101349876	1e-20
2023_05_31_mouse_tcell_100FC+PRTC_100fmol_100ng_60k_PRM_50cm_wtrap_01.mzml:1976.1312:decoyIFMATFQESR+2	0	14728	6.056491	0.35041878	0.5901929	5.2783394	5.108467	0.44449168	0.20115171	3	0	5.9238153	4.16613	0.0	10.0	10.0	-3.0	0	10	0	1	0	0	615.3027988	1228.591045	32.93552	-.IFMATFQESR.-	DECOY_DECOY_sp|P68372|TBB4B_MOUSE;DECOY_DECOY_sp|P99024|TBB5_MOUSE;DECOY_DECOY_sp|Q7TMM9|TBB2A_MOUSE;DECOY_DECOY_sp|Q9CWF2|TBB2B_MOUSE;DECOY_DECOY_sp|Q9D6F9|TBB4A_MOUSE;DECOY_DECOY_sp|Q9ERD7|TBB3_MOUSE	-0.0467276534160299	-0.1182745850399183	1e-20
2023_05_31_mouse_tcell_100FC+PRTC_100fmol_100ng_60k_PRM_50cm_wtrap_01.mzml:1976.1312:decoyIFMATFQESR+2	0	14728	6.056491	0.35041878	0.5901929	5.2783394	5.108467	0.44449168	0.20115171	3	0	5.9238153	4.16613	0.0	10.0	10.0	-3.0	0	10	0	1	0	0	615.3027988	1228.591045	32.93552	-.IFMATFQESR.-	DECOY_DECOY_sp|P68372|TBB4B_MOUSE;DECOY_DECOY_sp|P99024|TBB5_MOUSE;DECOY_DECOY_sp|Q7TMM9|TBB2A_MOUSE;DECOY_DECOY_sp|Q9CWF2|TBB2B_MOUSE;DECOY_DECOY_sp|Q9D6F9|TBB4A_MOUSE;DECOY_DECOY_sp|Q9ERD7|TBB3_MOUSE	-0.0467276534160299	-0.11788806678815388	1e-20
2023_05_31_mouse_tcell_100FC+PRTC_100fmol_100ng_60k_PRM_50cm_wtrap_01.mzml:1998.1646:FSESTPMGTSR+2	1	14891	5.197692	0.092662275	0.3177532	4.8966618	4.597798	0.3061734	0.15385212	2	0	0.93635845	-0.46091914	0.0	10.0	10.0	-2.9895492	0	11	0	1	0	0	600.2716953	1198.528838	33.302742	-.FSESTPMGTSR.-	sp|Q9JL26|FMNL1_MOUSE	-0.0343809300677249	-0.06736568023422239	1e-20
2023_05_31_mouse_tcell_100FC+PRTC_100fmol_100ng_60k_PRM_50cm_wtrap_01.mzml:1999.3655:SETMETEDVPTSSR+2	1	14900	6.1448383	0.37859443	0.59942424	5.366687	5.0670657	0.21357661	0.10713538	3	3	1.8900533	-1.41754	0.0	10.0	10.0	-3.0	0	14	0	1	0	0	784.8408673	1567.667182	33.322758	-.SETMETEDVPTSSR.-	sp|Q62351|TFR1_MOUSE	-0.0168772366924599	-0.025597694944163148	1e-20
2023_05_31_mouse_tcell_100FC+PRTC_100fmol_100ng_60k_PRM_50cm_wtrap_01.mzml:2014.2561:VEIIANDQGNR+2	1	15010	12.048101	1.7407783	2.024416	6.4883385	6.1928105	0.007253996	0.003673242	9	1	1.9101979	-1.4326484	0.5228287	2.1323075	2.1323075	-2.8201957	0	11	0	1	0	0	614.8176583	1227.620764	33.570934	-.VEIIANDQGNR.-	sp|P16627|HS71L_MOUSE;sp|P17156|HSP72_MOUSE;sp|P17879|HS71B_MOUSE;sp|P20029|BIP_MOUSE;sp|P63017|HSP7C_MOUSE;sp|Q61696|HS71A_MOUSE	0.012373205053102	0.014364081655631192	0.014364081655631192
2023_05_31_mouse_tcell_100FC+PRTC_100fmol_100ng_60k_PRM_50cm_wtrap_01.mzml:2025.6141:decoyVNGQDNAIIER+2	0	15094	6.394228	0.38826662	0.68208027	5.616077	5.621579	0.27940544	0.2829679	3	0	1.7585573	-1.318918	0.0	10.0	10.0	-3.0	0	11	0	1	0	0	614.8176583	1227.620764	33.760235	-.VNGQDNAIIER.-	DECOY_DECOY_sp|P16627|HS71L_MOUSE;DECOY_DECOY_sp|P17156|HSP72_MOUSE;DECOY_DECOY_sp|P17879|HS71B_MOUSE;DECOY_DECOY_sp|P20029|BIP_MOUSE;DECOY_DECOY_sp|P63017|HSP7C_MOUSE;DECOY_DECOY_sp|Q61696|HS71A_MOUSE	-0.0371406127878299	-0.0766645804069644	1e-20
2023_05_31_mouse_tcell_100FC+PRTC_100fmol_100ng_60k_PRM_50cm_wtrap_01.mzml:2025.6141:decoyVNGQDNAIIER+2	0	15094	6.394228	0.38826662	0.68208027	5.616077	5.621579	0.27940544	0.2829679	3	0	1.7585573	-1.318918	0.0	10.0	10.0	-3.0	0	11	0	1	0	0	614.8176583	1227.620764	33.760235	-.VNGQDNAIIER.-	DECOY_DECOY_sp|P16627|HS71L_MOUSE;DECOY_DECOY_sp|P17156|HSP72_MOUSE;DECOY_DECOY_sp|P17879|HS71B_MOUSE;DECOY_DECOY_sp|P20029|BIP_MOUSE;DECOY_DECOY_sp|P63017|HSP7C_MOUSE;DECOY_DECOY_sp|Q61696|HS71A_MOUSE	-0.0371406127878299	-0.07646014152587916	1e-20
2023_05_31_mouse_tcell_100FC+PRTC_100fmol_100ng_60k_PRM_50cm_wtrap_01.mzml:2054.261:WNIDSSC[+57.0214635]K+2	1	15306	9.967478	1.2826077	1.6731875	5.3619566	5.0639563	0.005747101	0.002893665	8	0	1.3058258	0.054853946	0.88073075	2.9255855	-2.9255855	-1.4439051	0	8	0	1	0	0	505.2240163	1008.43348	34.237682	-.WNIDSSC[+57.0214635]K.-	sp|Q62351|TFR1_MOUSE	0.0066825289139	0.008743919189035254	0.008743919189035254
2023_05_31_mouse_tcell_100FC+PRTC_100fmol_100ng_60k_PRM_50cm_wtrap_01.mzml:2054.261:WNIDSSC[+57.0214635]K+2	1	15306	9.967478	1.2826077	1.6731875	5.3619566	5.0639563	0.005747101	0.002893665	8	0	1.3058258	0.054853946	0.88073075	2.9255855	-2.9255855	-1.4439051	0	8	0	1	0	0	505.2240163	1008.43348	34.237682	-.WNIDSSC[+57.0214635]K.-	sp|Q62351|TFR1_MOUSE	0.0066825289139	0.008758764552683871	0.008758764552683871
2023_05_31_mouse_tcell_100FC+PRTC_100fmol_100ng_60k_PRM_50cm_wtrap_01.mzml:2057.5334:decoyWC[+57.0214635]SSDINK+2	0	15330	5.6787806	0.5028221	0.8232134	4.9006295	4.694779	0.2399817	0.19424675	3	0	1.0555829	-0.11659402	0.95930135	1.1457305	0.6957214	-3.0	0	8	0	1	0	0	505.2240158	1008.433479	34.292225	-.WC[+57.0214635]SSDINK.-	DECOY_DECOY_sp|Q62351|TFR1_MOUSE	-0.03235158449523	-0.06166771167979644	1e-20
2023_05_31_mouse_tcell_100FC+PRTC_100fmol_100ng_60k_PRM_50cm_wtrap_01.mzml:2057.5334:decoyWC[+57.0214635]SSDINK+2	0	15330	5.6787806	0.5028221	0.8232134	4.9006295	4.694779	0.2399817	0.19424675	3	0	1.0555829	-0.11659402	0.95930135	1.1457305	0.6957214	-3.0	0	8	0	1	0	0	505.2240158	1008.433479	34.292225	-.WC[+57.0214635]SSDINK.-	DECOY_DECOY_sp|Q62351|TFR1_MOUSE	-0.03235158449523	-0.06151582076432897	1e-20
2023_05_31_mouse_tcell_100FC+PRTC_100fmol_100ng_60k_PRM_50cm_wtrap_01.mzml:2063.3418:YVVVSTPEK+2	1	15373	4.631924	0.024563154	0.6916292	4.631924	4.3365035	0.9227345	0.46736503	1	0	1.2480518	0.93603885	0.51332587	3.504889	-3.504889	-3.0	0	9	0	1	0	0	511.2818533	1020.549154	34.38903	-.YVVVSTPEK.-	sp|P18572|BASI_MOUSE	-0.1012379423062419	-0.9769461432552344	1e-20
2023_05_31_mouse_tcell_100FC+PRTC_100fmol_100ng_60k_PRM_50cm_wtrap_01.mzml:2077.935:LTPEEIER+2	1	15481	10.725807	1.8186222	1.8532339	7.023376	6.7240796	0.019832175	0.009955753	7	6	0.28464043	-0.12524763	0.98937947	2.685636	1.0124187	-2.163994	0	8	0	1	0	0	493.7612893	985.5080257	34.63225	-.LTPEEIER.-	sp|P20029|BIP_MOUSE	0.0084435175637739	0.01075642831556675	0.01075642831556675
2023_05_31_mouse_tcell_100FC+PRTC_100fmol_100ng_60k_PRM_50cm_wtrap_01.mzml:2077.935:LTPEEIER+2	1	15481	10.725807	1.8186222	1.8532339	7.023376	6.7240796	0.019832175	0.009955753	7	6	0.28464043	-0.12524763	0.98937947	2.685636	1.0124187	-2.163994	0	8	0	1	0	0	493.7612893	985.5080257	34.63225	-.LTPEEIER.-	sp|P20029|BIP_MOUSE	0.0084435175637739	0.010738707675837645	0.010738707675837645
2023_05_31_mouse_tcell_100FC+PRTC_100fmol_100ng_60k_PRM_50cm_wtrap_01.mzml:2096.4658:decoyLEIEEPTR+2	0	15618	6.7836676	0.77059406	0.520135	6.0055165	5.8548765	0.48343128	0.32652548	3	1	1.3105673	-0.9829254	0.9894806	2.129631	1.0744774	-2.4589252	0	8	0	1	0	0	493.7612893	985.5080257	34.941097	-.LEIEEPTR.-	DECOY_DECOY_sp|P20029|BIP_MOUSE	-0.05463716186556	-0.1687195558408493	1e-20
2023_05_31_mouse_tcell_100FC+PRTC_100fmol_100ng_60k_PRM_50cm_wtrap_01.mzml:2096.4658:decoyLEIEEPTR+2	0	15618	6.7836676	0.77059406	0.520135	6.0055165	5.8548765	0.48343128	0.32652548	3	1	1.3105673	-0.9829254	0.9894806	2.129631	1.0744774	-2.4589252	0	8	0	1	0	0	493.7612893	985.5080257	34.941097	-.LEIEEPTR.-	DECOY_DECOY_sp|P20029|BIP_MOUSE	-0.05463716186556	-0.16939714441852338	1e-20
2023_05_31_mouse_tcell_100FC+PRTC_100fmol_100ng_60k_PRM_50cm_wtrap_01.mzml:2098.2344:decoyALLFTGPPKTSLIR+3	0	15631	5.13992	0.09910194	0.30893162	4.83889	4.7404103	0.3441801	0.29471502	2	0	3.4134767	2.2053573	0.0	10.0	10.0	-2.21502	1	14	0	0	1	0	505.30821	1512.902801	34.970573	-.ALLFTGPPKTSLIR.-	DECOY_DECOY_sp|P42227|STAT3_MOUSE	-0.04673911965712	-0.11908448968744767	1e-20
2023_05_31_mouse_tcell_100FC+PRTC_100fmol_100ng_60k_PRM_50cm_wtrap_01.mzml:2098.2344:decoyALLFTGPPKTSLIR+3	0	15631	5.13992	0.09910194	0.30893162	4.83889	4.7404103	0.3441801	0.29471502	2	0	3.4134767	2.2053573	0.0	10.0	10.0	-2.21502	1	14	0	0	1	0	505.30821	1512.902801	34.970573	-.ALLFTGPPKTSLIR.-	DECOY_DECOY_sp|P42227|STAT3_MOUSE	-0.04673911965712	-0.11869276439242317	1e-20
2023_05_31_mouse_tcell_100FC+PRTC_100fmol_100ng_60k_PRM_50cm_wtrap_01.mzml:2104.176:VRPEIINESGNPSYK+3	1	15675	12.135002	1.8748801	2.405704	5.575239	5.276807	0.002791106	0.001403926	10	1	1.3472885	-1.0104663	0.0	10.0	10.0	-2.1527362	0	15	0	0	1	0	568.296806	1701.868589	35.0696	-.VRPEIINESGNPSYK.-	sp|Q9CQU0|TXD12_MOUSE	0.0185796637067439	0.019568213344619768	0.019568213344619768
2023_05_31_mouse_tcell_100FC+PRTC_100fmol_100ng_60k_PRM_50cm_wtrap_01.mzml:2108.9138:decoyEEVFPSSEAR+2	0	15710	7.137388	0.5288295	0.68237764	5.757177	5.6202216	0.52814144	0.30832332	4	0	3.0299847	0.41249752	0.9736129	1.3761181	1.0318862	-3.0	0	10	0	1	0	0	575.7723848	1149.530217	35.148563	-.EEVFPSSEAR.-	DECOY_DECOY_sp|P08113|ENPL_MOUSE	-0.0558331393162399	-0.18186997279382786	1e-20
2023_05_31_mouse_tcell_100FC+PRTC_100fmol_100ng_60k_PRM_50cm_wtrap_01.mzml:2113.9219:WNIDSSC[+57.0214635]K+2	1	15747	5.4003096	0.13930526	0.43556318	4.622158	4.3241577	0.34739172	0.17491172	3	0	2.954655	-2.2159913	0.0	10.0	10.0	-3.0	0	8	0	1	0	0	505.2240163	1008.43348	35.232033	-.WNIDSSC[+57.0214635]K.-	sp|Q62351|TFR1_MOUSE	-0.03927552234254	-0.08352810812242666	1e-20
2023_05_31_mouse_tcell_100FC+PRTC_100fmol_100ng_60k_PRM_50cm_wtrap_01.mzml:2113.9219:WNIDSSC[+57.0214635]K+2	1	15747	5.4003096	0.13930526	0.43556318	4.622158	4.3241577	0.34739172	0.17491172	3	0	2.954655	-2.2159913	0.0	10.0	10.0	-3.0	0	8	0	1	0	0	505.2240163	1008.43348	35.232033	-.WNIDSSC[+57.0214635]K.-	sp|Q62351|TFR1_MOUSE	-0.03927552234254	-0.08375884875259912	1e-20
2023_05_31_mouse_tcell_100FC+PRTC_100fmol_100ng_60k_PRM_50cm_wtrap_01.mzml:2114.5898:EAESSPFVER+2	1	15752	12.4067	2.1438608	2.4679027	6.8469367	6.5483966	0.002529316	0.00127193	9	2	0.80227447	-0.60170585	0.9783737	1.1645241	0.29026377	-2.2535686	0	10	0	1	0	0	575.7723848	1149.530217	35.243164	-.EAESSPFVER.-	sp|P08113|ENPL_MOUSE	0.014565369537036	0.016296326496509844	0.016296326496509844
2023_05_31_mouse_tcell_100FC+PRTC_100fmol_100ng_60k_PRM_50cm_wtrap_01.mzml:2115.7915:decoyEENDSNSFLILR+2	0	15761	5.4774585	0.16892655	0.48947123	5.1764283	5.182145	0.38829923	0.38957	2	0	0.36181378	-0.27136034	0.5823329	5.5214496	5.5214496	-3.0	0	12	0	1	0	0	718.8544368	1435.694321	35.26319	-.EENDSNSFLILR.-	DECOY_DECOY_sp|Q01320|TOP2A_MOUSE;DECOY_DECOY_sp|Q64511|TOP2B_MOUSE	-0.0517646936361699	-0.14855889772164746	1e-20
2023_05_31_mouse_tcell_100FC+PRTC_100fmol_100ng_60k_PRM_50cm_wtrap_01.mzml:2115.7915:decoyEENDSNSFLILR+2	0	15761	5.4774585	0.16892655	0.48947123	5.1764283	5.182145	0.38829923	0.38957	2	0	0.36181378	-0.27136034	0.5823329	5.5214496	5.5214496	-3.0	0	12	0	1	0	0	718.8544368	1435.694321	35.26319	-.EENDSNSFLILR.-	DECOY_DECOY_sp|Q01320|TOP2A_MOUSE;DECOY_DECOY_sp|Q64511|TOP2B_MOUSE	-0.0517646936361699	-0.14800867958193764	1e-20
2023_05_31_mouse_tcell_100FC+PRTC_100fmol_100ng_60k_PRM_50cm_wtrap_01.mzml:2118.095:decoyWC[+57.0214635]SSDINK+2	0	15778	5.47711	0.21386284	0.42527494	4.6989584	4.663001	0.3782759	0.36261076	3	0	1.6888518	-0.79931235	0.17261949	7.564518	7.564518	-3.0	0	8	0	1	0	0	505.2240158	1008.433479	35.301582	-.WC[+57.0214635]SSDINK.-	DECOY_DECOY_sp|Q62351|TFR1_MOUSE	-0.0530158478594099	-0.1562146356773452	1e-20
2023_05_31_mouse_tcell_100FC+PRTC_100fmol_100ng_60k_PRM_50cm_wtrap_01.mzml:2118.095:decoyWC[+57.0214635]SSDINK+2	0	15778	5.47711	0.21386284	0.42527494	4.6989584	4.663001	0.3782759	0.36261076	3	0	1.6888518	-0.79931235	0.17261949	7.564518	7.564518	-3.0	0	8	0	1	0	0	505.2240158	1008.433479	35.301582	-.WC[+57.0214635]SSDINK.-	DECOY_DECOY_sp|Q62351|TFR1_MOUSE	-0.0530158478594099	-0.15681315918568753	1e-20
2023_05_31_mouse_tcell_100FC+PRTC_100fmol_100ng_60k_PRM_50cm_wtrap_01.mzml:2166.1147:VC[+57.0214635]AGYFR+2	1	16133	6.735922	0.39236823	0.414178	5.3557105	5.0558734	0.50885135	0.25512537	4	1	1.9246416	-0.3451988	0.41414842	5.9877815	-5.9877815	-2.9753585	0	7	0	1	0	0	436.7078018	871.4010507	36.101913	-.VC[+57.0214635]AGYFR.-	sp|P20334|TNR9_MOUSE	-0.0548857157660299	-0.1715456379407898	1e-20
2023_05_31_mouse_tcell_100FC+PRTC_100fmol_100ng_60k_PRM_50cm_wtrap_01.mzml:2170.42:decoySPPSLPFDPVSEKK+3	0	16165	5.6660137	0.21243149	0.5108795	5.3649836	5.3737965	0.7180152	0.73273456	2	0	0.3346459	0.035526	0.0	10.0	10.0	-3.0	1	14	0	0	1	0	509.9399627	1526.798059	36.173664	-.SPPSLPFDPVSEKK.-	DECOY_DECOY_sp|P54227|STMN1_MOUSE	-0.0977310371373899	-0.8383151185562778	1e-20
2023_05_31_mouse_tcell_100FC+PRTC_100fmol_100ng_60k_PRM_50cm_wtrap_01.mzml:2175.6946:decoyIPTAAGNGVAEEESAASK+2	0	16204	4.0951076	0.0	-0.005206321	4.0951076	4.0975976	0.78491354	0.7894268	1	1	2.0489252	-1.5366938	0.0	10.0	10.0	-2.457477	0	18	0	1	0	0	851.4181308	1700.821709	36.261578	-.IPTAAGNGVAEEESAASK.-	DECOY_DECOY_sp|E9Q394|AKP13_MOUSE	-0.105535881470357	-1.2534415460787016	1e-20
2023_05_31_mouse_tcell_100FC+PRTC_100fmol_100ng_60k_PRM_50cm_wtrap_01.mzml:2201.405:LTPEEIER+2	1	16394	10.004356	1.6492164	1.5246059	6.3019257	6.0026298	0.030673508	0.0153981	7	0	1.120175	-0.8401313	0.0	10.0	10.0	-2.4479885	0	8	0	1	0	0	493.7612893	985.5080257	36.690083	-.LTPEEIER.-	sp|P20029|BIP_MOUSE	0.005791932969828	0.00768277019365501	0.00768277019365501
2023_05_31_mouse_tcell_100FC+PRTC_100fmol_100ng_60k_PRM_50cm_wtrap_01.mzml:2201.405:LTPEEIER+2	1	16394	10.004356	1.6492164	1.5246059	6.3019257	6.0026298	0.030673508	0.0153981	7	0	1.120175	-0.8401313	0.0	10.0	10.0	-2.4479885	0	8	0	1	0	0	493.7612893	985.5080257	36.690083	-.LTPEEIER.-	sp|P20029|BIP_MOUSE	0.005791932969828	0.0076695922001839036	0.0076695922001839036
2023_05_31_mouse_tcell_100FC+PRTC_100fmol_100ng_60k_PRM_50cm_wtrap_01.mzml:2202.473:decoyEEVFPSSEAR+2	0	16402	7.7720194	0.24909484	0.5489559	5.692838	5.6195693	0.24813025	0.18586873	5	0	2.1605215	-1.5909083	0.0	10.0	10.0	-2.5419164	0	10	0	1	0	0	575.7723848	1149.530217	36.707882	-.EEVFPSSEAR.-	DECOY_DECOY_sp|P08113|ENPL_MOUSE	-0.0268738506846799	-0.04539740203188815	1e-20
2023_05_31_mouse_tcell_100FC+PRTC_100fmol_100ng_60k_PRM_50cm_wtrap_01.mzml:2210.853:VRPEIINESGNPSYK+3	1	16464	4.2546177	-0.011059397	0.14242023	4.2546177	3.9561856	0.86946946	0.43734315	1	0	2.8237228	-2.1177921	0.0	10.0	10.0	-3.0	0	15	0	0	1	0	568.296806	1701.868589	36.84755	-.VRPEIINESGNPSYK.-	sp|Q9CQU0|TXD12_MOUSE	-0.0895572786011289	-0.6285292643642865	1e-20
2023_05_31_mouse_tcell_100FC+PRTC_100fmol_100ng_60k_PRM_50cm_wtrap_01.mzml:2219.0986:decoyVYSPNGSENIIEPRK+3	0	16525	5.2795067	0.019195952	0.16569453	4.9784765	4.9810743	0.39061272	0.39295647	2	0	0.80661196	0.60495895	0.0	10.0	10.0	-3.0	1	15	0	0	1	0	568.296806	1701.868589	36.984978	-.VYSPNGSENIIEPRK.-	DECOY_DECOY_sp|Q9CQU0|TXD12_MOUSE	-0.0530660752626259	-0.1575654234721046	1e-20
2023_05_31_mouse_tcell_100FC+PRTC_100fmol_100ng_60k_PRM_50cm_wtrap_01.mzml:2247.7705:decoyEAGIQNGC[+57.0214635]QGAQIHVIK+3	0	16737	4.946364	0.21812443	0.40934187	4.946364	4.956027	0.94228244	0.9634838	1	0	2.638243	-1.9786823	0.0	10.0	10.0	-3.0	0	17	0	0	1	0	608.3124657	1821.915568	37.46284	-.EAGIQNGC[+57.0214635]QGAQIHVIK.-	DECOY_DECOY_sp|P99024|TBB5_MOUSE;DECOY_DECOY_sp|Q7TMM9|TBB2A_MOUSE;DECOY_DECOY_sp|Q9CWF2|TBB2B_MOUSE;DECOY_DECOY_sp|Q9ERD7|TBB3_MOUSE	-0.1291598895688599	-4.985571737357992	1e-20
2023_05_31_mouse_tcell_100FC+PRTC_100fmol_100ng_60k_PRM_50cm_wtrap_01.mzml:2247.7705:decoyEAGIQNGC[+57.0214635]QGAQLHVIK+3	0	16737	4.946364	0.21812443	0.40934187	4.946364	4.956027	0.94228244	0.9634838	1	0	2.638243	-1.9786823	0.0	10.0	10.0	-3.0	0	17	0	0	1	0	608.3124657	1821.915568	37.46284	-.EAGIQNGC[+57.0214635]QGAQLHVIK.-	DECOY_DECOY_sp|P68372|TBB4B_MOUSE;DECOY_DECOY_sp|Q9D6F9|TBB4A_MOUSE	-0.1291598895688599	-4.748163559388564	1e-20
2023_05_31_mouse_tcell_100FC+PRTC_100fmol_100ng_60k_PRM_50cm_wtrap_01.mzml:2267.1023:EIVHIQAGQC[+57.0214635]GNQIGAK+3	1	16880	13.487317	1.7983968	4.625023	6.9275537	6.453095	0.001998803	0.000631	10	0	0.33460155	-0.10334008	0.998388	3.0880232	2.4487813	-0.12817073	0	17	0	0	1	0	608.312466	1821.915569	37.785038	-.EIVHIQAGQC[+57.0214635]GNQIGAK.-	sp|P99024|TBB5_MOUSE;sp|Q7TMM9|TBB2A_MOUSE;sp|Q9CWF2|TBB2B_MOUSE;sp|Q9ERD7|TBB3_MOUSE	0.019102728358163	0.019875075865905437	0.019875075865905437
2023_05_31_mouse_tcell_100FC+PRTC_100fmol_100ng_60k_PRM_50cm_wtrap_01.mzml:2267.1023:EIVHLQAGQC[+57.0214635]GNQIGAK+3	1	16880	13.487317	1.7983968	4.625023	6.9275537	6.453095	0.001998803	0.000631	10	0	0.33460155	-0.10334008	0.998388	3.0880232	2.4487813	-0.12817073	0	17	0	0	1	0	608.312466	1821.915569	37.785038	-.EIVHLQAGQC[+57.0214635]GNQIGAK.-	sp|P68372|TBB4B_MOUSE;sp|Q9D6F9|TBB4A_MOUSE	0.019102728358163	0.019901897830636752	0.019901897830636752
2023_05_31_mouse_tcell_100FC+PRTC_100fmol_100ng_60k_PRM_50cm_wtrap_01.mzml:2284.431:ENSSFSLAGNQQTR+2	1	17008	11.46966	1.7096803	2.8267071	5.9098964	5.611896	0.000342	0.000172	9	7	0.63377327	-0.47532994	0.90810734	1.5451736	-1.172415	-1.5848043	0	14	0	1	0	0	769.8633253	1537.712098	38.07385	-.ENSSFSLAGNQQTR.-	sp|O35892|SP100_MOUSE	0.01884966538194	0.01969139604175599	0.01969139604175599
2023_05_31_mouse_tcell_100FC+PRTC_100fmol_100ng_60k_PRM_50cm_wtrap_01.mzml:2289.9727:decoyIPTAAGNGVAEEESAASK+2	0	17049	4.5808363	0.16642366	0.25760853	4.279806	4.282296	0.34297064	0.34494272	2	0	1.469512	-1.102134	0.0	10.0	10.0	-2.1149046	0	18	0	1	0	0	851.4181308	1700.821709	38.16621	-.IPTAAGNGVAEEESAASK.-	DECOY_DECOY_sp|E9Q394|AKP13_MOUSE	-0.0427891762094699	-0.09802149564899335	1e-20
2023_05_31_mouse_tcell_100FC+PRTC_100fmol_100ng_60k_PRM_50cm_wtrap_01.mzml:2290.241:EAESSPFVER+2	1	17051	11.629911	1.3377929	1.4755921	6.0701485	5.7716084	0.03759498	0.018905576	9	0	1.4249731	-0.76793003	0.5075385	4.208524	4.208524	-2.2861166	0	10	0	1	0	0	575.7723848	1149.530217	38.17068	-.EAESSPFVER.-	sp|P08113|ENPL_MOUSE	0.0066268248268579	0.008700525112813433	0.008700525112813433
2023_05_31_mouse_tcell_100FC+PRTC_100fmol_100ng_60k_PRM_50cm_wtrap_01.mzml:2296.8513:ISAASEEEAVGNGAATPK+2	1	17100	9.479357	1.5663093	1.7744354	4.8738356	4.5752954	0.013661087	0.006869819	8	7	1.5815016	-0.57913977	0.0	10.0	10.0	-0.98812604	0	18	0	1	0	0	851.4181308	1700.821709	38.280857	-.ISAASEEEAVGNGAATPK.-	sp|E9Q394|AKP13_MOUSE	0.018287876684504	0.019473435586809775	0.019473435586809775
2023_05_31_mouse_tcell_100FC+PRTC_100fmol_100ng_60k_PRM_50cm_wtrap_01.mzml:2299.822:decoyIYQLGVK+2	0	17122	5.8846025	0.6166699	0.8596289	5.106451	4.909135	0.43396178	0.2834595	3	0	2.5270977	-1.8449931	0.0	10.0	10.0	-2.4090233	0	7	0	1	0	0	410.7499923	819.4854317	38.330368	-.IYQLGVK.-	DECOY_DECOY_sp|Q01320|TOP2A_MOUSE;DECOY_DECOY_sp|Q64511|TOP2B_MOUSE	-0.05157094920062	-0.14637048817234793	1e-20
2023_05_31_mouse_tcell_100FC+PRTC_100fmol_100ng_60k_PRM_50cm_wtrap_01.mzml:2301.1904:IVGLQYK+2	1	17132	9.256252	0.69597185	0.9282968	5.5538216	5.253984	0.16242857	0.08143763	7	0	3.9817123	-2.9862843	0.0	10.0	10.0	-1.9038792	0	7	0	1	0	0	410.7499923	819.4854317	38.353172	-.IVGLQYK.-	sp|Q01320|TOP2A_MOUSE;sp|Q64511|TOP2B_MOUSE	-0.0151497517594899	-0.022665907671174813	1e-20
2023_05_31_mouse_tcell_100FC+PRTC_100fmol_100ng_60k_PRM_50cm_wtrap_01.mzml:2301.457:decoyVYSPNGSENIIEPRK+3	0	17134	4.6843867	0.20726775	0.29084602	4.3833566	4.3859544	0.46678036	0.46958107	2	0	2.2715142	-1.7036356	0.0	10.0	10.0	-3.0	1	15	0	0	1	0	568.296806	1701.868589	38.357616	-.VYSPNGSENIIEPRK.-	DECOY_DECOY_sp|Q9CQU0|TXD12_MOUSE	-0.06275778622404	-0.24103985554705912	1e-20
2023_05_31_mouse_tcell_100FC+PRTC_100fmol_100ng_60k_PRM_50cm_wtrap_01.mzml:2309.0305:decoyFQNDDYLR+2	0	17190	5.6908894	0.11672432	0.3080121	4.912738	4.914255	0.48216286	0.4776148	3	0	0.3873547	0.20756353	0.0	10.0	10.0	-2.4951057	0	8	0	1	0	0	535.7487088	1069.482865	38.48384	-.FQNDDYLR.-	DECOY_DECOY_sp|Q01320|TOP2A_MOUSE;DECOY_DECOY_sp|Q64511|TOP2B_MOUSE	-0.06591458633823	-0.27806590520827085	1e-20
2023_05_31_mouse_tcell_100FC+PRTC_100fmol_100ng_60k_PRM_50cm_wtrap_01.mzml:2312.8025:FLYDDNQR+2	1	17218	5.6397943	0.15545875	0.23259746	5.338764	5.0392513	0.8462683	0.42461517	2	1	0.31968877	-0.23976657	0.0	10.0	10.0	-2.8403053	0	8	0	1	0	0	535.7487088	1069.482865	38.546707	-.FLYDDNQR.-	sp|Q01320|TOP2A_MOUSE;sp|Q64511|TOP2B_MOUSE	-0.08689919327915	-0.5637493883319646	1e-20
2023_05_31_mouse_tcell_100FC+PRTC_100fmol_100ng_60k_PRM_50cm_wtrap_01.mzml:2313.2026:decoyTNAEILIR+2	0	17221	6.6173263	0.1791368	0.5353758	5.237115	5.190039	0.40830833	0.28073683	4	0	0.84922034	-0.63691527	0.0	10.0	10.0	-2.9730768	0	8	0	1	0	0	465.2743668	928.5341807	38.55338	-.TNAEILIR.-	DECOY_DECOY_sp|Q9JL26|FMNL1_MOUSE	-0.0478147944652099	-0.12428626709475435	1e-20
2023_05_31_mouse_tcell_100FC+PRTC_100fmol_100ng_60k_PRM_50cm_wtrap_01.mzml:2317.9438:EIVHIQAGQC[+57.0214635]GNQIGAK+3	1	17256	12.751621	1.8515435	2.7737675	6.1918573	5.717376	0.002910155	0.000938	10	0	0.5035593	-0.30208397	0.0	10.0	10.0	-0.3120947	0	17	0	0	1	0	608.312466	1821.915569	38.632397	-.EIVHIQAGQC[+57.0214635]GNQIGAK.-	sp|P99024|TBB5_MOUSE;sp|Q7TMM9|TBB2A_MOUSE;sp|Q9CWF2|TBB2B_MOUSE;sp|Q9ERD7|TBB3_MOUSE	0.020065670917675	0.0206818397175502	0.0206818397175502
2023_05_31_mouse_tcell_100FC+PRTC_100fmol_100ng_60k_PRM_50cm_wtrap_01.mzml:2317.9438:EIVHLQAGQC[+57.0214635]GNQIGAK+3	1	17256	12.751621	1.8515435	2.7737675	6.1918573	5.717376	0.002910155	0.000938	10	0	0.5035593	-0.30208397	0.0	10.0	10.0	-0.3120947	0	17	0	0	1	0	608.312466	1821.915569	38.632397	-.EIVHLQAGQC[+57.0214635]GNQIGAK.-	sp|P68372|TBB4B_MOUSE;sp|Q9D6F9|TBB4A_MOUSE	0.020065670917675	0.02070948923588917	0.02070948923588917
2023_05_31_mouse_tcell_100FC+PRTC_100fmol_100ng_60k_PRM_50cm_wtrap_01.mzml:2333.9:decoyETQQNGALSFSSNR+2	0	17374	4.897943	0.34816068	0.5868376	4.596913	4.599942	0.4006403	0.4034448	2	0	0.5545705	0.18272942	0.0	10.0	10.0	-3.0	0	14	0	1	0	0	769.8633253	1537.712098	38.89833	-.ETQQNGALSFSSNR.-	DECOY_DECOY_sp|O35892|SP100_MOUSE	-0.0515004147862599	-0.14563487258239063	1e-20
2023_05_31_mouse_tcell_100FC+PRTC_100fmol_100ng_60k_PRM_50cm_wtrap_01.mzml:2374.3271:decoyFQNDDYLR+2	0	17673	5.659484	0.28953776	0.5201049	4.881333	4.6875434	0.435419	0.3126619	3	0	1.1039219	-0.34617442	0.981959	3.0727644	1.6880202	-2.5362186	0	8	0	1	0	0	535.7487088	1069.482865	39.57212	-.FQNDDYLR.-	DECOY_DECOY_sp|Q01320|TOP2A_MOUSE;DECOY_DECOY_sp|Q64511|TOP2B_MOUSE	-0.0527472558810599	-0.15483224920219862	1e-20
2023_05_31_mouse_tcell_100FC+PRTC_100fmol_100ng_60k_PRM_50cm_wtrap_01.mzml:2377.7004:FLYDDNQR+2	1	17698	10.517965	1.2420572	1.4363575	5.912445	5.6129327	0.003800069	0.001906684	8	1	1.8181173	-1.363588	0.8532014	3.2075438	-3.2075438	-1.3454723	0	8	0	1	0	0	535.7487088	1069.482865	39.62834	-.FLYDDNQR.-	sp|Q01320|TOP2A_MOUSE;sp|Q64511|TOP2B_MOUSE	0.007724791838811	0.00992269434203343	0.00992269434203343
2023_05_31_mouse_tcell_100FC+PRTC_100fmol_100ng_60k_PRM_50cm_wtrap_01.mzml:2377.9675:decoyTNAEILIR+2	0	17700	7.2553864	0.26189023	0.6234873	5.176205	5.1167827	0.36555833	0.24550216	5	0	0.9470134	-0.52382994	0.8874457	8.693916	-8.693916	-2.1144447	0	8	0	1	0	0	465.2743668	928.5341807	39.632793	-.TNAEILIR.-	DECOY_DECOY_sp|Q9JL26|FMNL1_MOUSE	-0.0428070921042399	-0.09894333863614731	1e-20
2023_05_31_mouse_tcell_100FC+PRTC_100fmol_100ng_60k_PRM_50cm_wtrap_01.mzml:2380.2708:TILIEANR+2	1	17717	11.814671	1.4836599	1.9983121	6.2549067	5.955502	0.008645073	0.004338746	9	0	0.849608	-0.637206	0.0	10.0	10.0	-1.5396919	0	8	0	1	0	0	465.2743668	928.5341807	39.67118	-.TILIEANR.-	sp|Q9JL26|FMNL1_MOUSE	0.008928572473301	0.011244466475348078	0.011244466475348078
2023_05_31_mouse_tcell_100FC+PRTC_100fmol_100ng_60k_PRM_50cm_wtrap_01.mzml:2384.4753:decoyIYQLGVK+2	0	17748	6.2338896	0.37623298	0.43147632	5.4557385	5.1698723	0.38715437	0.26959175	3	2	0.8889739	-0.6667304	0.9903672	2.540408	2.540408	-1.9297771	0	7	0	1	0	0	410.7499923	819.4854317	39.741257	-.IYQLGVK.-	DECOY_DECOY_sp|Q01320|TOP2A_MOUSE;DECOY_DECOY_sp|Q64511|TOP2B_MOUSE	-0.0489459298419799	-0.13352034571734445	1e-20
2023_05_31_mouse_tcell_100FC+PRTC_100fmol_100ng_60k_PRM_50cm_wtrap_01.mzml:2385.677:IVGLQYK+2	1	17757	10.703333	1.3143488	1.6958604	6.0978127	5.7979755	0.019611504	0.009832718	8	3	0.8316528	-0.6237396	0.9817093	4.228634	3.987017	-1.4178298	0	7	0	1	0	0	410.7499923	819.4854317	39.761284	-.IVGLQYK.-	sp|Q01320|TOP2A_MOUSE;sp|Q64511|TOP2B_MOUSE	0.004278541285678	0.005784647762773058	0.005784647762773058
2023_05_31_mouse_tcell_100FC+PRTC_100fmol_100ng_60k_PRM_50cm_wtrap_01.mzml:2388.5159:decoyEAGIQNGC[+57.0214635]QGAQIHVIK+3	0	17778	5.376758	0.15363045	0.45757672	5.075728	5.085391	0.49050683	0.5015433	2	0	2.3200207	-0.92817616	0.0	10.0	10.0	-3.0	0	17	0	0	1	0	608.3124657	1821.915568	39.808598	-.EAGIQNGC[+57.0214635]QGAQIHVIK.-	DECOY_DECOY_sp|P99024|TBB5_MOUSE;DECOY_DECOY_sp|Q7TMM9|TBB2A_MOUSE;DECOY_DECOY_sp|Q9CWF2|TBB2B_MOUSE;DECOY_DECOY_sp|Q9ERD7|TBB3_MOUSE	-0.0662384938548199	-0.2856766327146423	1e-20
2023_05_31_mouse_tcell_100FC+PRTC_100fmol_100ng_60k_PRM_50cm_wtrap_01.mzml:2388.5159:decoyEAGIQNGC[+57.0214635]QGAQLHVIK+3	0	17778	5.376758	0.15363045	0.45757672	5.075728	5.085391	0.49050683	0.5015433	2	0	2.3200207	-0.92817616	0.0	10.0	10.0	-3.0	0	17	0	0	1	0	608.3124657	1821.915568	39.808598	-.EAGIQNGC[+57.0214635]QGAQLHVIK.-	DECOY_DECOY_sp|P68372|TBB4B_MOUSE;DECOY_DECOY_sp|Q9D6F9|TBB4A_MOUSE	-0.0662384938548199	-0.2872815576175335	1e-20
2023_05_31_mouse_tcell_100FC+PRTC_100fmol_100ng_60k_PRM_50cm_wtrap_01.mzml:2395.2974:ISAASEEEAVGNGAATPK+2	1	17828	4.043646	0.19468753	0.17672901	4.043646	3.7451057	0.85969895	0.4323211	1	1	0.1942653	-0.14569898	0.0	10.0	10.0	-3.0	0	18	0	1	0	0	851.4181308	1700.821709	39.921623	-.ISAASEEEAVGNGAATPK.-	sp|E9Q394|AKP13_MOUSE	-0.08387122693179	-0.4868314826416683	1e-20
2023_05_31_mouse_tcell_100FC+PRTC_100fmol_100ng_60k_PRM_50cm_wtrap_01.mzml:2397.033:decoyGAAQTAQLQSELNNSNIR+2	0	17841	4.5852833	-0.00219427	0.051158413	4.5852833	4.593351	0.9144263	0.9257476	1	1	1.9707108	-1.4780331	0.32929003	1.5414463	-1.5414463	-3.0	0	18	0	1	0	0	957.9850348	1913.955517	39.95055	-.GAAQTAQLQSELNNSNIR.-	DECOY_DECOY_sp|P52293|IMA1_MOUSE	-0.121303537463249	-1.8362025670907494	1e-20
2023_05_31_mouse_tcell_100FC+PRTC_100fmol_100ng_60k_PRM_50cm_wtrap_01.mzml:2397.033:decoyGAAQTAQLQSELNNSNIR+2	0	17841	4.5852833	-0.00219427	0.051158413	4.5852833	4.593351	0.9144263	0.9257476	1	1	1.9707108	-1.4780331	0.32929003	1.5414463	-1.5414463	-3.0	0	18	0	1	0	0	957.9850348	1913.955517	39.95055	-.GAAQTAQLQSELNNSNIR.-	DECOY_DECOY_sp|P52293|IMA1_MOUSE	-0.121303537463249	-1.800890979262081	1e-20
2023_05_31_mouse_tcell_100FC+PRTC_100fmol_100ng_60k_PRM_50cm_wtrap_01.mzml:2408.119:decoyETQQNGALSFSSNR+2	0	17923	5.6727915	0.3069283	0.6772824	4.8946404	4.89767	0.20879073	0.21025224	3	0	2.788327	0.5942365	0.0	10.0	10.0	-2.6382504	0	14	0	1	0	0	769.8633253	1537.712098	40.135315	-.ETQQNGALSFSSNR.-	DECOY_DECOY_sp|O35892|SP100_MOUSE	-0.02555188299565	-0.04260486754350281	1e-20
2023_05_31_mouse_tcell_100FC+PRTC_100fmol_100ng_60k_PRM_50cm_wtrap_01.mzml:2429.8828:ENSSFSLAGNQQTR+2	1	18084	3.9914184	0.08515995	0.32605407	3.9914184	3.6934178	0.9939649	0.5004613	1	0	0.34362462	-0.25771847	0.0	10.0	10.0	-3.0	0	14	0	1	0	0	769.8633253	1537.712098	40.498047	-.ENSSFSLAGNQQTR.-	sp|O35892|SP100_MOUSE	-0.09911582754269	-0.8597462793590638	1e-20
2023_05_31_mouse_tcell_100FC+PRTC_100fmol_100ng_60k_PRM_50cm_wtrap_01.mzml:2452.4883:SENVEGTPAEDGAEPGSLR+2	1	18251	12.186098	1.7226838	3.6254742	6.6263347	6.3333726	0.003304103	0.001683027	9	6	0.566339	-0.42475426	0.9790336	2.9618347	2.393521	-1.4797921	0	19	0	1	0	0	957.9374158	1913.860279	40.874805	-.SENVEGTPAEDGAEPGSLR.-	sp|Q01320|TOP2A_MOUSE	0.023030093971054	0.023271246787504828	0.023271246787504828
2023_05_31_mouse_tcell_100FC+PRTC_100fmol_100ng_60k_PRM_50cm_wtrap_01.mzml:2452.4883:SENVEGTPAEDGAEPGSLR+2	1	18251	12.186098	1.7226838	3.6254742	6.6263347	6.3333726	0.003304103	0.001683027	9	6	0.566339	-0.42475426	0.9790336	2.9618347	2.393521	-1.4797921	0	19	0	1	0	0	957.9374158	1913.860279	40.874805	-.SENVEGTPAEDGAEPGSLR.-	sp|Q01320|TOP2A_MOUSE	0.023030093971054	0.023301746455640482	0.023301746455640482
2023_05_31_mouse_tcell_100FC+PRTC_100fmol_100ng_60k_PRM_50cm_wtrap_01.mzml:2452.4883:decoySLSGPEAGDEAPTGEVNER+2	0	18251	5.1998177	0.24386956	0.7825629	5.1998177	4.9068556	0.991199	0.5642995	1	0	0.22873557	0.17155167	0.9790336	2.9618347	2.393521	-2.7039583	0	19	0	1	0	0	957.9374158	1913.860279	40.874805	-.SLSGPEAGDEAPTGEVNER.-	DECOY_DECOY_sp|Q01320|TOP2A_MOUSE	-0.09935514869325	-0.8816341930021725	1e-20
2023_05_31_mouse_tcell_100FC+PRTC_100fmol_100ng_60k_PRM_50cm_wtrap_01.mzml:2452.4883:decoySLSGPEAGDEAPTGEVNER+2	0	18251	5.1998177	0.24386956	0.7825629	5.1998177	4.9068556	0.991199	0.5642995	1	0	0.22873557	0.17155167	0.9790336	2.9618347	2.393521	-2.7039583	0	19	0	1	0	0	957.9374158	1913.860279	40.874805	-.SLSGPEAGDEAPTGEVNER.-	DECOY_DECOY_sp|Q01320|TOP2A_MOUSE	-0.09935514869325	-0.8716156226271479	1e-20
2023_05_31_mouse_tcell_100FC+PRTC_100fmol_100ng_60k_PRM_50cm_wtrap_01.mzml:2486.1567:TILIEANR+2	1	18500	6.744358	0.24231453	0.64122796	5.3641467	5.0647426	0.31904668	0.16012157	4	1	2.7625654	0.5198014	0.0	10.0	10.0	-2.687038	0	8	0	1	0	0	465.2743668	928.5341807	41.435947	-.TILIEANR.-	sp|Q9JL26|FMNL1_MOUSE	-0.0360645201803799	-0.07269401978917306	1e-20
2023_05_31_mouse_tcell_100FC+PRTC_100fmol_100ng_60k_PRM_50cm_wtrap_01.mzml:2495.6426:AIGNIVTGTDEQTQK+2	1	18570	12.813986	2.1228561	3.4232628	6.254223	5.956869	0.002258129	0.001138661	10	6	0.3570089	-0.17296511	0.9970239	2.6060731	1.5160179	-1.5435474	0	15	0	1	0	0	787.9046603	1573.794768	41.594044	-.AIGNIVTGTDEQTQK.-	sp|P52293|IMA1_MOUSE	0.021684622771352	0.022114304860612607	0.022114304860612607
2023_05_31_mouse_tcell_100FC+PRTC_100fmol_100ng_60k_PRM_50cm_wtrap_01.mzml:2495.6426:AIGNIVTGTDEQTQK+2	1	18570	12.813986	2.1228561	3.4232628	6.254223	5.956869	0.002258129	0.001138661	10	6	0.3570089	-0.17296511	0.9970239	2.6060731	1.5160179	-1.5435474	0	15	0	1	0	0	787.9046603	1573.794768	41.594044	-.AIGNIVTGTDEQTQK.-	sp|P52293|IMA1_MOUSE	0.021684622771352	0.022085130315941615	0.022085130315941615
2023_05_31_mouse_tcell_100FC+PRTC_100fmol_100ng_60k_PRM_50cm_wtrap_01.mzml:2521.3242:SENVEGTPAEDGAEPGSLR+2	1	18760	7.560441	0.57758147	1.1514206	5.4812593	5.188297	0.06340079	0.032294776	5	1	2.2325652	-1.6744239	0.0	10.0	10.0	-2.6249485	0	19	0	1	0	0	957.9374158	1913.860279	42.02207	-.SENVEGTPAEDGAEPGSLR.-	sp|Q01320|TOP2A_MOUSE	0.005086403451328	0.006829049503348202	0.006829049503348202
2023_05_31_mouse_tcell_100FC+PRTC_100fmol_100ng_60k_PRM_50cm_wtrap_01.mzml:2521.3242:SENVEGTPAEDGAEPGSLR+2	1	18760	7.560441	0.57758147	1.1514206	5.4812593	5.188297	0.06340079	0.032294776	5	1	2.2325652	-1.6744239	0.0	10.0	10.0	-2.6249485	0	19	0	1	0	0	957.9374158	1913.860279	42.02207	-.SENVEGTPAEDGAEPGSLR.-	sp|Q01320|TOP2A_MOUSE	0.005086403451328	0.006817193514627111	0.006817193514627111
2023_05_31_mouse_tcell_100FC+PRTC_100fmol_100ng_60k_PRM_50cm_wtrap_01.mzml:2542.0247:VFPNGLASQEGTIQK+2	1	18913	3.904229	0.255163	0.18601616	3.904229	3.6130745	0.93167293	0.4765507	1	0	0.76378757	0.5728407	0.0	10.0	10.0	-3.0	0	15	0	1	0	0	794.9201128	1587.825673	42.367077	-.VFPNGLASQEGTIQK.-	sp|O54824|IL16_MOUSE	-0.0929775188065499	-0.7177864451865652	1e-20
2023_05_31_mouse_tcell_100FC+PRTC_100fmol_100ng_60k_PRM_50cm_wtrap_01.mzml:2542.0247:VFPNGLASQEGTIQK+2	1	18913	3.904229	0.255163	0.18601616	3.904229	3.6130745	0.93167293	0.4765507	1	0	0.76378757	0.5728407	0.0	10.0	10.0	-3.0	0	15	0	1	0	0	794.9201128	1587.825673	42.367077	-.VFPNGLASQEGTIQK.-	sp|O54824|IL16_MOUSE	-0.0929775188065499	-0.7250368133197629	1e-20
2023_05_31_mouse_tcell_100FC+PRTC_100fmol_100ng_60k_PRM_50cm_wtrap_01.mzml:2542.0247:VFPNGLASQEGTIQK+2	1	18913	3.904229	0.255163	0.18601616	3.904229	3.6130745	0.93167293	0.4765507	1	0	0.76378757	0.5728407	0.0	10.0	10.0	-3.0	0	15	0	1	0	0	794.9201128	1587.825673	42.367077	-.VFPNGLASQEGTIQK.-	sp|O54824|IL16_MOUSE	-0.0929775188065499	-0.7106796486995695	1e-20
2023_05_31_mouse_tcell_100FC+PRTC_100fmol_100ng_60k_PRM_50cm_wtrap_01.mzml:2558.6565:LLTTQSEDTQGPGLK+2	1	19036	10.827372	1.9329106	3.1569128	6.2218513	5.930697	0.004127273	0.0021111	8	6	0.14549905	0.026774673	0.9971855	3.2500274	2.537016	0.040396214	0	15	0	1	0	0	794.4148608	1586.815169	42.644276	-.LLTTQSEDTQGPGLK.-	sp|O54824|IL16_MOUSE	0.020530162914372	0.021048188273433178	0.021048188273433178
2023_05_31_mouse_tcell_100FC+PRTC_100fmol_100ng_60k_PRM_50cm_wtrap_01.mzml:2558.6565:LLTTQSEDTQGPGLK+2	1	19036	10.827372	1.9329106	3.1569128	6.2218513	5.930697	0.004127273	0.0021111	8	6	0.14549905	0.026774673	0.9971855	3.2500274	2.537016	0.040396214	0	15	0	1	0	0	794.4148608	1586.815169	42.644276	-.LLTTQSEDTQGPGLK.-	sp|O54824|IL16_MOUSE	0.020530162914372	0.02102027290437027	0.02102027290437027
2023_05_31_mouse_tcell_100FC+PRTC_100fmol_100ng_60k_PRM_50cm_wtrap_01.mzml:2558.6565:LLTTQSEDTQGPGLK+2	1	19036	10.827372	1.9329106	3.1569128	6.2218513	5.930697	0.004127273	0.0021111	8	6	0.14549905	0.026774673	0.9971855	3.2500274	2.537016	0.040396214	0	15	0	1	0	0	794.4148608	1586.815169	42.644276	-.LLTTQSEDTQGPGLK.-	sp|O54824|IL16_MOUSE	0.020530162914372	0.021076177885498915	0.021076177885498915
2023_05_31_mouse_tcell_100FC+PRTC_100fmol_100ng_60k_PRM_50cm_wtrap_01.mzml:2558.6565:decoyLLGPGQTDESQTTLK+2	0	19036	5.9625254	0.47128242	0.67025006	5.661495	5.370341	0.3723045	0.23976354	2	2	0.03179593	-0.013532143	0.9971855	3.2500274	2.537016	-1.8816223	0	15	0	1	0	0	794.4148608	1586.815169	42.644276	-.LLGPGQTDESQTTLK.-	DECOY_DECOY_sp|O54824|IL16_MOUSE	-0.037576353744857	-0.07882865513866741	1e-20
2023_05_31_mouse_tcell_100FC+PRTC_100fmol_100ng_60k_PRM_50cm_wtrap_01.mzml:2558.6565:decoyLLGPGQTDESQTTLK+2	0	19036	5.9625254	0.47128242	0.67025006	5.661495	5.370341	0.3723045	0.23976354	2	2	0.03179593	-0.013532143	0.9971855	3.2500274	2.537016	-1.8816223	0	15	0	1	0	0	794.4148608	1586.815169	42.644276	-.LLGPGQTDESQTTLK.-	DECOY_DECOY_sp|O54824|IL16_MOUSE	-0.037576353744857	-0.07904344711452209	1e-20
2023_05_31_mouse_tcell_100FC+PRTC_100fmol_100ng_60k_PRM_50cm_wtrap_01.mzml:2558.6565:decoyLLGPGQTDESQTTLK+2	0	19036	5.9625254	0.47128242	0.67025006	5.661495	5.370341	0.3723045	0.23976354	2	2	0.03179593	-0.013532143	0.9971855	3.2500274	2.537016	-1.8816223	0	15	0	1	0	0	794.4148608	1586.815169	42.644276	-.LLGPGQTDESQTTLK.-	DECOY_DECOY_sp|O54824|IL16_MOUSE	-0.037576353744857	-0.0786150273469637	1e-20
2023_05_31_mouse_tcell_100FC+PRTC_100fmol_100ng_60k_PRM_50cm_wtrap_01.mzml:2558.9236:NQLTSNPENTVFDAKR+3	1	19038	11.393105	1.2799145	1.8756697	5.8333416	5.536741	0.017307805	0.008742606	9	0	2.0155516	-1.5116637	0.64957136	1.697795	-1.697795	-1.8841498	1	16	0	0	1	0	611.9745064	1832.90169	42.648727	-.NQLTSNPENTVFDAKR.-	sp|P20029|BIP_MOUSE	0.012734230149993	0.014738869079152318	0.014738869079152318
2023_05_31_mouse_tcell_100FC+PRTC_100fmol_100ng_60k_PRM_50cm_wtrap_01.mzml:2577.7236:LEEALLR+2	1	19177	7.0386467	0.49156085	0.7285488	4.959465	4.659628	0.3071702	0.15400746	5	1	1.6783838	-1.0770174	0.0	10.0	10.0	-2.7826705	0	7	0	1	0	0	422.2503603	842.4861677	42.96206	-.LEEALLR.-	sp|P97313|PRKDC_MOUSE;sp|Q8C147|DOCK8_MOUSE	-0.03202466340777	-0.06000737900679233	1e-20
2023_05_31_mouse_tcell_100FC+PRTC_100fmol_100ng_60k_PRM_50cm_wtrap_01.mzml:2586.7651:decoyLLGEHGPVLQR+3	0	19244	6.113941	0.32221922	0.49260226	5.3357897	5.337631	0.472613	0.47002053	3	0	2.9516802	2.2137601	0.0	10.0	10.0	-1.8130589	0	11	0	0	1	0	406.9032954	1217.688057	43.11275	-.LLGEHGPVLQR.-	DECOY_DECOY_sp|P13379|CD5_MOUSE	-0.06578417806245	-0.2760075296968011	1e-20
2023_05_31_mouse_tcell_100FC+PRTC_100fmol_100ng_60k_PRM_50cm_wtrap_01.mzml:2592.1736:decoyAPSLILEFAQGSR+2	0	19284	5.6430073	0.029836768	0.1953983	5.341977	5.3453298	0.44282562	0.4462576	2	0	2.49038	1.867785	0.0	10.0	10.0	-3.0	0	13	0	1	0	0	694.8802588	1387.745965	43.202892	-.APSLILEFAQGSR.-	DECOY_DECOY_sp|P54227|STMN1_MOUSE	-0.063035834308724	-0.24331832043167467	1e-20
2023_05_31_mouse_tcell_100FC+PRTC_100fmol_100ng_60k_PRM_50cm_wtrap_01.mzml:2592.1736:decoyAPSLILEFAQGSR+2	0	19284	5.6430073	0.029836768	0.1953983	5.341977	5.3453298	0.44282562	0.4462576	2	0	2.49038	1.867785	0.0	10.0	10.0	-3.0	0	13	0	1	0	0	694.8802588	1387.745965	43.202892	-.APSLILEFAQGSR.-	DECOY_DECOY_sp|P54227|STMN1_MOUSE	-0.063035834308724	-0.24454102555947202	1e-20
2023_05_31_mouse_tcell_100FC+PRTC_100fmol_100ng_60k_PRM_50cm_wtrap_01.mzml:2610.9678:KSC[+57.0214635]C[+57.0214635]SC[+57.0214635]C[+57.0214635]PVGC[+57.0214635]SK+2	1	19423	3.786823	0.066016674	0.054422785	3.786823	3.495669	0.8815623	0.4509191	1	0	0.20159085	-0.15119314	0.0	10.0	10.0	-2.7092204	1	13	0	1	0	0	795.3035073	1588.592462	43.51613	-.KSC[+57.0214635]C[+57.0214635]SC[+57.0214635]C[+57.0214635]PVGC[+57.0214635]SK.-	sp|P02802|MT1_MOUSE	-0.087661957661157	-0.5988940824284354	1e-20
2023_05_31_mouse_tcell_100FC+PRTC_100fmol_100ng_60k_PRM_50cm_wtrap_01.mzml:2610.9678:KSC[+57.0214635]C[+57.0214635]SC[+57.0214635]C[+57.0214635]PVGC[+57.0214635]SK+2	1	19423	3.786823	0.066016674	0.054422785	3.786823	3.495669	0.8815623	0.4509191	1	0	0.20159085	-0.15119314	0.0	10.0	10.0	-2.7092204	1	13	0	1	0	0	795.3035073	1588.592462	43.51613	-.KSC[+57.0214635]C[+57.0214635]SC[+57.0214635]C[+57.0214635]PVGC[+57.0214635]SK.-	sp|P02802|MT1_MOUSE	-0.087661957661157	-0.5936406255650281	1e-20
2023_05_31_mouse_tcell_100FC+PRTC_100fmol_100ng_60k_PRM_50cm_wtrap_01.mzml:2610.9678:KSC[+57.0214635]C[+57.0214635]SC[+57.0214635]C[+57.0214635]PVGC[+57.0214635]SK+2	1	19423	3.786823	0.066016674	0.054422785	3.786823	3.495669	0.8815623	0.4509191	1	0	0.20159085	-0.15119314	0.0	10.0	10.0	-2.7092204	1	13	0	1	0	0	795.3035073	1588.592462	43.51613	-.KSC[+57.0214635]C[+57.0214635]SC[+57.0214635]C[+57.0214635]PVGC[+57.0214635]SK.-	sp|P02802|MT1_MOUSE	-0.087661957661157	-0.5884785331688105	1e-20
2023_05_31_mouse_tcell_100FC+PRTC_100fmol_100ng_60k_PRM_50cm_wtrap_01.mzml:2610.9678:decoyKSC[+57.0214635]GVPC[+57.0214635]C[+57.0214635]SC[+57.0214635]C[+57.0214635]SK+2	0	19423	3.786823	0.06540241	0.056346502	3.786823	3.495669	0.8815623	0.49001807	1	0	0.20159085	-0.15119314	0.0	10.0	10.0	-2.7542963	1	13	0	1	0	0	795.3035048	1588.592457	43.51613	-.KSC[+57.0214635]GVPC[+57.0214635]C[+57.0214635]SC[+57.0214635]C[+57.0214635]SK.-	DECOY_DECOY_sp|P02802|MT1_MOUSE	-0.090592795716666	-0.6416297091125335	1e-20
2023_05_31_mouse_tcell_100FC+PRTC_100fmol_100ng_60k_PRM_50cm_wtrap_01.mzml:2610.9678:decoyKSC[+57.0214635]GVPC[+57.0214635]C[+57.0214635]SC[+57.0214635]C[+57.0214635]SK+2	0	19423	3.786823	0.06540241	0.056346502	3.786823	3.495669	0.8815623	0.49001807	1	0	0.20159085	-0.15119314	0.0	10.0	10.0	-2.7542963	1	13	0	1	0	0	795.3035048	1588.592457	43.51613	-.KSC[+57.0214635]GVPC[+57.0214635]C[+57.0214635]SC[+57.0214635]C[+57.0214635]SK.-	DECOY_DECOY_sp|P02802|MT1_MOUSE	-0.090592795716666	-0.6536227877875341	1e-20
2023_05_31_mouse_tcell_100FC+PRTC_100fmol_100ng_60k_PRM_50cm_wtrap_01.mzml:2610.9678:decoyKSC[+57.0214635]GVPC[+57.0214635]C[+57.0214635]SC[+57.0214635]C[+57.0214635]SK+2	0	19423	3.786823	0.06540241	0.056346502	3.786823	3.495669	0.8815623	0.49001807	1	0	0.20159085	-0.15119314	0.0	10.0	10.0	-2.7542963	1	13	0	1	0	0	795.3035048	1588.592457	43.51613	-.KSC[+57.0214635]GVPC[+57.0214635]C[+57.0214635]SC[+57.0214635]C[+57.0214635]SK.-	DECOY_DECOY_sp|P02802|MT1_MOUSE	-0.090592795716666	-0.6475707249376496	1e-20
2023_05_31_mouse_tcell_100FC+PRTC_100fmol_100ng_60k_PRM_50cm_wtrap_01.mzml:2618.6804:DSNWISKVEK+3	1	19480	7.4394474	0.54966766	0.5762069	4.5821147	4.282602	0.08719377	0.043749474	6	0	0.7867031	-0.46651366	0.534523	0.08631707	0.08631707	4.6952057	1	10	0	0	1	0	402.5435434	1204.608801	43.644672	-.DSNWISKVEK.-	sp|Q62351|TFR1_MOUSE	0.000391429886082	0.0005434961727613381	0.0005434961727613381
2023_05_31_mouse_tcell_100FC+PRTC_100fmol_100ng_60k_PRM_50cm_wtrap_01.mzml:2631.1382:decoyNKADFVTNEPNSTLQR+3	0	19572	6.3763924	0.43496713	0.66724634	5.598241	5.6026697	0.27185753	0.25962493	3	0	5.676498	-4.2573733	0.9999736	3.065261	2.3546321	-2.2616923	1	16	0	0	1	0	611.9745064	1832.90169	43.852303	-.NKADFVTNEPNSTLQR.-	DECOY_DECOY_sp|P20029|BIP_MOUSE	-0.03372626940569	-0.06558357677882287	1e-20
2023_05_31_mouse_tcell_100FC+PRTC_100fmol_100ng_60k_PRM_50cm_wtrap_01.mzml:2632.339:NQLTSNPENTVFDAKR+3	1	19581	13.041893	1.9944873	3.517372	6.48213	6.1855288	0.007450013	0.003763187	10	3	0.45226693	-0.3392002	0.9832896	2.7995021	2.0223837	-1.7029818	1	16	0	0	1	0	611.9745064	1832.90169	43.87232	-.NQLTSNPENTVFDAKR.-	sp|P20029|BIP_MOUSE	0.019599044167084	0.020309345096629326	0.020309345096629326
2023_05_31_mouse_tcell_100FC+PRTC_100fmol_100ng_60k_PRM_50cm_wtrap_01.mzml:2638.0115:decoyLLLAEER+2	0	19623	6.465222	0.22519712	0.5756778	5.0850105	4.8341136	0.7885631	0.44740412	4	1	2.2211144	1.6658359	0.0	10.0	10.0	-2.4861584	0	7	0	1	0	0	422.2503603	842.4861677	43.966858	-.LLLAEER.-	DECOY_DECOY_sp|P97313|PRKDC_MOUSE;DECOY_DECOY_sp|Q8C147|DOCK8_MOUSE	-0.0861155496063999	-0.5318496343691258	1e-20
2023_05_31_mouse_tcell_100FC+PRTC_100fmol_100ng_60k_PRM_50cm_wtrap_01.mzml:2639.915:LQLVPGHEGLR+3	1	19637	12.648375	1.8924983	1.9664266	6.088611	5.789423	0.002817359	0.001414666	10	5	0.65341896	-0.4900642	0.98273945	4.497036	3.8561594	-1.6965466	0	11	0	0	1	0	406.9032954	1217.688057	43.998585	-.LQLVPGHEGLR.-	sp|P13379|CD5_MOUSE	0.014299393743187	0.01602196222023275	0.01602196222023275
2023_05_31_mouse_tcell_100FC+PRTC_100fmol_100ng_60k_PRM_50cm_wtrap_01.mzml:2645.7231:LEEALLR+2	1	19680	9.151417	0.80725867	1.0536736	5.4489856	5.149148	0.12021991	0.06027526	7	1	0.42832878	0.24211544	0.90379137	0.7367147	-0.7367147	-1.947362	0	7	0	1	0	0	422.2503603	842.4861677	44.095387	-.LEEALLR.-	sp|P97313|PRKDC_MOUSE;sp|Q8C147|DOCK8_MOUSE	-0.0098784553621599	-0.014388995357712157	1e-20
2023_05_31_mouse_tcell_100FC+PRTC_100fmol_100ng_60k_PRM_50cm_wtrap_01.mzml:2664.9277:decoyAQTQEDTGTVINGIK+2	0	19822	4.361547	0.112847306	0.10692047	4.361547	4.365223	0.97813493	0.986449	1	1	0.682697	-0.51202273	0.0	10.0	10.0	-2.4096131	0	15	0	1	0	0	787.9046603	1573.794768	44.415462	-.AQTQEDTGTVINGIK.-	DECOY_DECOY_sp|P52293|IMA1_MOUSE	-0.1317853100822479	-7.8260199525765675	1e-20
2023_05_31_mouse_tcell_100FC+PRTC_100fmol_100ng_60k_PRM_50cm_wtrap_01.mzml:2664.9277:decoyAQTQEDTGTVINGIK+2	0	19822	4.361547	0.112847306	0.10692047	4.361547	4.365223	0.97813493	0.986449	1	1	0.682697	-0.51202273	0.0	10.0	10.0	-2.4096131	0	15	0	1	0	0	787.9046603	1573.794768	44.415462	-.AQTQEDTGTVINGIK.-	DECOY_DECOY_sp|P52293|IMA1_MOUSE	-0.1317853100822479	-7.267018527392527	1e-20
2023_05_31_mouse_tcell_100FC+PRTC_100fmol_100ng_60k_PRM_50cm_wtrap_01.mzml:2684.564:decoyLLGEHGPVLQR+3	0	19967	4.95938	0.40999648	0.5931622	4.65835	4.6601915	0.48825127	0.48572528	2	0	3.716624	-2.787468	0.0	10.0	10.0	-3.0	0	11	0	0	1	0	406.9032954	1217.688057	44.742733	-.LLGEHGPVLQR.-	DECOY_DECOY_sp|P13379|CD5_MOUSE	-0.06948163914593	-0.31185945012010446	1e-20
2023_05_31_mouse_tcell_100FC+PRTC_100fmol_100ng_60k_PRM_50cm_wtrap_01.mzml:2688.4697:decoyNKADFVTNEPNSTLQR+3	0	19996	5.559586	0.4122985	0.50005794	5.258556	5.2629848	0.5210537	0.5113753	2	0	2.9099636	0.42678207	0.0	10.0	10.0	-2.6413424	1	16	0	0	1	0	611.9745064	1832.90169	44.807827	-.NKADFVTNEPNSTLQR.-	DECOY_DECOY_sp|P20029|BIP_MOUSE	-0.0679997931015899	-0.2999762301395852	1e-20
2023_05_31_mouse_tcell_100FC+PRTC_100fmol_100ng_60k_PRM_50cm_wtrap_01.mzml:2702.7974:decoyDEVKSIWNSK+3	0	20102	5.172882	0.4962133	0.5034108	4.3947306	4.258736	0.42704207	0.25309172	3	0	1.6078583	-1.2058938	0.0	10.0	10.0	-2.6866093	1	10	0	0	1	0	402.5435434	1204.608801	45.046623	-.DEVKSIWNSK.-	DECOY_DECOY_sp|Q62351|TFR1_MOUSE	-0.04553055987467	-0.11053330887812969	1e-20
2023_05_31_mouse_tcell_100FC+PRTC_100fmol_100ng_60k_PRM_50cm_wtrap_01.mzml:2702.931:decoyLLLAEER+2	0	20103	6.0545363	0.3786885	0.5485969	4.674325	4.496523	0.3457248	0.22095363	4	0	3.1645355	-2.3734016	0.41243657	4.5313916	4.5313916	-2.963533	0	7	0	1	0	0	422.2503603	842.4861677	45.048847	-.LLLAEER.-	DECOY_DECOY_sp|P97313|PRKDC_MOUSE;DECOY_DECOY_sp|Q8C147|DOCK8_MOUSE	-0.0423933346188099	-0.09682737966189715	1e-20
2023_05_31_mouse_tcell_100FC+PRTC_100fmol_100ng_60k_PRM_50cm_wtrap_01.mzml:2707.5356:LQLVPGHEGLR+3	1	20137	5.0721054	0.11330176	0.5623117	4.7710752	4.4718866	0.37922165	0.19041666	2	0	1.6020683	0.6362116	0.81175506	3.2863016	-3.2863016	-3.0	0	11	0	0	1	0	406.9032954	1217.688057	45.125595	-.LQLVPGHEGLR.-	sp|P13379|CD5_MOUSE	-0.04528691619625	-0.10925468532345313	1e-20
2023_05_31_mouse_tcell_100FC+PRTC_100fmol_100ng_60k_PRM_50cm_wtrap_01.mzml:2708.904:decoySTDPLLYGK+2	0	20147	6.7329283	0.4036176	0.5911212	5.9547772	5.9568353	0.30194578	0.3021782	3	1	0.6517878	-0.48884088	0.98466337	3.5252562	1.4355847	-2.3440218	0	9	0	1	0	0	497.2662033	992.5178537	45.1484	-.STDPLLYGK.-	DECOY_DECOY_sp|P08113|ENPL_MOUSE	-0.0434413007063399	-0.10193521016806809	1e-20
2023_05_31_mouse_tcell_100FC+PRTC_100fmol_100ng_60k_PRM_50cm_wtrap_01.mzml:2715.7817:decoyAIVQPFPRGDDK+3	0	20198	8.621889	0.4989191	0.47320145	6.5427074	6.293047	0.23595132	0.14432815	5	1	3.1242259	-2.3431695	0.99717647	3.5821354	2.723944	-2.2606268	1	12	0	0	1	0	448.2419767	1341.704101	45.263027	-.AIVQPFPRGDDK.-	DECOY_DECOY_sp|P05064|ALDOA_MOUSE	-0.02374157843408	-0.03874946839558089	1e-20
2023_05_31_mouse_tcell_100FC+PRTC_100fmol_100ng_60k_PRM_50cm_wtrap_01.mzml:2726.733:decoyLDNQFELR+2	0	20279	7.8482065	0.46031505	0.8633287	5.769025	5.593472	0.32949525	0.21676968	5	1	1.112438	-0.219086	0.9957783	3.2152548	2.8211193	-0.3372841	0	8	0	1	0	0	517.7669058	1033.519259	45.44555	-.LDNQFELR.-	DECOY_DECOY_sp|P29391|FRIL1_MOUSE	-0.03381217918546	-0.06591667255347253	1e-20
2023_05_31_mouse_tcell_100FC+PRTC_100fmol_100ng_60k_PRM_50cm_wtrap_01.mzml:2729.5679:ADDGRPFPQVIK+3	1	20300	13.941477	1.8611777	1.7509332	7.381714	7.0836053	0.010214488	0.005141718	10	1	1.1830914	0.88731855	0.99992526	4.0126467	3.6083405	-2.4965749	0	12	0	0	1	0	448.2419767	1341.704101	45.492798	-.ADDGRPFPQVIK.-	sp|P05064|ALDOA_MOUSE	0.012165906500072	0.014252017933316517	0.014252017933316517
2023_05_31_mouse_tcell_100FC+PRTC_100fmol_100ng_60k_PRM_50cm_wtrap_01.mzml:2730.6697:decoyAPSLILEFAQGSR+2	0	20308	5.832023	0.20720032	0.47510636	5.530993	5.534346	0.6416753	0.6466482	2	1	0.7828357	0.13996255	0.0	10.0	10.0	-3.0	0	13	0	1	0	0	694.8802588	1387.745965	45.51116	-.APSLILEFAQGSR.-	DECOY_DECOY_sp|P54227|STMN1_MOUSE	-0.0867999785666899	-0.5584131954457051	1e-20
2023_05_31_mouse_tcell_100FC+PRTC_100fmol_100ng_60k_PRM_50cm_wtrap_01.mzml:2730.6697:decoyAPSLILEFAQGSR+2	0	20308	5.832023	0.20720032	0.47510636	5.530993	5.534346	0.6416753	0.6466482	2	1	0.7828357	0.13996255	0.0	10.0	10.0	-3.0	0	13	0	1	0	0	694.8802588	1387.745965	45.51116	-.APSLILEFAQGSR.-	DECOY_DECOY_sp|P54227|STMN1_MOUSE	-0.0867999785666899	-0.5537982103593769	1e-20
2023_05_31_mouse_tcell_100FC+PRTC_100fmol_100ng_60k_PRM_50cm_wtrap_01.mzml:2735.242:LLEFQNDR+2	1	20342	11.041159	1.678311	1.8851985	6.4356384	6.1309514	0.012365388	0.006197029	8	5	0.6788847	-0.5091635	0.98526126	2.5903282	1.6454806	-1.0132604	0	8	0	1	0	0	517.7669058	1033.519259	45.587364	-.LLEFQNDR.-	sp|P29391|FRIL1_MOUSE	0.010299424204475	0.012620881723578888	0.012620881723578888
2023_05_31_mouse_tcell_100FC+PRTC_100fmol_100ng_60k_PRM_50cm_wtrap_01.mzml:2757.444:decoyDEVKSIWNSK+3	0	20506	5.2602186	0.2993663	0.35450298	4.482067	4.3714767	0.37134796	0.22806564	3	0	1.9664416	0.27765667	0.0	10.0	10.0	-2.4652185	1	10	0	0	1	0	402.5435434	1204.608801	45.9574	-.DEVKSIWNSK.-	DECOY_DECOY_sp|Q62351|TFR1_MOUSE	-0.04185479640103	-0.09475631325980986	1e-20
2023_05_31_mouse_tcell_100FC+PRTC_100fmol_100ng_60k_PRM_50cm_wtrap_01.mzml:2772.3:decoyAIVQPFPRGDDK+3	0	20616	7.585928	0.31271824	0.22145584	6.2057166	6.0676165	0.22549368	0.20000918	4	0	1.407867	0.18013784	0.0	10.0	10.0	-3.0	1	12	0	0	1	0	448.2419767	1341.704101	46.205	-.AIVQPFPRGDDK.-	DECOY_DECOY_sp|P05064|ALDOA_MOUSE	-0.02837465688266	-0.04989802987110141	1e-20
2023_05_31_mouse_tcell_100FC+PRTC_100fmol_100ng_60k_PRM_50cm_wtrap_01.mzml:2775.807:DSNWISKVEK+3	1	20642	4.715055	0.19431326	0.3112674	4.414025	4.114512	0.76349646	0.38308433	2	1	0.62690896	-0.47018173	0.0	10.0	10.0	-3.0	1	10	0	0	1	0	402.5435434	1204.608801	46.263447	-.DSNWISKVEK.-	sp|Q62351|TFR1_MOUSE	-0.0791795708359999	-0.4335221892580987	1e-20
2023_05_31_mouse_tcell_100FC+PRTC_100fmol_100ng_60k_PRM_50cm_wtrap_01.mzml:2782.049:decoyTVMPIVQQK+2	0	20688	6.6185665	0.25320226	0.51032317	5.840415	5.842689	0.35354188	0.3553979	3	0	3.498933	1.1970297	0.0	10.0	10.0	-1.8855591	0	9	0	1	0	0	522.2995283	1042.584504	46.367485	-.TVMPIVQQK.-	DECOY_DECOY_sp|P04187|GRAB_MOUSE	-0.0517301033871099	-0.1473639845566378	1e-20
2023_05_31_mouse_tcell_100FC+PRTC_100fmol_100ng_60k_PRM_50cm_wtrap_01.mzml:2799.745:decoySAASSDC[+57.0214635]LAEWQR+2	0	20819	5.645651	0.15032834	0.35931817	4.8674994	4.703783	0.39987114	0.24502043	3	0	0.95630646	-0.71722984	0.0	10.0	10.0	-2.895237	0	13	0	1	0	0	740.8278968	1479.641241	46.66242	-.SAASSDC[+57.0214635]LAEWQR.-	DECOY_DECOY_sp|P13379|CD5_MOUSE	-0.0404817654548599	-0.08878387196349956	1e-20
2023_05_31_mouse_tcell_100FC+PRTC_100fmol_100ng_60k_PRM_50cm_wtrap_01.mzml:2832.184:SGYLLPDTK+2	1	21059	13.539246	2.0837097	2.388521	6.9794827	6.6805105	0.005187987	0.002606315	10	5	0.40564552	-0.30423415	0.98480654	2.9422343	2.0186064	-1.7647492	0	9	0	1	0	0	497.2662033	992.5178537	47.203068	-.SGYLLPDTK.-	sp|P08113|ENPL_MOUSE	0.013297503776312	0.015052306327438217	0.015052306327438217
2023_05_31_mouse_tcell_100FC+PRTC_100fmol_100ng_60k_PRM_50cm_wtrap_01.mzml:2838.6936:TQQVIPMVK+2	1	21107	12.889143	1.7576957	2.3618903	7.32938	7.030624	0.010756331	0.005406401	9	3	1.1352236	0.8514177	0.9777226	2.6262684	1.6296765	-1.6942304	0	9	0	1	0	0	522.2995283	1042.584504	47.31156	-.TQQVIPMVK.-	sp|P04187|GRAB_MOUSE	0.009827871519144	0.012139386900446669	0.012139386900446669
2023_05_31_mouse_tcell_100FC+PRTC_100fmol_100ng_60k_PRM_50cm_wtrap_01.mzml:2853.0176:decoySTDPLLYGK+2	0	21213	6.506359	0.5210316	0.67339	5.728208	5.730266	0.18136038	0.18102005	3	0	0.8973777	-0.54605335	0.98803425	9.200119	-0.43814945	-2.6945276	0	9	0	1	0	0	497.2662033	992.5178537	47.550293	-.STDPLLYGK.-	DECOY_DECOY_sp|P08113|ENPL_MOUSE	-0.0281726538053199	-0.04943020167660673	1e-20
2023_05_31_mouse_tcell_100FC+PRTC_100fmol_100ng_60k_PRM_50cm_wtrap_01.mzml:2854.0854:ADDGRPFPQVIK+3	1	21221	13.235417	1.6058266	1.062854	6.675654	6.3775454	0.014625354	0.007362037	10	1	0.19632679	0.037076905	0.9847659	3.0838473	2.2710443	-2.5451255	0	12	0	0	1	0	448.2419767	1341.704101	47.568092	-.ADDGRPFPQVIK.-	sp|P05064|ALDOA_MOUSE	0.01122705168826	0.013437649462537551	0.013437649462537551
2023_05_31_mouse_tcell_100FC+PRTC_100fmol_100ng_60k_PRM_50cm_wtrap_01.mzml:2857.8901:decoyGAISGTSEDAALIK+2	0	21249	7.5985765	0.09077803	0.28173232	6.820425	6.8238854	0.37371346	0.37670323	3	0	3.174902	2.3811765	0.9994155	3.6981812	2.9909306	-2.4148092	0	14	0	1	0	0	666.8539068	1331.693261	47.631504	-.GAISGTSEDAALIK.-	DECOY_DECOY_sp|P05064|ALDOA_MOUSE	-0.0541229328376999	-0.16449962264056822	1e-20
2023_05_31_mouse_tcell_100FC+PRTC_100fmol_100ng_60k_PRM_50cm_wtrap_01.mzml:2859.0918:GILAADESTGSIAK+2	1	21258	14.543939	1.8568528	3.1391952	7.984175	7.686606	0.000648	0.000326	10	5	1.2672387	0.9504291	0.99973845	3.82001	3.2347953	0.13598466	0	14	0	1	0	0	666.8539068	1331.693261	47.65153	-.GILAADESTGSIAK.-	sp|P05064|ALDOA_MOUSE	0.01709361103668	0.018534083876849662	0.018534083876849662
2023_05_31_mouse_tcell_100FC+PRTC_100fmol_100ng_60k_PRM_50cm_wtrap_01.mzml:2862.3286:decoyLDNQFELR+2	0	21282	7.022227	0.4805291	0.79760194	5.6420155	5.556184	0.3029773	0.18023753	4	1	4.169628	-3.127221	0.0	10.0	10.0	-2.800002	0	8	0	1	0	0	517.7669058	1033.519259	47.70548	-.LDNQFELR.-	DECOY_DECOY_sp|P29391|FRIL1_MOUSE	-0.03290780241023	-0.06367123674360291	1e-20
2023_05_31_mouse_tcell_100FC+PRTC_100fmol_100ng_60k_PRM_50cm_wtrap_01.mzml:2867.4697:LLEFQNDR+2	1	21320	6.979767	0.31539214	0.47643882	5.5995555	5.3004756	0.3051671	0.15219127	4	1	2.7319076	0.21070313	0.0	10.0	10.0	-3.0	0	8	0	1	0	0	517.7669058	1033.519259	47.79116	-.LLEFQNDR.-	sp|P29391|FRIL1_MOUSE	-0.0331159037772999	-0.06423486863335559	1e-20
2023_05_31_mouse_tcell_100FC+PRTC_100fmol_100ng_60k_PRM_50cm_wtrap_01.mzml:2878.5544:QINPTLGSQEDFKDLLQSAK+3	1	21402	5.664754	0.1131335	0.14070402	4.886603	4.590646	0.3088543	0.1562417	3	0	3.660715	2.306224	0.0	10.0	10.0	-3.0	1	20	0	0	1	0	744.7217357	2231.143378	47.975906	-.QINPTLGSQEDFKDLLQSAK.-	sp|P10852|4F2_MOUSE	-0.02851881727646	-0.05084648253447372	1e-20
2023_05_31_mouse_tcell_100FC+PRTC_100fmol_100ng_60k_PRM_50cm_wtrap_01.mzml:2878.5544:QINPTLGSQEDFKDLLQSAK+3	1	21402	5.664754	0.1131335	0.14070402	4.886603	4.590646	0.3088543	0.1562417	3	0	3.660715	2.306224	0.0	10.0	10.0	-3.0	1	20	0	0	1	0	744.7217357	2231.143378	47.975906	-.QINPTLGSQEDFKDLLQSAK.-	sp|P10852|4F2_MOUSE	-0.02851881727646	-0.050729324740615485	1e-20
2023_05_31_mouse_tcell_100FC+PRTC_100fmol_100ng_60k_PRM_50cm_wtrap_01.mzml:2883.5625:SGYLLPDTK+2	1	21439	7.003794	0.6182961	0.86566025	5.623583	5.3246107	0.08551159	0.04295888	4	0	2.4210215	-1.6797631	0.0	10.0	10.0	-2.6479545	0	9	0	1	0	0	497.2662033	992.5178537	48.059376	-.SGYLLPDTK.-	sp|P08113|ENPL_MOUSE	-0.0103664154112199	-0.015128303775920157	1e-20
2023_05_31_mouse_tcell_100FC+PRTC_100fmol_100ng_60k_PRM_50cm_wtrap_01.mzml:2893.178:TQQVIPMVK+2	1	21510	8.047409	0.26158094	0.57179	5.9682274	5.6694717	0.06880276	0.03458199	5	0	1.1515557	-0.8636667	0.0	10.0	10.0	-2.497696	0	9	0	1	0	0	522.2995283	1042.584504	48.21963	-.TQQVIPMVK.-	sp|P04187|GRAB_MOUSE	-0.0074538430379899	-0.010676005241796295	1e-20
2023_05_31_mouse_tcell_100FC+PRTC_100fmol_100ng_60k_PRM_50cm_wtrap_01.mzml:2925.6372:decoySAASSDC[+57.0214635]LAEWQR+2	0	21750	5.7152443	0.35033673	0.6368887	4.937093	4.7747474	0.39653665	0.24331498	3	1	0.41176757	-0.16083059	0.0	10.0	10.0	-2.716733	0	13	0	1	0	0	740.8278968	1479.641241	48.76062	-.SAASSDC[+57.0214635]LAEWQR.-	DECOY_DECOY_sp|P13379|CD5_MOUSE	-0.0386485994835099	-0.08174443507197161	1e-20
2023_05_31_mouse_tcell_100FC+PRTC_100fmol_100ng_60k_PRM_50cm_wtrap_01.mzml:2931.845:decoyTVMPIVQQK+2	0	21796	6.7245693	0.23699951	0.6501485	5.946418	5.948692	0.30971318	0.31133914	3	0	3.4447038	1.7430152	0.0	10.0	10.0	-1.5781212	0	9	0	1	0	0	522.2995283	1042.584504	48.864082	-.TVMPIVQQK.-	DECOY_DECOY_sp|P04187|GRAB_MOUSE	-0.04593175188243	-0.11256924588328876	1e-20
2023_05_31_mouse_tcell_100FC+PRTC_100fmol_100ng_60k_PRM_50cm_wtrap_01.mzml:2940.62:decoyQASQLLDKFDEQSGLTPNIK+3	0	21861	5.8840714	0.25646234	0.39709693	5.10592	5.110993	0.23200542	0.23473147	3	0	4.1775665	1.0171847	0.0	10.0	10.0	-2.8063955	1	20	0	0	1	0	744.7217357	2231.143378	49.010334	-.QASQLLDKFDEQSGLTPNIK.-	DECOY_DECOY_sp|P10852|4F2_MOUSE	-0.0273056503820799	-0.0465341326599684	1e-20
2023_05_31_mouse_tcell_100FC+PRTC_100fmol_100ng_60k_PRM_50cm_wtrap_01.mzml:2940.62:decoyQASQLLDKFDEQSGLTPNIK+3	0	21861	5.8840714	0.25646234	0.39709693	5.10592	5.110993	0.23200542	0.23473147	3	0	4.1775665	1.0171847	0.0	10.0	10.0	-2.8063955	1	20	0	0	1	0	744.7217357	2231.143378	49.010334	-.QASQLLDKFDEQSGLTPNIK.-	DECOY_DECOY_sp|P10852|4F2_MOUSE	-0.0273056503820799	-0.046431634570409	1e-20
2023_05_31_mouse_tcell_100FC+PRTC_100fmol_100ng_60k_PRM_50cm_wtrap_01.mzml:2952.2668:decoyGAISGTSEDAALIK+2	0	21947	7.4190817	0.33765197	0.8374467	6.0388703	6.042331	0.20946795	0.21114369	4	0	4.0969276	-2.8503628	0.0	10.0	10.0	-2.6696062	0	14	0	1	0	0	666.8539068	1331.693261	49.20445	-.GAISGTSEDAALIK.-	DECOY_DECOY_sp|P05064|ALDOA_MOUSE	-0.0271933894297899	-0.046037931227626755	1e-20
2023_05_31_mouse_tcell_100FC+PRTC_100fmol_100ng_60k_PRM_50cm_wtrap_01.mzml:2952.6672:SQWEALC[+57.0214635]DSSAAR+2	1	21950	12.341184	2.1304872	2.7544675	5.78142	5.4827724	0.001014584	0.00051	10	7	0.4168885	0.1878643	0.6216457	2.71624	-2.696865	-2.0143526	0	13	0	1	0	0	740.8278973	1479.641242	49.21112	-.SQWEALC[+57.0214635]DSSAAR.-	sp|P13379|CD5_MOUSE	0.0201341649350439	0.020724767106471854	0.020724767106471854
2023_05_31_mouse_tcell_100FC+PRTC_100fmol_100ng_60k_PRM_50cm_wtrap_01.mzml:2954.1367:QFMAETQFSSGEK+2	1	21961	6.5789795	0.93106425	0.91201794	4.4997983	4.1715913	0.124464385	0.05885867	5	0	3.4884396	0.22121322	0.0	10.0	10.0	1.4411936	0	13	0	1	0	0	745.3350243	1488.655496	49.23561	-.QFMAETQFSSGEK.-	sp|Q60865|CAPR1_MOUSE	-0.0024641778617449	-0.0034400457672098786	1e-20
2023_05_31_mouse_tcell_100FC+PRTC_100fmol_100ng_60k_PRM_50cm_wtrap_01.mzml:2954.1367:QFMAETQFSSGEK+2	1	21961	6.5789795	0.93106425	0.91201794	4.4997983	4.1715913	0.124464385	0.05885867	5	0	3.4884396	0.22121322	0.0	10.0	10.0	1.4411936	0	13	0	1	0	0	745.3350243	1488.655496	49.23561	-.QFMAETQFSSGEK.-	sp|Q60865|CAPR1_MOUSE	-0.0024641778617449	-0.0034338362983159978	1e-20
2023_05_31_mouse_tcell_100FC+PRTC_100fmol_100ng_60k_PRM_50cm_wtrap_01.mzml:2958.875:decoyDKFEEETFGMR+3	0	21996	5.3831997	0.122776695	0.17062594	5.0821695	4.6748123	0.7716452	0.3217652	2	1	0.19963439	0.1497258	0.0	10.0	10.0	-3.0	1	11	0	0	1	0	463.5432154	1387.607817	49.314583	-.DKFEEETFGMR.-	DECOY_DECOY_sp|P03958|ADA_MOUSE	-0.074256294196805	-0.37224583844112635	1e-20
2023_05_31_mouse_tcell_100FC+PRTC_100fmol_100ng_60k_PRM_50cm_wtrap_01.mzml:2958.875:decoyDKFEEETFGMR+3	0	21996	5.3831997	0.122776695	0.17062594	5.0821695	4.6748123	0.7716452	0.3217652	2	1	0.19963439	0.1497258	0.0	10.0	10.0	-3.0	1	11	0	0	1	0	463.5432154	1387.607817	49.314583	-.DKFEEETFGMR.-	DECOY_DECOY_sp|P03958|ADA_MOUSE	-0.074256294196805	-0.3698442523866675	1e-20
2023_05_31_mouse_tcell_100FC+PRTC_100fmol_100ng_60k_PRM_50cm_wtrap_01.mzml:2974.2996:DMGFTEEEFKR+3	1	22110	5.6797705	0.18897538	0.28086567	4.9016194	4.48435	0.5215298	0.1885689	3	1	0.47345534	-0.037656836	0.77193993	9.353965	9.353965	-3.0	1	11	0	0	1	0	463.5432154	1387.607817	49.57166	-.DMGFTEEEFKR.-	sp|P03958|ADA_MOUSE	-0.048224716454874	-0.1288217339209783	1e-20
2023_05_31_mouse_tcell_100FC+PRTC_100fmol_100ng_60k_PRM_50cm_wtrap_01.mzml:2974.2996:DMGFTEEEFKR+3	1	22110	5.6797705	0.18897538	0.28086567	4.9016194	4.48435	0.5215298	0.1885689	3	1	0.47345534	-0.037656836	0.77193993	9.353965	9.353965	-3.0	1	11	0	0	1	0	463.5432154	1387.607817	49.57166	-.DMGFTEEEFKR.-	sp|P03958|ADA_MOUSE	-0.048224716454874	-0.12837752104538872	1e-20
2023_05_31_mouse_tcell_100FC+PRTC_100fmol_100ng_60k_PRM_50cm_wtrap_01.mzml:3003.2346:GASFEEDSGGPLVC[+57.0214635]K+2	1	22324	11.588225	2.0794637	2.2630432	5.028462	4.730138	0.003319459	0.001670103	10	9	2.2772262	-1.7079197	0.0	10.0	10.0	-0.61892176	0	15	0	1	0	0	776.8510383	1551.687524	50.05391	-.GASFEEDSGGPLVC[+57.0214635]K.-	sp|P08882|GRAC_MOUSE	0.022152970152158	0.022473183912570267	0.022473183912570267
2023_05_31_mouse_tcell_100FC+PRTC_100fmol_100ng_60k_PRM_50cm_wtrap_01.mzml:3014.6196:decoyQASQLLDKFDEQSGLTPNIK+3	0	22408	5.4061675	0.18464194	0.45745376	5.1051373	5.1102104	0.77526516	0.7843744	2	0	0.92071104	-0.6905333	0.0	10.0	10.0	-3.0	1	20	0	0	1	0	744.7217357	2231.143378	50.24366	-.QASQLLDKFDEQSGLTPNIK.-	DECOY_DECOY_sp|P10852|4F2_MOUSE	-0.0998305255832399	-0.8961530901193163	1e-20
2023_05_31_mouse_tcell_100FC+PRTC_100fmol_100ng_60k_PRM_50cm_wtrap_01.mzml:3014.6196:decoyQASQLLDKFDEQSGLTPNIK+3	0	22408	5.4061675	0.18464194	0.45745376	5.1051373	5.1102104	0.77526516	0.7843744	2	0	0.92071104	-0.6905333	0.0	10.0	10.0	-3.0	1	20	0	0	1	0	744.7217357	2231.143378	50.24366	-.QASQLLDKFDEQSGLTPNIK.-	DECOY_DECOY_sp|P10852|4F2_MOUSE	-0.0998305255832399	-0.9066960676501319	1e-20
2023_05_31_mouse_tcell_100FC+PRTC_100fmol_100ng_60k_PRM_50cm_wtrap_01.mzml:3020.2935:GILAADESTGSIAK+2	1	22450	13.419981	1.6413312	2.3351786	6.860218	6.562649	0.001765646	0.00089	10	5	1.291119	-0.9683392	0.96828955	2.103292	0.6763083	-0.14500475	0	14	0	1	0	0	666.8539068	1331.693261	50.338223	-.GILAADESTGSIAK.-	sp|P05064|ALDOA_MOUSE	0.015967700882236	0.017685889642878327	0.017685889642878327
2023_05_31_mouse_tcell_100FC+PRTC_100fmol_100ng_60k_PRM_50cm_wtrap_01.mzml:3020.9607:decoyQEGSSFQTEAMFK+2	0	22455	4.66166	0.0777315	0.25406423	4.36063	4.365703	0.32339555	0.3271954	2	0	1.4417009	0.43252823	0.0	10.0	10.0	-3.0	0	13	0	1	0	0	745.3350243	1488.655496	50.349346	-.QEGSSFQTEAMFK.-	DECOY_DECOY_sp|Q60865|CAPR1_MOUSE	-0.0444570001870699	-0.10592840785314186	1e-20
2023_05_31_mouse_tcell_100FC+PRTC_100fmol_100ng_60k_PRM_50cm_wtrap_01.mzml:3020.9607:decoyQEGSSFQTEAMFK+2	0	22455	4.66166	0.0777315	0.25406423	4.36063	4.365703	0.32339555	0.3271954	2	0	1.4417009	0.43252823	0.0	10.0	10.0	-3.0	0	13	0	1	0	0	745.3350243	1488.655496	50.349346	-.QEGSSFQTEAMFK.-	DECOY_DECOY_sp|Q60865|CAPR1_MOUSE	-0.0444570001870699	-0.1056024742905168	1e-20
2023_05_31_mouse_tcell_100FC+PRTC_100fmol_100ng_60k_PRM_50cm_wtrap_01.mzml:3031.9124:IIFDDFR+2	1	22536	7.5457754	0.7265882	1.0489882	5.466594	5.149159	0.24239926	0.11113711	5	1	0.824523	-0.35726178	0.12943172	1.4245471	-1.4245471	-2.8440413	0	7	0	1	0	0	463.2425353	924.4705177	50.53187	-.IIFDDFR.-	sp|P46978|STT3A_MOUSE	-0.0230938354096299	-0.037142585283821423	1e-20
2023_05_31_mouse_tcell_100FC+PRTC_100fmol_100ng_60k_PRM_50cm_wtrap_01.mzml:3031.9124:IIFDDFR+2	1	22536	7.5457754	0.7265882	1.0489882	5.466594	5.149159	0.24239926	0.11113711	5	1	0.824523	-0.35726178	0.12943172	1.4245471	-1.4245471	-2.8440413	0	7	0	1	0	0	463.2425353	924.4705177	50.53187	-.IIFDDFR.-	sp|P46978|STT3A_MOUSE	-0.0230938354096299	-0.037065365771796845	1e-20
2023_05_31_mouse_tcell_100FC+PRTC_100fmol_100ng_60k_PRM_50cm_wtrap_01.mzml:3036.9243:decoyDKFEEETFGMR+3	0	22573	5.6905375	0.1392703	0.18283786	4.912386	4.70558	0.38656357	0.20230648	3	0	4.499271	-3.374453	0.0	10.0	10.0	-2.5854015	1	11	0	0	1	0	463.5432154	1387.607817	50.615406	-.DKFEEETFGMR.-	DECOY_DECOY_sp|P03958|ADA_MOUSE	-0.04136514980997	-0.09256201638636764	1e-20
2023_05_31_mouse_tcell_100FC+PRTC_100fmol_100ng_60k_PRM_50cm_wtrap_01.mzml:3036.9243:decoyDKFEEETFGMR+3	0	22573	5.6905375	0.1392703	0.18283786	4.912386	4.70558	0.38656357	0.20230648	3	0	4.499271	-3.374453	0.0	10.0	10.0	-2.5854015	1	11	0	0	1	0	463.5432154	1387.607817	50.615406	-.DKFEEETFGMR.-	DECOY_DECOY_sp|P03958|ADA_MOUSE	-0.04136514980997	-0.09283109201539778	1e-20
2023_05_31_mouse_tcell_100FC+PRTC_100fmol_100ng_60k_PRM_50cm_wtrap_01.mzml:3040.0312:decoyGC[+57.0214635]VLPGGSDEEFSAK+2	0	22596	4.5155525	0.20680559	0.20019771	4.2145224	4.2172284	0.3572878	0.3595208	2	2	0.6454453	-0.48408395	0.0	10.0	10.0	-3.0	0	15	0	1	0	0	776.8510378	1551.687523	50.667187	-.GC[+57.0214635]VLPGGSDEEFSAK.-	DECOY_DECOY_sp|P08882|GRAC_MOUSE	-0.0465434234942499	-0.11628324575262435	1e-20
2023_05_31_mouse_tcell_100FC+PRTC_100fmol_100ng_60k_PRM_50cm_wtrap_01.mzml:3043.1362:SQWEALC[+57.0214635]DSSAAR+2	1	22619	5.606427	0.34002066	0.73030597	4.828276	4.5296283	0.26171464	0.13157704	3	0	2.4413633	1.4671575	0.0	10.0	10.0	-3.0	0	13	0	1	0	0	740.8278973	1479.641242	50.718937	-.SQWEALC[+57.0214635]DSSAAR.-	sp|P13379|CD5_MOUSE	-0.0257477326550299	-0.04311767811211081	1e-20
2023_05_31_mouse_tcell_100FC+PRTC_100fmol_100ng_60k_PRM_50cm_wtrap_01.mzml:3046.9436:QILGVIDK+2	1	22647	10.411949	1.4907953	1.869534	5.806429	5.5070243	0.004168243	0.002091937	8	4	1.2810515	-0.9607886	0.99099386	2.4062042	1.5147725	-1.1395948	0	8	0	1	0	0	443.2738358	884.5331187	50.782394	-.QILGVIDK.-	sp|Q60865|CAPR1_MOUSE	0.006933371804564	0.008995904257350265	0.008995904257350265
2023_05_31_mouse_tcell_100FC+PRTC_100fmol_100ng_60k_PRM_50cm_wtrap_01.mzml:3049.0784:decoyQDIVGLIK+2	0	22663	6.5568247	0.45415938	0.79743516	5.1766133	4.9933276	0.30613282	0.20107445	4	1	1.0463978	-0.37820205	0.9886228	2.8540154	0.5168203	-0.9611006	0	8	0	1	0	0	443.2738358	884.5331187	50.817974	-.QDIVGLIK.-	DECOY_DECOY_sp|Q60865|CAPR1_MOUSE	-0.0360676826778	-0.07289070949544921	1e-20
2023_05_31_mouse_tcell_100FC+PRTC_100fmol_100ng_60k_PRM_50cm_wtrap_01.mzml:3059.8977:decoyEQDPPDEYLVPGEGAAK+2	0	22743	4.893132	0.2103176	0.36020085	4.893132	4.5962086	0.99027175	0.55985636	1	0	0.37021136	-0.27765852	0.9960665	2.4205563	2.4205563	-2.3627641	0	17	0	1	0	0	907.9257848	1813.837017	50.998295	-.EQDPPDEYLVPGEGAAK.-	DECOY_DECOY_sp|P28352|APEX1_MOUSE	-0.1003154313580999	-0.9444330854689406	1e-20
2023_05_31_mouse_tcell_100FC+PRTC_100fmol_100ng_60k_PRM_50cm_wtrap_01.mzml:3063.839:EAAGEGPVLYEDPPDQK+2	1	22772	11.807917	1.9130578	3.2486448	6.248153	5.9512296	0.014584539	0.007361546	9	1	1.0368271	-0.7776203	0.9892281	4.6157217	4.6157217	-1.0420575	0	17	0	1	0	0	907.9257848	1813.837017	51.063984	-.EAAGEGPVLYEDPPDQK.-	sp|P28352|APEX1_MOUSE	0.020520131016807	0.02109392962047271	0.02109392962047271
2023_05_31_mouse_tcell_100FC+PRTC_100fmol_100ng_60k_PRM_50cm_wtrap_01.mzml:3083.1763:decoyIAISGTSEDAALIGKGPAVK+3	0	22915	5.6612525	0.21152008	0.2173237	5.3602223	5.3652954	0.41014674	0.41496593	2	0	0.39130569	0.29347926	0.0	10.0	10.0	-3.0	1	20	0	0	1	0	633.3579577	1897.052044	51.386272	-.IAISGTSEDAALIGKGPAVK.-	DECOY_DECOY_sp|P05064|ALDOA_MOUSE	-0.05441268735327	-0.16603397089614402	1e-20
2023_05_31_mouse_tcell_100FC+PRTC_100fmol_100ng_60k_PRM_50cm_wtrap_01.mzml:3095.9026:DMGFTEEEFKR+3	1	23009	12.047453	0.6745204	0.86890966	5.4876895	5.15392	0.046036985	0.01706798	10	1	2.7276304	-1.2245235	0.9594284	5.0182066	5.0182066	-1.3605285	1	11	0	0	1	0	463.5432154	1387.607817	51.598377	-.DMGFTEEEFKR.-	sp|P03958|ADA_MOUSE	0.003884936102495	0.005298888111530283	0.005298888111530283
2023_05_31_mouse_tcell_100FC+PRTC_100fmol_100ng_60k_PRM_50cm_wtrap_01.mzml:3095.9026:DMGFTEEEFKR+3	1	23009	12.047453	0.6745204	0.86890966	5.4876895	5.15392	0.046036985	0.01706798	10	1	2.7276304	-1.2245235	0.9594284	5.0182066	5.0182066	-1.3605285	1	11	0	0	1	0	463.5432154	1387.607817	51.598377	-.DMGFTEEEFKR.-	sp|P03958|ADA_MOUSE	0.003884936102495	0.0052895426298521	0.0052895426298521
2023_05_31_mouse_tcell_100FC+PRTC_100fmol_100ng_60k_PRM_50cm_wtrap_01.mzml:3106.721:KSC[+57.0214635]C[+57.0214635]SC[+57.0214635]C[+57.0214635]PVGC[+57.0214635]SK+2	1	23089	0.0	-0.001008756	-0.009802369	0.0	0.0	0.11811855	0.060417637	0	0	0.0	0.0	0.0	10.0	10.0	-3.0	1	13	0	1	0	0	795.3035073	1588.592462	51.778683	-.KSC[+57.0214635]C[+57.0214635]SC[+57.0214635]C[+57.0214635]PVGC[+57.0214635]SK.-	sp|P02802|MT1_MOUSE	-0.016146369843984	-0.024345698280382126	1e-20
2023_05_31_mouse_tcell_100FC+PRTC_100fmol_100ng_60k_PRM_50cm_wtrap_01.mzml:3106.721:KSC[+57.0214635]C[+57.0214635]SC[+57.0214635]C[+57.0214635]PVGC[+57.0214635]SK+2	1	23089	0.0	-0.001008756	-0.009802369	0.0	0.0	0.11811855	0.060417637	0	0	0.0	0.0	0.0	10.0	10.0	-3.0	1	13	0	1	0	0	795.3035073	1588.592462	51.778683	-.KSC[+57.0214635]C[+57.0214635]SC[+57.0214635]C[+57.0214635]PVGC[+57.0214635]SK.-	sp|P02802|MT1_MOUSE	-0.016146369843984	-0.024298240778860912	1e-20
2023_05_31_mouse_tcell_100FC+PRTC_100fmol_100ng_60k_PRM_50cm_wtrap_01.mzml:3106.721:KSC[+57.0214635]C[+57.0214635]SC[+57.0214635]C[+57.0214635]PVGC[+57.0214635]SK+2	1	23089	0.0	-0.001008756	-0.009802369	0.0	0.0	0.11811855	0.060417637	0	0	0.0	0.0	0.0	10.0	10.0	-3.0	1	13	0	1	0	0	795.3035073	1588.592462	51.778683	-.KSC[+57.0214635]C[+57.0214635]SC[+57.0214635]C[+57.0214635]PVGC[+57.0214635]SK.-	sp|P02802|MT1_MOUSE	-0.016146369843984	-0.024393341525549214	1e-20
2023_05_31_mouse_tcell_100FC+PRTC_100fmol_100ng_60k_PRM_50cm_wtrap_01.mzml:3106.721:decoyKSC[+57.0214635]GVPC[+57.0214635]C[+57.0214635]SC[+57.0214635]C[+57.0214635]SK+2	0	23089	0.0	-0.001937785	-0.019276071	0.0	0.0	0.11811855	0.09951658	0	0	0.0	0.0	0.0	10.0	10.0	-3.0	1	13	0	1	0	0	795.3035048	1588.592457	51.778683	-.KSC[+57.0214635]GVPC[+57.0214635]C[+57.0214635]SC[+57.0214635]C[+57.0214635]SK.-	DECOY_DECOY_sp|P02802|MT1_MOUSE	-0.0190400834730019	-0.029815303126080054	1e-20
2023_05_31_mouse_tcell_100FC+PRTC_100fmol_100ng_60k_PRM_50cm_wtrap_01.mzml:3106.721:decoyKSC[+57.0214635]GVPC[+57.0214635]C[+57.0214635]SC[+57.0214635]C[+57.0214635]SK+2	0	23089	0.0	-0.001937785	-0.019276071	0.0	0.0	0.11811855	0.09951658	0	0	0.0	0.0	0.0	10.0	10.0	-3.0	1	13	0	1	0	0	795.3035048	1588.592457	51.778683	-.KSC[+57.0214635]GVPC[+57.0214635]C[+57.0214635]SC[+57.0214635]C[+57.0214635]SK.-	DECOY_DECOY_sp|P02802|MT1_MOUSE	-0.0190400834730019	-0.02969483725486357	1e-20
2023_05_31_mouse_tcell_100FC+PRTC_100fmol_100ng_60k_PRM_50cm_wtrap_01.mzml:3106.721:decoyKSC[+57.0214635]GVPC[+57.0214635]C[+57.0214635]SC[+57.0214635]C[+57.0214635]SK+2	0	23089	0.0	-0.001937785	-0.019276071	0.0	0.0	0.11811855	0.09951658	0	0	0.0	0.0	0.0	10.0	10.0	-3.0	1	13	0	1	0	0	795.3035048	1588.592457	51.778683	-.KSC[+57.0214635]GVPC[+57.0214635]C[+57.0214635]SC[+57.0214635]C[+57.0214635]SK.-	DECOY_DECOY_sp|P02802|MT1_MOUSE	-0.0190400834730019	-0.029754948261452363	1e-20
2023_05_31_mouse_tcell_100FC+PRTC_100fmol_100ng_60k_PRM_50cm_wtrap_01.mzml:3107.2546:GASFEEDSGGPLVC[+57.0214635]K+2	1	23093	4.4242377	0.1402626	0.14892268	4.1232076	3.8248832	0.38822514	0.19532579	2	0	2.461065	-1.8457987	0.0	10.0	10.0	-3.0	0	15	0	1	0	0	776.8510383	1551.687524	51.78758	-.GASFEEDSGGPLVC[+57.0214635]K.-	sp|P08882|GRAC_MOUSE	-0.0394992019390299	-0.0851770499914276	1e-20
2023_05_31_mouse_tcell_100FC+PRTC_100fmol_100ng_60k_PRM_50cm_wtrap_01.mzml:3114.9656:QILGVIDK+2	1	23150	5.7271023	0.21556665	0.60740197	4.948951	4.6495466	0.3693298	0.18535738	3	0	1.1752195	-0.88141465	0.0	10.0	10.0	-2.9791298	0	8	0	1	0	0	443.2738358	884.5331187	51.916092	-.QILGVIDK.-	sp|Q60865|CAPR1_MOUSE	-0.04280060885707	-0.09863304488853147	1e-20
2023_05_31_mouse_tcell_100FC+PRTC_100fmol_100ng_60k_PRM_50cm_wtrap_01.mzml:3119.5378:decoyLAFDLDKGITTLK+3	0	23184	4.715239	0.15871826	0.5423488	4.414209	4.4176693	0.49081045	0.49245217	2	0	1.8298192	-1.3723644	0.0	10.0	10.0	-2.3211904	1	13	0	0	1	0	478.9449374	1433.812983	51.9923	-.LAFDLDKGITTLK.-	DECOY_DECOY_sp|Q6NZJ6|IF4G1_MOUSE	-0.06843439528562	-0.3053835442803389	1e-20
2023_05_31_mouse_tcell_100FC+PRTC_100fmol_100ng_60k_PRM_50cm_wtrap_01.mzml:3119.5378:decoyLAFDLDKGITTLK+3	0	23184	4.715239	0.15871826	0.5423488	4.414209	4.4176693	0.49081045	0.49245217	2	0	1.8298192	-1.3723644	0.0	10.0	10.0	-2.3211904	1	13	0	0	1	0	478.9449374	1433.812983	51.9923	-.LAFDLDKGITTLK.-	DECOY_DECOY_sp|Q6NZJ6|IF4G1_MOUSE	-0.06843439528562	-0.30362846643964736	1e-20
2023_05_31_mouse_tcell_100FC+PRTC_100fmol_100ng_60k_PRM_50cm_wtrap_01.mzml:3121.1746:decoyYAFELNNTVEQK+2	0	23196	4.8814135	0.08254894	0.27775657	4.5803833	4.5835204	0.5540107	0.5580273	2	0	0.5496459	-0.41223443	0.0	10.0	10.0	-2.9254575	0	12	0	1	0	0	728.3593518	1454.704151	52.019577	-.YAFELNNTVEQK.-	DECOY_DECOY_sp|Q60865|CAPR1_MOUSE	-0.0745117716224999	-0.3759678934154897	1e-20
2023_05_31_mouse_tcell_100FC+PRTC_100fmol_100ng_60k_PRM_50cm_wtrap_01.mzml:3123.6118:EAAGEGPVLYEDPPDQK+2	1	23214	5.136093	0.15620248	0.19510855	5.136093	4.8391695	0.65018404	0.3281804	1	0	0.16260551	-0.121954136	0.0	10.0	10.0	-2.668345	0	17	0	1	0	0	907.9257848	1813.837017	52.060196	-.EAAGEGPVLYEDPPDQK.-	sp|P28352|APEX1_MOUSE	-0.062262336454374	-0.2356202144253761	1e-20
2023_05_31_mouse_tcell_100FC+PRTC_100fmol_100ng_60k_PRM_50cm_wtrap_01.mzml:3125.515:IC[+57.0214635]DFGLAR+2	1	23228	10.90658	1.7045134	1.7371814	6.301059	6.0015464	0.005214215	0.002616232	8	4	0.24474855	-0.16781193	0.8528344	6.8740053	6.8740053	-1.6304727	0	8	0	1	0	0	476.2394703	950.4643877	52.091915	-.IC[+57.0214635]DFGLAR.-	sp|O54949|NLK_MOUSE;sp|P05532|KIT_MOUSE;sp|P05622|PGFRB_MOUSE;sp|P26618|PGFRA_MOUSE;sp|P35917|VGFR3_MOUSE;sp|P35918|VGFR2_MOUSE;sp|P35969|VGFR1_MOUSE;sp|P63085|MK01_MOUSE;sp|Q00342|FLT3_MOUSE;sp|Q63844|MK03_MOUSE	0.0092492464029309	0.01153540908410768	0.01153540908410768
2023_05_31_mouse_tcell_100FC+PRTC_100fmol_100ng_60k_PRM_50cm_wtrap_01.mzml:3125.515:decoyIALGFDC[+57.0214635]R+2	0	23228	6.75064	0.5055087	0.46972513	5.9724884	5.6920004	0.23435165	0.15633057	3	2	0.42363515	-0.3019769	0.8528344	6.872957	6.872957	-1.9796782	0	8	0	1	0	0	476.2394698	950.4643867	52.091915	-.IALGFDC[+57.0214635]R.-	DECOY_DECOY_sp|O54949|NLK_MOUSE;DECOY_DECOY_sp|P05532|KIT_MOUSE;DECOY_DECOY_sp|P05622|PGFRB_MOUSE;DECOY_DECOY_sp|P26618|PGFRA_MOUSE;DECOY_DECOY_sp|P35917|VGFR3_MOUSE;DECOY_DECOY_sp|P35918|VGFR2_MOUSE;DECOY_DECOY_sp|P35969|VGFR1_MOUSE;DECOY_DECOY_sp|P63085|MK01_MOUSE;DECOY_DECOY_sp|Q00342|FLT3_MOUSE;DECOY_DECOY_sp|Q63844|MK03_MOUSE	-0.0292724450434299	-0.052554250170995076	1e-20
2023_05_31_mouse_tcell_100FC+PRTC_100fmol_100ng_60k_PRM_50cm_wtrap_01.mzml:3136.1953:decoyGC[+57.0214635]VLPGGSDEEFSAK+2	0	23307	4.5374656	0.13304695	0.26594388	4.2364354	4.2391415	0.35929286	0.3615384	2	0	0.21584469	0.023246795	0.0	10.0	10.0	-3.0	0	15	0	1	0	0	776.8510378	1551.687523	52.26992	-.GC[+57.0214635]VLPGGSDEEFSAK.-	DECOY_DECOY_sp|P08882|GRAC_MOUSE	-0.047512873958825	-0.12308704260474128	1e-20
2023_05_31_mouse_tcell_100FC+PRTC_100fmol_100ng_60k_PRM_50cm_wtrap_01.mzml:3164.046:decoyVQITGEQSALGNPFK+2	0	23513	3.9814606	0.30886763	0.33385342	3.9814606	3.9913363	0.92707473	0.92023635	1	0	0.23592074	-0.17694056	0.0	10.0	10.0	-3.0	0	15	0	1	0	0	794.9201128	1587.825673	52.734097	-.VQITGEQSALGNPFK.-	DECOY_DECOY_sp|O54824|IL16_MOUSE	-0.12355222759501	-2.1677799932579025	1e-20
2023_05_31_mouse_tcell_100FC+PRTC_100fmol_100ng_60k_PRM_50cm_wtrap_01.mzml:3164.046:decoyVQITGEQSALGNPFK+2	0	23513	3.9814606	0.30886763	0.33385342	3.9814606	3.9913363	0.92707473	0.92023635	1	0	0.23592074	-0.17694056	0.0	10.0	10.0	-3.0	0	15	0	1	0	0	794.9201128	1587.825673	52.734097	-.VQITGEQSALGNPFK.-	DECOY_DECOY_sp|O54824|IL16_MOUSE	-0.12355222759501	-2.218193481473203	1e-20
2023_05_31_mouse_tcell_100FC+PRTC_100fmol_100ng_60k_PRM_50cm_wtrap_01.mzml:3164.046:decoyVQITGEQSALGNPFK+2	0	23513	3.9814606	0.30886763	0.33385342	3.9814606	3.9913363	0.92707473	0.92023635	1	0	0.23592074	-0.17694056	0.0	10.0	10.0	-3.0	0	15	0	1	0	0	794.9201128	1587.825673	52.734097	-.VQITGEQSALGNPFK.-	DECOY_DECOY_sp|O54824|IL16_MOUSE	-0.12355222759501	-2.2710076119844693	1e-20
2023_05_31_mouse_tcell_100FC+PRTC_100fmol_100ng_60k_PRM_50cm_wtrap_01.mzml:3164.7148:decoyEQDPPDEYLVPGEGAAK+2	0	23518	4.2731385	0.103294015	0.08050736	4.2731385	3.9762146	0.99027175	0.55985636	1	0	0.015504908	-0.011628681	0.0	10.0	10.0	-2.7455852	0	17	0	1	0	0	907.9257848	1813.837017	52.745247	-.EQDPPDEYLVPGEGAAK.-	DECOY_DECOY_sp|P28352|APEX1_MOUSE	-0.1000159030700539	-0.9191937758343048	1e-20
2023_05_31_mouse_tcell_100FC+PRTC_100fmol_100ng_60k_PRM_50cm_wtrap_01.mzml:3172.2915:decoyFIC[+57.0214635]SLC[+57.0214635]R+2	0	23574	7.4197445	1.1115134	0.93144894	5.340563	5.073946	0.1669175	0.13388547	5	3	0.7383061	-0.49491328	0.95550543	4.3986216	2.1430702	-0.5687809	0	7	0	1	0	0	478.2280473	954.4415417	52.871525	-.FIC[+57.0214635]SLC[+57.0214635]R.-	DECOY_DECOY_sp|P13864|DNMT1_MOUSE	-0.0160627510252299	-0.02407853163393686	1e-20
2023_05_31_mouse_tcell_100FC+PRTC_100fmol_100ng_60k_PRM_50cm_wtrap_01.mzml:3172.2915:decoyFIC[+57.0214635]SLC[+57.0214635]R+2	0	23574	7.4197445	1.1115134	0.93144894	5.340563	5.073946	0.1669175	0.13388547	5	3	0.7383061	-0.49491328	0.95550543	4.3986216	2.1430702	-0.5687809	0	7	0	1	0	0	478.2280473	954.4415417	52.871525	-.FIC[+57.0214635]SLC[+57.0214635]R.-	DECOY_DECOY_sp|P13864|DNMT1_MOUSE	-0.0160627510252299	-0.024125377026220786	1e-20
2023_05_31_mouse_tcell_100FC+PRTC_100fmol_100ng_60k_PRM_50cm_wtrap_01.mzml:3175.6646:FC[+57.0214635]LSC[+57.0214635]IR+2	1	23599	9.469751	1.6595315	1.4833398	5.767321	5.469752	0.0189986	0.009519725	7	4	1.2127761	-0.9095821	0.96633404	3.568973	3.1023011	-1.377747	0	7	0	1	0	0	478.2280483	954.4415437	52.927742	-.FC[+57.0214635]LSC[+57.0214635]IR.-	sp|P13864|DNMT1_MOUSE	0.006482135814575	0.00852505766414293	0.00852505766414293
2023_05_31_mouse_tcell_100FC+PRTC_100fmol_100ng_60k_PRM_50cm_wtrap_01.mzml:3175.6646:FC[+57.0214635]LSC[+57.0214635]IR+2	1	23599	9.469751	1.6595315	1.4833398	5.767321	5.469752	0.0189986	0.009519725	7	4	1.2127761	-0.9095821	0.96633404	3.568973	3.1023011	-1.377747	0	7	0	1	0	0	478.2280483	954.4415437	52.927742	-.FC[+57.0214635]LSC[+57.0214635]IR.-	sp|P13864|DNMT1_MOUSE	0.006482135814575	0.008539605544115871	0.008539605544115871
2023_05_31_mouse_tcell_100FC+PRTC_100fmol_100ng_60k_PRM_50cm_wtrap_01.mzml:3178.6382:IC[+57.0214635]DFGLAR+2	1	23621	5.673867	0.4395033	0.57522804	5.372837	5.073324	0.45360506	0.22759633	2	1	0.56581926	-0.42436445	0.0	10.0	10.0	-2.6688628	0	8	0	1	0	0	476.2394703	950.4643877	52.977303	-.IC[+57.0214635]DFGLAR.-	sp|O54949|NLK_MOUSE;sp|P05532|KIT_MOUSE;sp|P05622|PGFRB_MOUSE;sp|P26618|PGFRA_MOUSE;sp|P35917|VGFR3_MOUSE;sp|P35918|VGFR2_MOUSE;sp|P35969|VGFR1_MOUSE;sp|P63085|MK01_MOUSE;sp|Q00342|FLT3_MOUSE;sp|Q63844|MK03_MOUSE	-0.05004578796652	-0.13798338682197656	1e-20
2023_05_31_mouse_tcell_100FC+PRTC_100fmol_100ng_60k_PRM_50cm_wtrap_01.mzml:3178.6382:decoyIALGFDC[+57.0214635]R+2	0	23621	5.603342	0.22479317	0.4305549	5.302312	5.049622	0.54432684	0.3188906	2	1	0.6988706	-0.52415293	0.0	10.0	10.0	-3.0	0	8	0	1	0	0	476.2394698	950.4643867	52.977303	-.IALGFDC[+57.0214635]R.-	DECOY_DECOY_sp|O54949|NLK_MOUSE;DECOY_DECOY_sp|P05532|KIT_MOUSE;DECOY_DECOY_sp|P05622|PGFRB_MOUSE;DECOY_DECOY_sp|P26618|PGFRA_MOUSE;DECOY_DECOY_sp|P35917|VGFR3_MOUSE;DECOY_DECOY_sp|P35918|VGFR2_MOUSE;DECOY_DECOY_sp|P35969|VGFR1_MOUSE;DECOY_DECOY_sp|P63085|MK01_MOUSE;DECOY_DECOY_sp|Q00342|FLT3_MOUSE;DECOY_DECOY_sp|Q63844|MK03_MOUSE	-0.06340911552134	-0.24723150092158827	1e-20
2023_05_31_mouse_tcell_100FC+PRTC_100fmol_100ng_60k_PRM_50cm_wtrap_01.mzml:3183.379:decoyIFDDFIR+2	0	23656	7.1138706	0.67454666	0.68150896	5.034689	4.915479	0.26545352	0.16352965	5	1	4.238537	1.173935	0.0	10.0	10.0	-1.8556833	0	7	0	1	0	0	463.2425353	924.4705177	53.056316	-.IFDDFIR.-	DECOY_DECOY_sp|P46978|STT3A_MOUSE	-0.02955790916589	-0.053691072649569606	1e-20
2023_05_31_mouse_tcell_100FC+PRTC_100fmol_100ng_60k_PRM_50cm_wtrap_01.mzml:3183.379:decoyIFDDFIR+2	0	23656	7.1138706	0.67454666	0.68150896	5.034689	4.915479	0.26545352	0.16352965	5	1	4.238537	1.173935	0.0	10.0	10.0	-1.8556833	0	7	0	1	0	0	463.2425353	924.4705177	53.056316	-.IFDDFIR.-	DECOY_DECOY_sp|P46978|STT3A_MOUSE	-0.02955790916589	-0.0535650372677631	1e-20
2023_05_31_mouse_tcell_100FC+PRTC_100fmol_100ng_60k_PRM_50cm_wtrap_01.mzml:3191.8926:YQEVTNNLEFAK+2	1	23719	12.897213	1.7520742	2.3701124	6.337449	6.0395565	0.006023115	0.003033391	10	5	0.5143724	0.29434913	0.9968812	3.9230201	2.2258303	-1.871124	0	12	0	1	0	0	728.3593518	1454.704151	53.198208	-.YQEVTNNLEFAK.-	sp|Q60865|CAPR1_MOUSE	0.017032093212728	0.01854552321611568	0.01854552321611568
2023_05_31_mouse_tcell_100FC+PRTC_100fmol_100ng_60k_PRM_50cm_wtrap_01.mzml:3192.5596:decoyIAISGTSEDAALIGKGPAVK+3	0	23724	5.9512835	0.06354866	0.28132552	5.6502533	5.6553264	0.3880603	0.39262	2	0	2.125888	1.1572435	0.9990127	2.495374	1.7744719	-2.468916	1	20	0	0	1	0	633.3579577	1897.052044	53.209328	-.IAISGTSEDAALIGKGPAVK.-	DECOY_DECOY_sp|P05064|ALDOA_MOUSE	-0.05461693266374	-0.16731853974764793	1e-20
2023_05_31_mouse_tcell_100FC+PRTC_100fmol_100ng_60k_PRM_50cm_wtrap_01.mzml:3193.796:IVAPGKGILAADESTGSIAK+3	1	23733	13.396577	1.9683722	4.17421	6.8368134	6.5408564	0.003952432	0.001999436	10	1	0.36444584	-0.27333438	0.9990127	2.495374	1.7744719	-2.0137525	1	20	0	0	1	0	633.3579577	1897.052044	53.22993	-.IVAPGKGILAADESTGSIAK.-	sp|P05064|ALDOA_MOUSE	0.01830268837352	0.01946236284346755	0.01946236284346755
2023_05_31_mouse_tcell_100FC+PRTC_100fmol_100ng_60k_PRM_50cm_wtrap_01.mzml:3218.2727:decoyFIC[+57.0214635]SLC[+57.0214635]R+2	0	23914	4.9305515	0.13815486	0.16226573	4.6295214	4.4717507	0.8850784	0.49206117	2	1	0.26884174	-0.20163131	0.0	10.0	10.0	-3.0	0	7	0	1	0	0	478.2280473	954.4415417	53.63788	-.FIC[+57.0214635]SLC[+57.0214635]R.-	DECOY_DECOY_sp|P13864|DNMT1_MOUSE	-0.0959990999341499	-0.796895754292083	1e-20
2023_05_31_mouse_tcell_100FC+PRTC_100fmol_100ng_60k_PRM_50cm_wtrap_01.mzml:3218.2727:decoyFIC[+57.0214635]SLC[+57.0214635]R+2	0	23914	4.9305515	0.13815486	0.16226573	4.6295214	4.4717507	0.8850784	0.49206117	2	1	0.26884174	-0.20163131	0.0	10.0	10.0	-3.0	0	7	0	1	0	0	478.2280473	954.4415417	53.63788	-.FIC[+57.0214635]SLC[+57.0214635]R.-	DECOY_DECOY_sp|P13864|DNMT1_MOUSE	-0.0959990999341499	-0.7884181398847205	1e-20
2023_05_31_mouse_tcell_100FC+PRTC_100fmol_100ng_60k_PRM_50cm_wtrap_01.mzml:3222.613:decoyQDIVGLIK+2	0	23946	6.450056	0.4011843	0.9280157	5.0698447	4.9447565	0.23683621	0.16997403	4	1	4.2574053	0.8256953	0.0	10.0	10.0	-1.5301266	0	8	0	1	0	0	443.2738358	884.5331187	53.710217	-.QDIVGLIK.-	DECOY_DECOY_sp|Q60865|CAPR1_MOUSE	-0.0317605591470999	-0.05936840596019643	1e-20
2023_05_31_mouse_tcell_100FC+PRTC_100fmol_100ng_60k_PRM_50cm_wtrap_01.mzml:3241.5466:decoyIFDDFIR+2	0	24086	6.693829	0.60112894	0.63754505	5.3136177	5.195675	0.39906758	0.2121327	4	2	1.2526938	-0.9395203	0.0	10.0	10.0	-2.6511993	0	7	0	1	0	0	463.2425353	924.4705177	54.025776	-.IFDDFIR.-	DECOY_DECOY_sp|P46978|STT3A_MOUSE	-0.0404976933316899	-0.08907184972098177	1e-20
2023_05_31_mouse_tcell_100FC+PRTC_100fmol_100ng_60k_PRM_50cm_wtrap_01.mzml:3241.5466:decoyIFDDFIR+2	0	24086	6.693829	0.60112894	0.63754505	5.3136177	5.195675	0.39906758	0.2121327	4	2	1.2526938	-0.9395203	0.0	10.0	10.0	-2.6511993	0	7	0	1	0	0	463.2425353	924.4705177	54.025776	-.IFDDFIR.-	DECOY_DECOY_sp|P46978|STT3A_MOUSE	-0.0404976933316899	-0.08932634072018458	1e-20
2023_05_31_mouse_tcell_100FC+PRTC_100fmol_100ng_60k_PRM_50cm_wtrap_01.mzml:3251.1265:VFPNGLASQEGTIQK+2	1	24157	9.825078	2.0061111	2.0447748	5.2195573	4.928403	0.002096142	0.001072177	8	4	1.9571403	-1.4198384	0.72266495	3.2346706	3.2346706	-1.3804948	0	15	0	1	0	0	794.9201128	1587.825673	54.18544	-.VFPNGLASQEGTIQK.-	sp|O54824|IL16_MOUSE	0.018212684147393	0.019500960002479053	0.019500960002479053
2023_05_31_mouse_tcell_100FC+PRTC_100fmol_100ng_60k_PRM_50cm_wtrap_01.mzml:3251.1265:VFPNGLASQEGTIQK+2	1	24157	9.825078	2.0061111	2.0447748	5.2195573	4.928403	0.002096142	0.001072177	8	4	1.9571403	-1.4198384	0.72266495	3.2346706	3.2346706	-1.3804948	0	15	0	1	0	0	794.9201128	1587.825673	54.18544	-.VFPNGLASQEGTIQK.-	sp|O54824|IL16_MOUSE	0.018212684147393	0.019447015438156842	0.019447015438156842
2023_05_31_mouse_tcell_100FC+PRTC_100fmol_100ng_60k_PRM_50cm_wtrap_01.mzml:3251.1265:VFPNGLASQEGTIQK+2	1	24157	9.825078	2.0061111	2.0447748	5.2195573	4.928403	0.002096142	0.001072177	8	4	1.9571403	-1.4198384	0.72266495	3.2346706	3.2346706	-1.3804948	0	15	0	1	0	0	794.9201128	1587.825673	54.18544	-.VFPNGLASQEGTIQK.-	sp|O54824|IL16_MOUSE	0.018212684147393	0.019473950362586423	0.019473950362586423
2023_05_31_mouse_tcell_100FC+PRTC_100fmol_100ng_60k_PRM_50cm_wtrap_01.mzml:3251.1265:decoyVQITGEQSALGNPFK+2	0	24157	3.9249723	0.8856585	0.45287764	3.9249723	3.934848	0.9411579	0.9346434	1	0	0.5478592	-0.4108944	0.72266495	3.2346706	3.2346706	-3.0	0	15	0	1	0	0	794.9201128	1587.825673	54.18544	-.VQITGEQSALGNPFK.-	DECOY_DECOY_sp|O54824|IL16_MOUSE	-0.12363248941762	-2.32790931293665	1e-20
2023_05_31_mouse_tcell_100FC+PRTC_100fmol_100ng_60k_PRM_50cm_wtrap_01.mzml:3251.1265:decoyVQITGEQSALGNPFK+2	0	24157	3.9249723	0.8856585	0.45287764	3.9249723	3.934848	0.9411579	0.9346434	1	0	0.5478592	-0.4108944	0.72266495	3.2346706	3.2346706	-3.0	0	15	0	1	0	0	794.9201128	1587.825673	54.18544	-.VQITGEQSALGNPFK.-	DECOY_DECOY_sp|O54824|IL16_MOUSE	-0.12363248941762	-2.386107045760066	1e-20
2023_05_31_mouse_tcell_100FC+PRTC_100fmol_100ng_60k_PRM_50cm_wtrap_01.mzml:3255.8655:IVAPGKGILAADESTGSIAK+3	1	24192	11.38513	1.2112123	1.7152026	5.825366	5.5294094	0.011173678	0.005652484	9	0	3.5111268	-2.6333451	0.0	10.0	10.0	-2.1968737	1	20	0	0	1	0	633.3579577	1897.052044	54.264423	-.IVAPGKGILAADESTGSIAK.-	sp|P05064|ALDOA_MOUSE	0.01200111786083	0.014123266750854816	0.014123266750854816
2023_05_31_mouse_tcell_100FC+PRTC_100fmol_100ng_60k_PRM_50cm_wtrap_01.mzml:3259.902:FTSFSVYC[+57.0214635]SR+2	1	24222	5.5571575	0.19979876	0.40858093	5.2561274	4.956939	0.7273998	0.36524567	2	0	2.995309	2.231152	0.58124214	4.215164	4.215164	-3.0	0	10	0	1	0	0	627.2846013	1252.55465	54.331703	-.FTSFSVYC[+57.0214635]SR.-	sp|P13864|DNMT1_MOUSE	-0.0776523757898599	-0.41343195937773686	1e-20
2023_05_31_mouse_tcell_100FC+PRTC_100fmol_100ng_60k_PRM_50cm_wtrap_01.mzml:3259.902:decoyFSC[+57.0214635]YVSFSTR+2	0	24222	5.1497016	0.24530847	0.30864817	5.1497016	4.8505135	0.9482152	0.5319147	1	0	0.010219748	-0.007664811	0.58124214	4.2143683	4.2143683	-3.0	0	10	0	1	0	0	627.2846008	1252.554649	54.331703	-.FSC[+57.0214635]YVSFSTR.-	DECOY_DECOY_sp|P13864|DNMT1_MOUSE	-0.1022930498899489	-1.0817840344526104	1e-20
2023_05_31_mouse_tcell_100FC+PRTC_100fmol_100ng_60k_PRM_50cm_wtrap_01.mzml:3264.3738:decoyYAFELNNTVEQK+2	0	24255	5.050153	0.16524772	0.32969704	4.7491226	4.75226	0.44328988	0.44650364	2	0	0.522229	-0.39167178	0.0	10.0	10.0	-2.846798	0	12	0	1	0	0	728.3593518	1454.704151	54.40623	-.YAFELNNTVEQK.-	DECOY_DECOY_sp|Q60865|CAPR1_MOUSE	-0.0592813197898999	-0.21587348527265438	1e-20
2023_05_31_mouse_tcell_100FC+PRTC_100fmol_100ng_60k_PRM_50cm_wtrap_01.mzml:3269.5159:FC[+57.0214635]LSC[+57.0214635]IR+2	1	24293	5.11508	0.29374674	0.37950268	4.3369284	4.0281196	0.58029974	0.28985265	3	0	1.7606531	-1.3204899	0.0	10.0	10.0	-3.0	0	7	0	1	0	0	478.2280483	954.4415437	54.491932	-.FC[+57.0214635]LSC[+57.0214635]IR.-	sp|P13864|DNMT1_MOUSE	-0.0618790076250699	-0.23302728725148272	1e-20
2023_05_31_mouse_tcell_100FC+PRTC_100fmol_100ng_60k_PRM_50cm_wtrap_01.mzml:3269.5159:FC[+57.0214635]LSC[+57.0214635]IR+2	1	24293	5.11508	0.29374674	0.37950268	4.3369284	4.0281196	0.58029974	0.28985265	3	0	1.7606531	-1.3204899	0.0	10.0	10.0	-3.0	0	7	0	1	0	0	478.2280483	954.4415437	54.491932	-.FC[+57.0214635]LSC[+57.0214635]IR.-	sp|P13864|DNMT1_MOUSE	-0.0618790076250699	-0.23189608682793184	1e-20
2023_05_31_mouse_tcell_100FC+PRTC_100fmol_100ng_60k_PRM_50cm_wtrap_01.mzml:3272.624:decoyIC[+57.0214635]AQIIFR+2	0	24316	6.311126	0.4588669	0.6964296	4.930915	4.622223	0.32512522	0.21796525	4	0	5.692385	-1.9489882	0.0	10.0	10.0	-3.0	0	8	0	1	0	0	510.7865873	1019.558622	54.543736	-.IC[+57.0214635]AQIIFR.-	DECOY_DECOY_sp|O08738|CASP6_MOUSE	-0.0408099687750299	-0.09079335992600314	1e-20
2023_05_31_mouse_tcell_100FC+PRTC_100fmol_100ng_60k_PRM_50cm_wtrap_01.mzml:3272.624:decoyIC[+57.0214635]AQIIFR+2	0	24316	6.311126	0.4588669	0.6964296	4.930915	4.624142	0.32512522	0.20914666	4	0	5.692385	-1.9489882	0.0	10.0	10.0	-3.0	0	8	0	1	0	0	510.7865873	1019.558622	54.543736	-.IC[+57.0214635]AQIIFR.-	DECOY_DECOY_sp|O08738|CASP6_MOUSE	-0.0401488041225999	-0.08730951206379471	1e-20
2023_05_31_mouse_tcell_100FC+PRTC_100fmol_100ng_60k_PRM_50cm_wtrap_01.mzml:3272.624:decoyLC[+57.0214635]AQIIFR+2	0	24316	6.313271	0.4588669	0.6964296	4.9330597	4.6237025	0.32458997	0.21762079	4	0	5.692385	-1.9489882	0.0	10.0	10.0	-3.0	0	8	0	1	0	0	510.7865873	1019.558622	54.543736	-.LC[+57.0214635]AQIIFR.-	DECOY_DECOY_sp|P70677|CASP3_MOUSE	-0.04075580635626	-0.09041230605469172	1e-20
2023_05_31_mouse_tcell_100FC+PRTC_100fmol_100ng_60k_PRM_50cm_wtrap_01.mzml:3272.624:decoyLC[+57.0214635]AQIIFR+2	0	24316	6.313271	0.4588669	0.6964296	4.9330597	4.625622	0.32458997	0.20882364	4	0	5.692385	-1.9489882	0.0	10.0	10.0	-3.0	0	8	0	1	0	0	510.7865873	1019.558622	54.543736	-.LC[+57.0214635]AQIIFR.-	DECOY_DECOY_sp|P70677|CASP3_MOUSE	-0.04009622310621	-0.086950236623579	1e-20
2023_05_31_mouse_tcell_100FC+PRTC_100fmol_100ng_60k_PRM_50cm_wtrap_01.mzml:3294.2642:YQEVTNNLEFAK+2	1	24476	12.151419	1.3465289	1.4721371	5.591655	5.2937617	0.01570911	0.0079115	10	1	3.8397534	-2.879815	0.75449157	1.2251315	1.2251315	-1.9110097	0	12	0	1	0	0	728.3593518	1454.704151	54.904404	-.YQEVTNNLEFAK.-	sp|Q60865|CAPR1_MOUSE	0.01196275640001	0.01409961517680568	0.01409961517680568
2023_05_31_mouse_tcell_100FC+PRTC_100fmol_100ng_60k_PRM_50cm_wtrap_01.mzml:3305.0903:NSTEC[+57.0214635]TLILTEGDSAK+2	1	24556	12.7838745	2.3987656	3.5486524	6.224111	5.926542	0.000956	0.000482	10	10	0.96160096	-0.7212007	0.99626136	3.1611156	2.0071523	-1.4107206	0	16	0	1	0	0	869.9118243	1737.809096	55.08484	-.NSTEC[+57.0214635]TLILTEGDSAK.-	sp|Q01320|TOP2A_MOUSE	0.0254193122443	0.025485336431947534	0.025485336431947534
2023_05_31_mouse_tcell_100FC+PRTC_100fmol_100ng_60k_PRM_50cm_wtrap_01.mzml:3332.5588:decoyQTLMSVIC[+57.0214635]PIK+2	0	24759	4.62297	0.10945327	0.5815169	4.32194	4.284035	0.47722983	0.41820973	2	0	0.8953573	-0.67151797	0.79709053	8.426804	-8.426804	-2.9293973	0	11	0	1	0	0	645.3514343	1288.688316	55.54265	-.QTLMSVIC[+57.0214635]PIK.-	DECOY_DECOY_sp|P70677|CASP3_MOUSE	-0.0647431142758199	-0.2658600224517711	1e-20
2023_05_31_mouse_tcell_100FC+PRTC_100fmol_100ng_60k_PRM_50cm_wtrap_01.mzml:3332.5588:decoyQTLMSVIC[+57.0214635]PIK+2	0	24759	4.62297	0.10945327	0.5815169	4.32194	4.270968	0.47722983	0.39871126	2	0	0.8953573	-0.67151797	0.79709053	8.426804	-8.426804	-3.0	0	11	0	1	0	0	645.3514343	1288.688316	55.54265	-.QTLMSVIC[+57.0214635]PIK.-	DECOY_DECOY_sp|P70677|CASP3_MOUSE	-0.06343013271173	-0.24983705333395692	1e-20
2023_05_31_mouse_tcell_100FC+PRTC_100fmol_100ng_60k_PRM_50cm_wtrap_01.mzml:3332.5588:decoyQTLMSVIC[+57.0214635]PIK+2	0	24759	4.62297	0.10945327	0.5815169	4.32194	4.270968	0.47722983	0.39871126	2	0	0.8953573	-0.67151797	0.79709053	8.426804	-8.426804	-3.0	0	11	0	1	0	0	645.3514343	1288.688316	55.54265	-.QTLMSVIC[+57.0214635]PIK.-	DECOY_DECOY_sp|P70677|CASP3_MOUSE	-0.06343013271173	-0.24856884494139878	1e-20
2023_05_31_mouse_tcell_100FC+PRTC_100fmol_100ng_60k_PRM_50cm_wtrap_01.mzml:3341.0754:decoyFPDQLFR+2	0	24822	7.475465	0.4853546	0.47964862	5.396283	5.3613353	0.25608885	0.16141614	5	1	0.8726194	-0.65446454	0.46753016	8.836892	8.836892	-2.3314376	0	7	0	1	0	0	461.7427028	921.4708527	55.68459	-.FPDQLFR.-	DECOY_DECOY_sp|Q3U7R1|ESYT1_MOUSE	-0.02728167611595	-0.046288909805523956	1e-20
2023_05_31_mouse_tcell_100FC+PRTC_100fmol_100ng_60k_PRM_50cm_wtrap_01.mzml:3353.268:decoyVQITGEQSALGNPFK+2	0	24912	4.564989	0.36651367	0.36302727	4.263959	4.2738347	0.43497318	0.41681647	2	2	1.3780082	-1.0335062	0.0	10.0	10.0	-3.0	0	15	0	1	0	0	794.9201128	1587.825673	55.887802	-.VQITGEQSALGNPFK.-	DECOY_DECOY_sp|O54824|IL16_MOUSE	-0.05463207178713	-0.16803171083531618	1e-20
2023_05_31_mouse_tcell_100FC+PRTC_100fmol_100ng_60k_PRM_50cm_wtrap_01.mzml:3375.305:decoySPPSLPFDPVSEKK+3	0	25075	6.1354923	0.20100382	0.3775205	5.3573413	5.364235	0.33040532	0.3356918	3	0	1.8052748	-1.1016918	0.8708783	3.9272983	1.7547643	-3.0	1	14	0	0	1	0	509.9399627	1526.798059	56.25508	-.SPPSLPFDPVSEKK.-	DECOY_DECOY_sp|P54227|STMN1_MOUSE	-0.0463135569645399	-0.11496484236856849	1e-20
2023_05_31_mouse_tcell_100FC+PRTC_100fmol_100ng_60k_PRM_50cm_wtrap_01.mzml:3375.305:decoySPPSLPFDPVSEKK+3	0	25075	6.1354923	0.20100382	0.3775205	5.3573413	5.366154	0.33040532	0.3371786	3	0	1.8052748	-1.1016918	0.8708783	3.9272983	1.7547643	-3.0	1	14	0	0	1	0	509.9399627	1526.798059	56.25508	-.SPPSLPFDPVSEKK.-	DECOY_DECOY_sp|P54227|STMN1_MOUSE	-0.0464137236091399	-0.11558514395566453	1e-20
2023_05_31_mouse_tcell_100FC+PRTC_100fmol_100ng_60k_PRM_50cm_wtrap_01.mzml:3381.1143:NSTEC[+57.0214635]TLILTEGDSAK+2	1	25118	5.1051097	0.33513176	0.4674541	4.8040795	4.5065103	0.38924208	0.19617799	2	1	3.212518	-2.4093885	0.0	10.0	10.0	-2.621137	0	16	0	1	0	0	869.9118243	1737.809096	56.351906	-.NSTEC[+57.0214635]TLILTEGDSAK.-	sp|Q01320|TOP2A_MOUSE	-0.0360564798511299	-0.07248854803404241	1e-20
2023_05_31_mouse_tcell_100FC+PRTC_100fmol_100ng_60k_PRM_50cm_wtrap_01.mzml:3381.6482:decoyLLGPGQTDESQTTLK+2	0	25122	5.170273	0.3741288	0.43717286	4.8692427	4.5780883	0.36447155	0.23575696	2	0	1.447359	1.0286666	0.0	10.0	10.0	-2.634441	0	15	0	1	0	0	794.4148608	1586.815169	56.3608	-.LLGPGQTDESQTTLK.-	DECOY_DECOY_sp|O54824|IL16_MOUSE	-0.0393670274009499	-0.08442040320425923	1e-20
2023_05_31_mouse_tcell_100FC+PRTC_100fmol_100ng_60k_PRM_50cm_wtrap_01.mzml:3381.6482:decoyLLGPGQTDESQTTLK+2	0	25122	5.170273	0.3741288	0.43717286	4.8692427	4.5780883	0.36447155	0.23575696	2	0	1.447359	1.0286666	0.0	10.0	10.0	-2.634441	0	15	0	1	0	0	794.4148608	1586.815169	56.3608	-.LLGPGQTDESQTTLK.-	DECOY_DECOY_sp|O54824|IL16_MOUSE	-0.0393670274009499	-0.08465555753073349	1e-20
2023_05_31_mouse_tcell_100FC+PRTC_100fmol_100ng_60k_PRM_50cm_wtrap_01.mzml:3381.6482:decoyLLGPGQTDESQTTLK+2	0	25122	5.170273	0.3741288	0.43717286	4.8692427	4.5780883	0.36447155	0.23575696	2	0	1.447359	1.0286666	0.0	10.0	10.0	-2.634441	0	15	0	1	0	0	794.4148608	1586.815169	56.3608	-.LLGPGQTDESQTTLK.-	DECOY_DECOY_sp|O54824|IL16_MOUSE	-0.0393670274009499	-0.08418655167183746	1e-20
2023_05_31_mouse_tcell_100FC+PRTC_100fmol_100ng_60k_PRM_50cm_wtrap_01.mzml:3382.3494:decoyNASDGETLILTC[+57.0214635]ETSK+2	0	25127	4.4246254	0.15987407	0.14173995	4.4246254	4.428086	0.9496544	0.9572515	1	1	0.31603384	-0.23702538	0.0	10.0	10.0	-2.3938437	0	16	0	1	0	0	869.9118238	1737.809095	56.37249	-.NASDGETLILTC[+57.0214635]ETSK.-	DECOY_DECOY_sp|Q01320|TOP2A_MOUSE	-0.12585089411768	-2.7759111502528273	1e-20
2023_05_31_mouse_tcell_100FC+PRTC_100fmol_100ng_60k_PRM_50cm_wtrap_01.mzml:3382.8833:LLTTQSEDTQGPGLK+2	1	25131	7.356368	0.992524	0.9713228	5.2771864	4.986032	0.05692815	0.02911875	5	1	1.6121769	0.43507338	0.0	10.0	10.0	-1.8721025	0	15	0	1	0	0	794.4148608	1586.815169	56.38139	-.LLTTQSEDTQGPGLK.-	sp|O54824|IL16_MOUSE	0.00355183830362	0.004853131275034762	0.004853131275034762
2023_05_31_mouse_tcell_100FC+PRTC_100fmol_100ng_60k_PRM_50cm_wtrap_01.mzml:3382.8833:LLTTQSEDTQGPGLK+2	1	25131	7.356368	0.992524	0.9713228	5.2771864	4.986032	0.05692815	0.02911875	5	1	1.6121769	0.43507338	0.0	10.0	10.0	-1.8721025	0	15	0	1	0	0	794.4148608	1586.815169	56.38139	-.LLTTQSEDTQGPGLK.-	sp|O54824|IL16_MOUSE	0.00355183830362	0.004861736117720993	0.004861736117720993
2023_05_31_mouse_tcell_100FC+PRTC_100fmol_100ng_60k_PRM_50cm_wtrap_01.mzml:3382.8833:LLTTQSEDTQGPGLK+2	1	25131	7.356368	0.992524	0.9713228	5.2771864	4.986032	0.05692815	0.02911875	5	1	1.6121769	0.43507338	0.0	10.0	10.0	-1.8721025	0	15	0	1	0	0	794.4148608	1586.815169	56.38139	-.LLTTQSEDTQGPGLK.-	sp|O54824|IL16_MOUSE	0.00355183830362	0.004870371528232043	0.004870371528232043
2023_05_31_mouse_tcell_100FC+PRTC_100fmol_100ng_60k_PRM_50cm_wtrap_01.mzml:3383.017:FTSFSVYC[+57.0214635]SR+2	1	25132	12.160529	1.6880066	1.7701744	5.6007657	5.3015776	0.011655616	0.005852576	10	0	2.3765976	-1.7824483	0.8056057	3.4880693	3.4880693	-1.010273	0	10	0	1	0	0	627.2846013	1252.55465	56.383617	-.FTSFSVYC[+57.0214635]SR.-	sp|P13864|DNMT1_MOUSE	0.012743382498404	0.014705368144645571	0.014705368144645571
2023_05_31_mouse_tcell_100FC+PRTC_100fmol_100ng_60k_PRM_50cm_wtrap_01.mzml:3386.3862:decoyFSC[+57.0214635]YVSFSTR+2	0	25157	5.681181	0.33683616	0.6496583	4.9030294	4.6873727	0.40786603	0.25805578	3	0	2.062997	1.0734308	0.0	10.0	10.0	-2.1528587	0	10	0	1	0	0	627.2846008	1252.554649	56.43977	-.FSC[+57.0214635]YVSFSTR.-	DECOY_DECOY_sp|P13864|DNMT1_MOUSE	-0.0451713079155099	-0.10829891214525976	1e-20
2023_05_31_mouse_tcell_100FC+PRTC_100fmol_100ng_60k_PRM_50cm_wtrap_01.mzml:3391.6619:decoySLSGPEAGDEAPTGEVNER+2	0	25196	4.756578	0.037648562	0.22286187	4.756578	4.7646456	0.963575	0.97425956	1	0	0.13663171	-0.10247378	0.0	10.0	10.0	-3.0	0	19	0	1	0	0	957.9374158	1913.860279	56.5277	-.SLSGPEAGDEAPTGEVNER.-	DECOY_DECOY_sp|Q01320|TOP2A_MOUSE	-0.127298154035996	-3.5097919612781756	1e-20
2023_05_31_mouse_tcell_100FC+PRTC_100fmol_100ng_60k_PRM_50cm_wtrap_01.mzml:3391.6619:decoySLSGPEAGDEAPTGEVNER+2	0	25196	4.756578	0.037648562	0.22286187	4.756578	4.7646456	0.963575	0.97425956	1	0	0.13663171	-0.10247378	0.0	10.0	10.0	-3.0	0	19	0	1	0	0	957.9374158	1913.860279	56.5277	-.SLSGPEAGDEAPTGEVNER.-	DECOY_DECOY_sp|Q01320|TOP2A_MOUSE	-0.127298154035996	-3.6397842561403304	1e-20
2023_05_31_mouse_tcell_100FC+PRTC_100fmol_100ng_60k_PRM_50cm_wtrap_01.mzml:3392.1958:VMNTGSQFVMEGVK+2	1	25200	4.1762033	0.10860789	0.2102437	4.1762033	3.8803535	0.80441284	0.40703288	1	0	1.7276119	1.2957089	0.0	10.0	10.0	-3.0	0	14	0	1	0	0	763.8707198	1525.726887	56.5366	-.VMNTGSQFVMEGVK.-	sp|Q8BRF7|SCFD1_MOUSE	-0.0833639704941899	-0.47671840904825635	1e-20
2023_05_31_mouse_tcell_100FC+PRTC_100fmol_100ng_60k_PRM_50cm_wtrap_01.mzml:3392.1958:VMNTGSQFVMEGVK+2	1	25200	4.1762033	0.10860789	0.2102437	4.1762033	3.8803535	0.80441284	0.40703288	1	0	1.7276119	1.2957089	0.0	10.0	10.0	-3.0	0	14	0	1	0	0	763.8707198	1525.726887	56.5366	-.VMNTGSQFVMEGVK.-	sp|Q8BRF7|SCFD1_MOUSE	-0.0833639704941899	-0.48027600911578067	1e-20
2023_05_31_mouse_tcell_100FC+PRTC_100fmol_100ng_60k_PRM_50cm_wtrap_01.mzml:3396.8005:GINSNNLESQLQATQAAR+2	1	25234	12.471735	1.1168678	1.6518503	5.9119716	5.6190095	0.00065	0.000331	10	0	0.8667941	-0.6500956	0.92880845	0.7954763	0.6559664	-1.9272797	0	18	0	1	0	0	957.9850348	1913.955517	56.613342	-.GINSNNLESQLQATQAAR.-	sp|P52293|IMA1_MOUSE	0.0186768643684	0.01961706026177524	0.01961706026177524
2023_05_31_mouse_tcell_100FC+PRTC_100fmol_100ng_60k_PRM_50cm_wtrap_01.mzml:3396.8005:GINSNNLESQLQATQAAR+2	1	25234	12.471735	1.1168678	1.6518503	5.9119716	5.6190095	0.00065	0.000331	10	0	0.8667941	-0.6500956	0.92880845	0.7954763	0.6559664	-1.9272797	0	18	0	1	0	0	957.9850348	1913.955517	56.613342	-.GINSNNLESQLQATQAAR.-	sp|P52293|IMA1_MOUSE	0.0186768643684	0.019643786501913896	0.019643786501913896
2023_05_31_mouse_tcell_100FC+PRTC_100fmol_100ng_60k_PRM_50cm_wtrap_01.mzml:3402.8762:decoyGVAESGNDSVSDR+2	0	25279	6.269169	0.45702797	0.7460299	4.8889575	4.750239	0.28978866	0.22690184	4	0	0.84765416	-0.63574064	0.19865415	7.9864097	7.9864097	-3.0	0	13	0	1	0	0	646.7892943	1291.564036	56.714603	-.GVAESGNDSVSDR.-	DECOY_DECOY_sp|Q61823|PDCD4_MOUSE	-0.0328746735113899	-0.06344811987698251	1e-20
2023_05_31_mouse_tcell_100FC+PRTC_100fmol_100ng_60k_PRM_50cm_wtrap_01.mzml:3402.8762:decoyGVAESGNDSVSDR+2	0	25279	6.269169	0.45702797	0.7460299	4.8889575	4.750239	0.28978866	0.22690184	4	0	0.84765416	-0.63574064	0.19865415	7.9864097	7.9864097	-3.0	0	13	0	1	0	0	646.7892943	1291.564036	56.714603	-.GVAESGNDSVSDR.-	DECOY_DECOY_sp|Q61823|PDCD4_MOUSE	-0.0328746735113899	-0.06328989513913467	1e-20
2023_05_31_mouse_tcell_100FC+PRTC_100fmol_100ng_60k_PRM_50cm_wtrap_01.mzml:3402.8762:decoyGVAESGNDSVSDR+2	0	25279	6.269169	0.45702797	0.7460299	4.8889575	4.7890735	0.28978866	0.2261469	4	0	0.84765416	-0.63574064	0.19865415	7.9864097	7.9864097	-3.0	0	13	0	1	0	0	646.7892943	1291.564036	56.714603	-.GVAESGNDSVSDR.-	DECOY_DECOY_sp|Q61823|PDCD4_MOUSE	-0.0326231360945099	-0.06264940563423294	1e-20
2023_05_31_mouse_tcell_100FC+PRTC_100fmol_100ng_60k_PRM_50cm_wtrap_01.mzml:3414.6582:SKESVPDFPLSPPK+3	1	25366	13.376333	1.899608	2.776584	6.8165693	6.5109577	0.005315954	0.002462164	10	2	0.2262453	0.16968398	0.99239045	2.96997	2.96997	-2.2616243	1	14	0	0	1	0	509.9399627	1526.798059	56.91097	-.SKESVPDFPLSPPK.-	sp|P54227|STMN1_MOUSE	0.015105735524706	0.016803498307021658	0.016803498307021658
2023_05_31_mouse_tcell_100FC+PRTC_100fmol_100ng_60k_PRM_50cm_wtrap_01.mzml:3414.6582:SKESVPDFPLSPPK+3	1	25366	13.376333	1.899608	2.776584	6.8165693	6.512877	0.005315954	0.002473069	10	2	0.2262453	0.16968398	0.99239045	2.96997	2.96997	-2.1826613	1	14	0	0	1	0	509.9399627	1526.798059	56.91097	-.SKESVPDFPLSPPK.-	sp|P54227|STMN1_MOUSE	0.015183539786321	0.01686574491372635	0.01686574491372635
2023_05_31_mouse_tcell_100FC+PRTC_100fmol_100ng_60k_PRM_50cm_wtrap_01.mzml:3418.8323:YVVVSTPEK+2	1	25397	5.530017	0.14382945	0.20292282	5.2289867	4.9367695	0.40913832	0.20876282	2	0	0.19340444	-0.14505333	0.0	10.0	10.0	-3.0	0	9	0	1	0	0	511.2818533	1020.549154	56.980537	-.YVVVSTPEK.-	sp|P18572|BASI_MOUSE	-0.0471987227998999	-0.12105453156652068	1e-20
2023_05_31_mouse_tcell_100FC+PRTC_100fmol_100ng_60k_PRM_50cm_wtrap_01.mzml:3434.925:decoyNASDGETLILTC[+57.0214635]ETSK+2	0	25516	4.5716367	-0.003392588	0.09571769	4.5716367	4.575097	0.8806134	0.88765824	1	1	1.4179277	-1.0634458	0.0	10.0	10.0	-2.357091	0	16	0	1	0	0	869.9118238	1737.809095	57.248753	-.NASDGETLILTC[+57.0214635]ETSK.-	DECOY_DECOY_sp|Q01320|TOP2A_MOUSE	-0.1179728829014459	-1.5436451796595974	1e-20
2023_05_31_mouse_tcell_100FC+PRTC_100fmol_100ng_60k_PRM_50cm_wtrap_01.mzml:3435.7258:decoyGAAQTAQLQSELNNSNIR+2	0	25522	4.725899	0.0	-0.013853824	4.725899	4.733967	0.9144263	0.9257476	1	1	1.6314465	-1.2235849	0.0	10.0	10.0	-3.0	0	18	0	1	0	0	957.9850348	1913.955517	57.262096	-.GAAQTAQLQSELNNSNIR.-	DECOY_DECOY_sp|P52293|IMA1_MOUSE	-0.121281974681968	-1.73388304545332	1e-20
2023_05_31_mouse_tcell_100FC+PRTC_100fmol_100ng_60k_PRM_50cm_wtrap_01.mzml:3435.7258:decoyGAAQTAQLQSELNNSNIR+2	0	25522	4.725899	0.0	-0.013853824	4.725899	4.733967	0.9144263	0.9257476	1	1	1.6314465	-1.2235849	0.0	10.0	10.0	-3.0	0	18	0	1	0	0	957.9850348	1913.955517	57.262096	-.GAAQTAQLQSELNNSNIR.-	DECOY_DECOY_sp|P52293|IMA1_MOUSE	-0.121281974681968	-1.7665978198958356	1e-20
2023_05_31_mouse_tcell_100FC+PRTC_100fmol_100ng_60k_PRM_50cm_wtrap_01.mzml:3435.9924:decoyDQIEELSLK+2	0	25524	5.462079	0.18578112	0.7458725	4.6839275	4.685553	0.30315298	0.3042898	3	0	1.5465027	-1.1598771	0.0	10.0	10.0	-3.0	0	9	0	1	0	0	537.7875038	1073.560455	57.26654	-.DQIEELSLK.-	DECOY_DECOY_sp|P54227|STMN1_MOUSE;DECOY_DECOY_sp|P55821|STMN2_MOUSE	-0.04412782525278	-0.10449902176425202	1e-20
2023_05_31_mouse_tcell_100FC+PRTC_100fmol_100ng_60k_PRM_50cm_wtrap_01.mzml:3447.7808:decoyVVGEMVFQSGTNMK+2	0	25611	4.562683	0.0571948	0.38782412	4.562683	4.567864	0.96658814	0.9781872	1	0	2.1399639	-1.604973	0.0	10.0	10.0	-3.0	0	14	0	1	0	0	763.8707198	1525.726887	57.463013	-.VVGEMVFQSGTNMK.-	DECOY_DECOY_sp|Q8BRF7|SCFD1_MOUSE	-0.13329869637422	-11.434065955655317	1e-20
2023_05_31_mouse_tcell_100FC+PRTC_100fmol_100ng_60k_PRM_50cm_wtrap_01.mzml:3447.7808:decoyVVGEMVFQSGTNMK+2	0	25611	4.562683	0.0571948	0.38782412	4.562683	4.567864	0.96658814	0.9781872	1	0	2.1399639	-1.604973	0.0	10.0	10.0	-3.0	0	14	0	1	0	0	763.8707198	1525.726887	57.463013	-.VVGEMVFQSGTNMK.-	DECOY_DECOY_sp|Q8BRF7|SCFD1_MOUSE	-0.13329869637422	-10.290659360089785	1e-20
2023_05_31_mouse_tcell_100FC+PRTC_100fmol_100ng_60k_PRM_50cm_wtrap_01.mzml:3451.5537:MFLNDFLNDQNR+2	1	25639	6.1270905	0.29082963	0.45757186	4.746879	4.45103	0.18983874	0.0960584	4	0	2.7510822	1.0398371	0.4957887	1.5473595	0.8120591	-2.7760978	0	12	0	1	0	0	763.8564573	1525.698362	57.525894	-.MFLNDFLNDQNR.-	sp|Q8JZK9|HMCS1_MOUSE	-0.0172918987995299	-0.02638210646884799	1e-20
2023_05_31_mouse_tcell_100FC+PRTC_100fmol_100ng_60k_PRM_50cm_wtrap_01.mzml:3451.5537:MFLNDFLNDQNR+2	1	25639	6.1270905	0.29082963	0.45757186	4.746879	4.45103	0.18983874	0.0960584	4	0	2.7510822	1.0398371	0.4957887	1.5473595	0.8120591	-2.7760978	0	12	0	1	0	0	763.8564573	1525.698362	57.525894	-.MFLNDFLNDQNR.-	sp|Q8JZK9|HMCS1_MOUSE	-0.0172918987995299	-0.026330070755891683	1e-20
2023_05_31_mouse_tcell_100FC+PRTC_100fmol_100ng_60k_PRM_50cm_wtrap_01.mzml:3457.9377:FFLQDPR+2	1	25686	11.794959	1.3585024	1.5281562	6.2351956	5.9360075	0.015259615	0.007662235	9	6	1.5191861	-1.1393896	0.9896802	2.7404084	-0.37348235	-0.7017379	0	7	0	1	0	0	461.7427028	921.4708527	57.632298	-.FFLQDPR.-	sp|Q3U7R1|ESYT1_MOUSE	0.00709837029947	0.009163782393295718	0.009163782393295718
2023_05_31_mouse_tcell_100FC+PRTC_100fmol_100ng_60k_PRM_50cm_wtrap_01.mzml:3470.636:decoyFPDQLFR+2	0	25780	7.4750853	0.83489305	0.86303574	5.3959036	5.324836	0.21345252	0.14866424	5	1	1.2812505	-0.8911574	0.9896353	2.9385407	-0.30753446	-2.3316698	0	7	0	1	0	0	461.7427028	921.4708527	57.843933	-.FPDQLFR.-	DECOY_DECOY_sp|Q3U7R1|ESYT1_MOUSE	-0.0234604902935499	-0.03789016423979189	1e-20
2023_05_31_mouse_tcell_100FC+PRTC_100fmol_100ng_60k_PRM_50cm_wtrap_01.mzml:3473.4739:MIEEAGAIISTR+2	1	25801	12.445707	2.2049289	2.967621	5.885944	5.591059	0.000649	0.000329	10	7	1.0731853	-0.804889	0.8027972	0.13109155	0.13109155	-1.1207011	0	12	0	1	0	0	645.8397453	1289.664938	57.89123	-.MIEEAGAIISTR.-	sp|Q91V12|BACH_MOUSE	0.01838654437945	0.019524638598260525	0.019524638598260525
2023_05_31_mouse_tcell_100FC+PRTC_100fmol_100ng_60k_PRM_50cm_wtrap_01.mzml:3473.4739:MIEEAGAIISTR+2	1	25801	12.445707	2.2049289	2.967621	5.885944	5.593727	0.000649	0.000331	10	7	1.0731853	-0.804889	0.8027972	0.13109155	0.13109155	-1.0747921	0	12	0	1	0	0	645.8397453	1289.664938	57.89123	-.MIEEAGAIISTR.-	sp|Q91V12|BACH_MOUSE	0.01843992457045	0.019500851737516985	0.019500851737516985
2023_05_31_mouse_tcell_100FC+PRTC_100fmol_100ng_60k_PRM_50cm_wtrap_01.mzml:3473.4739:MIEEAGAIISTR+2	1	25801	12.445707	2.2049289	2.967621	5.885944	5.593727	0.000649	0.000331	10	7	1.0731853	-0.804889	0.8027972	0.13109155	0.13109155	-1.0747921	0	12	0	1	0	0	645.8397453	1289.664938	57.89123	-.MIEEAGAIISTR.-	sp|Q91V12|BACH_MOUSE	0.01843992457045	0.019527601877074623	0.019527601877074623
2023_05_31_mouse_tcell_100FC+PRTC_100fmol_100ng_60k_PRM_50cm_wtrap_01.mzml:3473.4739:MIEEAGAIISTR+2	1	25801	12.445707	2.2049289	2.967621	5.885944	5.592235	0.000649	0.00033	10	7	1.0731853	-0.804889	0.8027972	0.13109155	0.13109155	-1.1051693	0	12	0	1	0	0	645.8397453	1289.664938	57.89123	-.MIEEAGAIISTR.-	sp|Q91V12|BACH_MOUSE	0.01840595797985	0.019518405989621155	0.019518405989621155
2023_05_31_mouse_tcell_100FC+PRTC_100fmol_100ng_60k_PRM_50cm_wtrap_01.mzml:3484.2996:SKESVPDFPLSPPK+3	1	25881	10.33745	0.76606756	0.8906914	5.73193	5.4247108	0.017622756	0.008480688	8	0	2.0775204	-1.5581403	0.0	10.0	10.0	-2.8010912	1	14	0	0	1	0	509.9399627	1526.798059	58.07166	-.SKESVPDFPLSPPK.-	sp|P54227|STMN1_MOUSE	0.0057257909465399	0.007608107763732878	0.007608107763732878
2023_05_31_mouse_tcell_100FC+PRTC_100fmol_100ng_60k_PRM_50cm_wtrap_01.mzml:3491.0793:YPFTAQVDSPVK+2	1	25931	4.489672	0.20223789	0.3066314	4.188642	3.889886	0.49401146	0.24830252	2	0	2.723089	1.7078208	0.0	10.0	10.0	-3.0	0	12	0	1	0	0	676.3482563	1350.68196	58.184654	-.YPFTAQVDSPVK.-	sp|P56203|CATW_MOUSE	-0.05336982309855	-0.16157452326306118	1e-20
2023_05_31_mouse_tcell_100FC+PRTC_100fmol_100ng_60k_PRM_50cm_wtrap_01.mzml:3497.555:IFIIQAC[+57.0214635]R+2	1	25979	8.436783	0.65669215	0.6805915	5.5794497	5.109222	0.08390911	0.02841722	6	1	1.0598649	-0.739299	0.0	10.0	10.0	-2.958029	0	8	0	1	0	0	510.7865878	1019.558623	58.292583	-.IFIIQAC[+57.0214635]R.-	sp|O08738|CASP6_MOUSE	-0.0062444273002799	-0.008845317203332263	1e-20
2023_05_31_mouse_tcell_100FC+PRTC_100fmol_100ng_60k_PRM_50cm_wtrap_01.mzml:3497.555:IFIIQAC[+57.0214635]R+2	1	25979	8.436783	0.65669215	0.6805915	5.5794497	5.111141	0.08390911	0.02854308	6	1	1.0598649	-0.739299	0.0	10.0	10.0	-3.0	0	8	0	1	0	0	510.7865878	1019.558623	58.292583	-.IFIIQAC[+57.0214635]R.-	sp|O08738|CASP6_MOUSE	-0.0062806924634999	-0.008929455951789914	1e-20
2023_05_31_mouse_tcell_100FC+PRTC_100fmol_100ng_60k_PRM_50cm_wtrap_01.mzml:3497.555:LFIIQAC[+57.0214635]R+2	1	25979	8.43716	0.65669215	0.6805915	5.579827	5.109599	0.08388451	0.028408889	6	1	1.0598649	-0.739299	0.0	10.0	10.0	-2.957922	0	8	0	1	0	0	510.7865878	1019.558623	58.292583	-.LFIIQAC[+57.0214635]R.-	sp|P70677|CASP3_MOUSE	-0.0062422241821929	-0.008826001957239777	1e-20
2023_05_31_mouse_tcell_100FC+PRTC_100fmol_100ng_60k_PRM_50cm_wtrap_01.mzml:3497.555:LFIIQAC[+57.0214635]R+2	1	25979	8.43716	0.65669215	0.6805915	5.579827	5.1115184	0.08388451	0.02853471	6	1	1.0598649	-0.739299	0.0	10.0	10.0	-3.0	0	8	0	1	0	0	510.7865878	1019.558623	58.292583	-.LFIIQAC[+57.0214635]R.-	sp|P70677|CASP3_MOUSE	-0.0062785778588099	-0.008910040637869932	1e-20
2023_05_31_mouse_tcell_100FC+PRTC_100fmol_100ng_60k_PRM_50cm_wtrap_01.mzml:3499.7249:decoyMTSIIAGAEEIR+2	0	25995	5.5048137	0.28412938	0.9713034	5.2037835	5.2099285	0.7450458	0.75566256	2	1	4.0434823	1.5854673	0.0	10.0	10.0	-2.5890603	0	12	0	1	0	0	645.8397453	1289.664938	58.328747	-.MTSIIAGAEEIR.-	DECOY_DECOY_sp|Q91V12|BACH_MOUSE	-0.10510521319536	-1.1759597766205494	1e-20
2023_05_31_mouse_tcell_100FC+PRTC_100fmol_100ng_60k_PRM_50cm_wtrap_01.mzml:3499.7249:decoyMTSIIAGAEEIR+2	0	25995	5.5048137	0.28412938	0.9713034	5.2037835	5.2125964	0.7450458	0.76031905	2	1	4.0434823	1.5854673	0.0	10.0	10.0	-2.6281633	0	12	0	1	0	0	645.8397453	1289.664938	58.328747	-.MTSIIAGAEEIR.-	DECOY_DECOY_sp|Q91V12|BACH_MOUSE	-0.10546990874219	-1.2336783264995557	1e-20
2023_05_31_mouse_tcell_100FC+PRTC_100fmol_100ng_60k_PRM_50cm_wtrap_01.mzml:3499.7249:decoyMTSIIAGAEEIR+2	0	25995	5.5048137	0.28412938	0.9713034	5.2037835	5.2125964	0.7450458	0.76031905	2	1	4.0434823	1.5854673	0.0	10.0	10.0	-2.6281633	0	12	0	1	0	0	645.8397453	1289.664938	58.328747	-.MTSIIAGAEEIR.-	DECOY_DECOY_sp|Q91V12|BACH_MOUSE	-0.10546990874219	-1.215265217148816	1e-20
2023_05_31_mouse_tcell_100FC+PRTC_100fmol_100ng_60k_PRM_50cm_wtrap_01.mzml:3499.7249:decoyMTSIIAGAEEIR+2	0	25995	5.5048137	0.28412938	0.9713034	5.2037835	5.2111044	0.7450458	0.7577114	2	1	4.0434823	1.5854673	0.0	10.0	10.0	-2.5341163	0	12	0	1	0	0	645.8397453	1289.664938	58.328747	-.MTSIIAGAEEIR.-	DECOY_DECOY_sp|Q91V12|BACH_MOUSE	-0.1052026815241399	-1.1943598549505294	1e-20
2023_05_31_mouse_tcell_100FC+PRTC_100fmol_100ng_60k_PRM_50cm_wtrap_01.mzml:3512.7224:FFLQDPR+2	1	26091	6.039015	0.5927325	0.6070125	5.260864	4.9616756	0.2838146	0.14251043	3	1	1.69904	-1.2742801	0.0	10.0	10.0	-3.0	0	7	0	1	0	0	461.7427028	921.4708527	58.545372	-.FFLQDPR.-	sp|Q3U7R1|ESYT1_MOUSE	-0.0321716299167099	-0.06072493470831307	1e-20
2023_05_31_mouse_tcell_100FC+PRTC_100fmol_100ng_60k_PRM_50cm_wtrap_01.mzml:3525.1438:DLSLEEIQK+2	1	26183	10.208816	1.6353264	1.8842416	5.603295	5.3038907	0.006133747	0.003078374	8	0	1.0839887	0.6073799	0.85945874	1.7634099	-1.7634099	-2.0869517	0	9	0	1	0	0	537.7875038	1073.560455	58.752396	-.DLSLEEIQK.-	sp|P54227|STMN1_MOUSE;sp|P55821|STMN2_MOUSE	0.007550097830079	0.00971445920803498	0.00971445920803498
2023_05_31_mouse_tcell_100FC+PRTC_100fmol_100ng_60k_PRM_50cm_wtrap_01.mzml:3527.0488:GDSVSDNGSEAVR+2	1	26197	6.9102135	0.6081609	0.6841868	4.831032	4.407949	0.2439312	0.09950383	5	1	2.0522232	-1.5391674	0.0	10.0	10.0	-0.9553671	0	13	0	1	0	0	646.7892943	1291.564036	58.784145	-.GDSVSDNGSEAVR.-	sp|Q61823|PDCD4_MOUSE	-0.0184125832037099	-0.028600632260088615	1e-20
2023_05_31_mouse_tcell_100FC+PRTC_100fmol_100ng_60k_PRM_50cm_wtrap_01.mzml:3527.0488:GDSVSDNGSEAVR+2	1	26197	6.9102135	0.6081609	0.6841868	4.831032	4.407949	0.2439312	0.09950383	5	1	2.0522232	-1.5391674	0.0	10.0	10.0	-0.9553671	0	13	0	1	0	0	646.7892943	1291.564036	58.784145	-.GDSVSDNGSEAVR.-	sp|Q61823|PDCD4_MOUSE	-0.0184125832037099	-0.028543201271614544	1e-20
2023_05_31_mouse_tcell_100FC+PRTC_100fmol_100ng_60k_PRM_50cm_wtrap_01.mzml:3527.0488:GDSVSDNGSEAVR+2	1	26197	6.9102135	0.6081609	0.6841868	4.831032	4.406457	0.2439312	0.09916256	5	1	2.0522232	-1.5391674	0.0	10.0	10.0	-1.0631208	0	13	0	1	0	0	646.7892943	1291.564036	58.784145	-.GDSVSDNGSEAVR.-	sp|Q61823|PDCD4_MOUSE	-0.0184889613520199	-0.02877717371725678	1e-20
2023_05_31_mouse_tcell_100FC+PRTC_100fmol_100ng_60k_PRM_50cm_wtrap_01.mzml:3532.73:GINSNNLESQLQATQAAR+2	1	26239	0.0	0.0	0.08052369	0.0	0.0	0.10582428	0.05390424	0	0	0.0	0.0	0.0	10.0	10.0	-3.0	0	18	0	1	0	0	957.9850348	1913.955517	58.878834	-.GINSNNLESQLQATQAAR.-	sp|P52293|IMA1_MOUSE	-0.01163910130767	-0.017082483288063194	1e-20
2023_05_31_mouse_tcell_100FC+PRTC_100fmol_100ng_60k_PRM_50cm_wtrap_01.mzml:3532.73:GINSNNLESQLQATQAAR+2	1	26239	0.0	0.0	0.08052369	0.0	0.0	0.10582428	0.05390424	0	0	0.0	0.0	0.0	10.0	10.0	-3.0	0	18	0	1	0	0	957.9850348	1913.955517	58.878834	-.GINSNNLESQLQATQAAR.-	sp|P52293|IMA1_MOUSE	-0.01163910130767	-0.01711502135146903	1e-20
2023_05_31_mouse_tcell_100FC+PRTC_100fmol_100ng_60k_PRM_50cm_wtrap_01.mzml:3537.0767:VMNTGSQFVMEGVK+2	1	26271	11.759172	1.7920316	1.9380467	5.199409	4.9035597	0.002803421	0.001418531	10	1	2.6722295	0.7001133	0.5947007	9.410799	9.410799	0.006995201	0	14	0	1	0	0	763.8707198	1525.726887	58.95128	-.VMNTGSQFVMEGVK.-	sp|Q8BRF7|SCFD1_MOUSE	0.017349559771897	0.01878521759313392	0.01878521759313392
2023_05_31_mouse_tcell_100FC+PRTC_100fmol_100ng_60k_PRM_50cm_wtrap_01.mzml:3537.0767:VMNTGSQFVMEGVK+2	1	26271	11.759172	1.7920316	1.9380467	5.199409	4.9035597	0.002803421	0.001418531	10	1	2.6722295	0.7001133	0.5947007	9.410799	9.410799	0.006995201	0	14	0	1	0	0	763.8707198	1525.726887	58.95128	-.VMNTGSQFVMEGVK.-	sp|Q8BRF7|SCFD1_MOUSE	0.017349559771897	0.01875890776457211	0.01875890776457211
2023_05_31_mouse_tcell_100FC+PRTC_100fmol_100ng_60k_PRM_50cm_wtrap_01.mzml:3541.9556:decoyMNQDNLFDNLFR+2	0	26307	5.284127	0.37212563	0.5196467	4.505976	4.4373116	0.330498	0.21602081	3	1	1.1358802	0.53161204	0.0	10.0	10.0	-2.3867788	0	12	0	1	0	0	763.8564573	1525.698362	59.032593	-.MNQDNLFDNLFR.-	DECOY_DECOY_sp|Q8JZK9|HMCS1_MOUSE	-0.0321689591167	-0.06042441955740243	1e-20
2023_05_31_mouse_tcell_100FC+PRTC_100fmol_100ng_60k_PRM_50cm_wtrap_01.mzml:3541.9556:decoyMNQDNLFDNLFR+2	0	26307	5.284127	0.37212563	0.5196467	4.505976	4.4373116	0.330498	0.21602081	3	1	1.1358802	0.53161204	0.0	10.0	10.0	-2.3867788	0	12	0	1	0	0	763.8564573	1525.698362	59.032593	-.MNQDNLFDNLFR.-	DECOY_DECOY_sp|Q8JZK9|HMCS1_MOUSE	-0.0321689591167	-0.06057179619046927	1e-20
2023_05_31_mouse_tcell_100FC+PRTC_100fmol_100ng_60k_PRM_50cm_wtrap_01.mzml:3545.0615:decoyYEPTSVVVK+2	0	26330	5.2475057	0.37993717	0.59946	4.9464755	4.9552884	0.40890485	0.40042147	2	0	0.120857455	-0.013865348	0.0	10.0	10.0	-3.0	0	9	0	1	0	0	511.2818533	1020.549154	59.08436	-.YEPTSVVVK.-	DECOY_DECOY_sp|P18572|BASI_MOUSE	-0.058737689174282	-0.21090928391881722	1e-20
2023_05_31_mouse_tcell_100FC+PRTC_100fmol_100ng_60k_PRM_50cm_wtrap_01.mzml:3545.0615:decoyYEPTSVVVK+2	0	26330	5.2475057	0.37993717	0.59946	4.9464755	4.9520845	0.40890485	0.4117218	2	0	0.120857455	-0.013865348	0.0	10.0	10.0	-3.0	0	9	0	1	0	0	511.2818533	1020.549154	59.08436	-.YEPTSVVVK.-	DECOY_DECOY_sp|P18572|BASI_MOUSE	-0.0595886745135919	-0.22010744844254998	1e-20
2023_05_31_mouse_tcell_100FC+PRTC_100fmol_100ng_60k_PRM_50cm_wtrap_01.mzml:3556.4143:decoySPPSLPFDPVSEKK+3	0	26414	5.508858	0.34574938	0.98462385	5.207828	5.2147217	0.3523778	0.35801587	2	0	2.6976624	0.4706412	0.0	10.0	10.0	-3.0	1	14	0	0	1	0	509.9399627	1526.798059	59.27357	-.SPPSLPFDPVSEKK.-	DECOY_DECOY_sp|P54227|STMN1_MOUSE	-0.05070078572828	-0.1413032728600439	1e-20
2023_05_31_mouse_tcell_100FC+PRTC_100fmol_100ng_60k_PRM_50cm_wtrap_01.mzml:3556.9485:decoyYVPSDVQATFPK+2	0	26418	3.7060728	0.20875546	0.42541143	3.7060728	3.7083468	0.9283704	0.93324435	1	0	0.6995223	0.52464175	0.93780166	2.8854764	1.1556561	-2.616107	0	12	0	1	0	0	676.3482563	1350.68196	59.282475	-.YVPSDVQATFPK.-	DECOY_DECOY_sp|P56203|CATW_MOUSE	-0.12976987976347	-5.2727551145999385	1e-20
2023_05_31_mouse_tcell_100FC+PRTC_100fmol_100ng_60k_PRM_50cm_wtrap_01.mzml:3558.4517:YPFTAQVDSPVK+2	1	26429	9.590871	1.4639674	2.1056032	4.98535	4.6865945	0.006198388	0.003115465	8	0	1.9607874	-1.4705906	0.93780166	2.8854764	1.1556561	-0.81877756	0	12	0	1	0	0	676.3482563	1350.68196	59.30753	-.YPFTAQVDSPVK.-	sp|P56203|CATW_MOUSE	0.011280941407023	0.013481248864120365	0.013481248864120365
2023_05_31_mouse_tcell_100FC+PRTC_100fmol_100ng_60k_PRM_50cm_wtrap_01.mzml:3561.9563:decoyMTSIIAGAEEIR+2	0	26455	4.9434175	0.21254988	0.5071271	4.6423874	4.6485324	0.5160591	0.523413	2	0	4.772075	-0.77223647	0.9429908	3.7910612	-3.7910612	-3.0	0	12	0	1	0	0	645.8397453	1289.664938	59.36594	-.MTSIIAGAEEIR.-	DECOY_DECOY_sp|Q91V12|BACH_MOUSE	-0.07686314896537	-0.3955890066751042	1e-20
2023_05_31_mouse_tcell_100FC+PRTC_100fmol_100ng_60k_PRM_50cm_wtrap_01.mzml:3561.9563:decoyMTSIIAGAEEIR+2	0	26455	4.9434175	0.21254988	0.5071271	4.6423874	4.6512003	0.5160591	0.52663827	2	0	4.772075	-0.77223647	0.9429908	3.7910612	-3.7910612	-3.0	0	12	0	1	0	0	645.8397453	1289.664938	59.36594	-.MTSIIAGAEEIR.-	DECOY_DECOY_sp|Q91V12|BACH_MOUSE	-0.07708797335326	-0.4048429621001137	1e-20
2023_05_31_mouse_tcell_100FC+PRTC_100fmol_100ng_60k_PRM_50cm_wtrap_01.mzml:3561.9563:decoyMTSIIAGAEEIR+2	0	26455	4.9434175	0.21254988	0.5071271	4.6423874	4.6497083	0.5160591	0.52483207	2	0	4.772075	-0.77223647	0.9429908	3.7910612	-3.7910612	-2.984616	0	12	0	1	0	0	645.8397453	1289.664938	59.36594	-.MTSIIAGAEEIR.-	DECOY_DECOY_sp|Q91V12|BACH_MOUSE	-0.07694862765586	-0.398686849331033	1e-20
2023_05_31_mouse_tcell_100FC+PRTC_100fmol_100ng_60k_PRM_50cm_wtrap_01.mzml:3564.7969:decoyALSLPVYWLTK+2	0	26476	6.151491	0.2810647	0.42927969	4.77128	4.7774253	0.21314594	0.21461517	4	0	3.6598155	-1.8186816	0.0	10.0	10.0	-2.8017235	0	11	0	1	0	0	645.8764523	1289.738352	59.41328	-.ALSLPVYWLTK.-	DECOY_DECOY_sp|Q91V12|BACH_MOUSE	-0.02848594790142	-0.05055437190780745	1e-20
2023_05_31_mouse_tcell_100FC+PRTC_100fmol_100ng_60k_PRM_50cm_wtrap_01.mzml:3564.7969:decoyALSLPVYWLTK+2	0	26476	6.151491	0.2810647	0.42927969	4.77128	4.780093	0.21314594	0.21593766	4	0	3.6598155	-1.8186816	0.0	10.0	10.0	-2.877997	0	11	0	1	0	0	645.8764523	1289.738352	59.41328	-.ALSLPVYWLTK.-	DECOY_DECOY_sp|Q91V12|BACH_MOUSE	-0.02863678838495	-0.05129373696793828	1e-20
2023_05_31_mouse_tcell_100FC+PRTC_100fmol_100ng_60k_PRM_50cm_wtrap_01.mzml:3564.7969:decoyALSLPVYWLTK+2	0	26476	6.151491	0.2810647	0.42927969	4.77128	4.780093	0.21314594	0.21593766	4	0	3.6598155	-1.8186816	0.0	10.0	10.0	-2.877997	0	11	0	1	0	0	645.8764523	1289.738352	59.41328	-.ALSLPVYWLTK.-	DECOY_DECOY_sp|Q91V12|BACH_MOUSE	-0.02863678838495	-0.05117500146569768	1e-20
2023_05_31_mouse_tcell_100FC+PRTC_100fmol_100ng_60k_PRM_50cm_wtrap_01.mzml:3564.7969:decoyALSLPVYWLTK+2	0	26476	6.151491	0.2810647	0.42927969	4.77128	4.778601	0.21314594	0.21676943	4	0	3.6598155	-1.8186816	0.0	10.0	10.0	-1.9297104	0	11	0	1	0	0	645.8764523	1289.738352	59.41328	-.ALSLPVYWLTK.-	DECOY_DECOY_sp|Q91V12|BACH_MOUSE	-0.02787790402744	-0.04803960247585643	1e-20
2023_05_31_mouse_tcell_100FC+PRTC_100fmol_100ng_60k_PRM_50cm_wtrap_01.mzml:3567.368:MIEEAGAIISTR+2	1	26495	4.6566963	0.06054788	0.19035056	4.6566963	4.3629875	0.77313304	0.3931381	1	0	0.37041616	-0.27781212	0.0	10.0	10.0	-3.0	0	12	0	1	0	0	645.8397453	1289.664938	59.45613	-.MIEEAGAIISTR.-	sp|Q91V12|BACH_MOUSE	-0.0823216657733599	-0.4605241012828539	1e-20
2023_05_31_mouse_tcell_100FC+PRTC_100fmol_100ng_60k_PRM_50cm_wtrap_01.mzml:3572.5088:QIPC[+57.0214635]IVSMLTK+2	1	26533	4.779223	0.05967533	0.55544347	4.478193	4.183308	0.50202394	0.25458893	2	0	0.95648307	-0.7173623	0.6778132	5.967037	-5.967037	-3.0	0	11	0	1	0	0	645.3514348	1288.688317	59.541813	-.QIPC[+57.0214635]IVSMLTK.-	sp|P70677|CASP3_MOUSE	-0.0554051729815699	-0.17529833418759	1e-20
2023_05_31_mouse_tcell_100FC+PRTC_100fmol_100ng_60k_PRM_50cm_wtrap_01.mzml:3572.5088:QIPC[+57.0214635]IVSMLTK+2	1	26533	4.779223	0.05967533	0.55544347	4.478193	4.185976	0.50202394	0.2561577	2	0	0.95648307	-0.7173623	0.6778132	5.967037	-5.967037	-3.0	0	11	0	1	0	0	645.3514348	1288.688317	59.541813	-.QIPC[+57.0214635]IVSMLTK.-	sp|P70677|CASP3_MOUSE	-0.0555076196148599	-0.17707389397798282	1e-20
2023_05_31_mouse_tcell_100FC+PRTC_100fmol_100ng_60k_PRM_50cm_wtrap_01.mzml:3572.5088:QIPC[+57.0214635]IVSMLTK+2	1	26533	4.779223	0.05967533	0.55544347	4.478193	4.185976	0.50202394	0.2561577	2	0	0.95648307	-0.7173623	0.6778132	5.967037	-5.967037	-3.0	0	11	0	1	0	0	645.3514348	1288.688317	59.541813	-.QIPC[+57.0214635]IVSMLTK.-	sp|P70677|CASP3_MOUSE	-0.0555076196148599	-0.17634519482581004	1e-20
2023_05_31_mouse_tcell_100FC+PRTC_100fmol_100ng_60k_PRM_50cm_wtrap_01.mzml:3572.5088:decoyQTLMSVIC[+57.0214635]PIK+2	0	26533	4.759261	0.057899263	0.75676423	4.458231	4.426018	0.48464048	0.43904716	2	0	0.2833695	-0.21252713	0.6778132	5.9678116	-5.9678116	-3.0	0	11	0	1	0	0	645.3514343	1288.688316	59.541813	-.QTLMSVIC[+57.0214635]PIK.-	DECOY_DECOY_sp|P70677|CASP3_MOUSE	-0.0663317238272289	-0.2893112474272357	1e-20
2023_05_31_mouse_tcell_100FC+PRTC_100fmol_100ng_60k_PRM_50cm_wtrap_01.mzml:3572.5088:decoyQTLMSVIC[+57.0214635]PIK+2	0	26533	4.759261	0.057899263	0.75676423	4.458231	4.4151087	0.48464048	0.4241449	2	0	0.2833695	-0.21252713	0.6778132	5.9678116	-5.9678116	-3.0	0	11	0	1	0	0	645.3514343	1288.688316	59.541813	-.QTLMSVIC[+57.0214635]PIK.-	DECOY_DECOY_sp|P70677|CASP3_MOUSE	-0.0652857833465089	-0.2709711007715316	1e-20
2023_05_31_mouse_tcell_100FC+PRTC_100fmol_100ng_60k_PRM_50cm_wtrap_01.mzml:3572.5088:decoyQTLMSVIC[+57.0214635]PIK+2	0	26533	4.759261	0.057899263	0.75676423	4.458231	4.4151087	0.48464048	0.4241449	2	0	0.2833695	-0.21252713	0.6778132	5.9678116	-5.9678116	-3.0	0	11	0	1	0	0	645.3514343	1288.688316	59.541813	-.QTLMSVIC[+57.0214635]PIK.-	DECOY_DECOY_sp|P70677|CASP3_MOUSE	-0.0652857833465089	-0.2695220574518977	1e-20
2023_05_31_mouse_tcell_100FC+PRTC_100fmol_100ng_60k_PRM_50cm_wtrap_01.mzml:3573.5764:decoyVVGEMVFQSGTNMK+2	0	26541	5.679657	0.20002453	0.5106353	4.901506	4.906687	0.25421017	0.25726068	3	0	1.7971674	-0.13647038	0.0	10.0	10.0	-2.3761663	0	14	0	1	0	0	763.8707198	1525.726887	59.55961	-.VVGEMVFQSGTNMK.-	DECOY_DECOY_sp|Q8BRF7|SCFD1_MOUSE	-0.0322117588450999	-0.06109945412387499	1e-20
2023_05_31_mouse_tcell_100FC+PRTC_100fmol_100ng_60k_PRM_50cm_wtrap_01.mzml:3573.5764:decoyVVGEMVFQSGTNMK+2	0	26541	5.679657	0.20002453	0.5106353	4.901506	4.906687	0.25421017	0.25726068	3	0	1.7971674	-0.13647038	0.0	10.0	10.0	-2.3761663	0	14	0	1	0	0	763.8707198	1525.726887	59.55961	-.VVGEMVFQSGTNMK.-	DECOY_DECOY_sp|Q8BRF7|SCFD1_MOUSE	-0.0322117588450999	-0.06094970055984589	1e-20
2023_05_31_mouse_tcell_100FC+PRTC_100fmol_100ng_60k_PRM_50cm_wtrap_01.mzml:3577.114:decoyKPFPVMNVALR+3	0	26567	6.0215273	0.5892846	0.84048957	5.243376	5.1544223	0.37121266	0.29959798	3	1	0.96173215	-0.59247327	0.0	10.0	10.0	-3.0	0	11	0	0	1	0	424.581276	1270.721999	59.61857	-.KPFPVMNVALR.-	DECOY_DECOY_sp|A2AQ07|TBB1_MOUSE;DECOY_DECOY_sp|P68372|TBB4B_MOUSE;DECOY_DECOY_sp|P99024|TBB5_MOUSE;DECOY_DECOY_sp|Q7TMM9|TBB2A_MOUSE;DECOY_DECOY_sp|Q922F4|TBB6_MOUSE;DECOY_DECOY_sp|Q9CWF2|TBB2B_MOUSE;DECOY_DECOY_sp|Q9D6F9|TBB4A_MOUSE;DECOY_DECOY_sp|Q9ERD7|TBB3_MOUSE	-0.04485818187924	-0.10721522108598537	1e-20
2023_05_31_mouse_tcell_100FC+PRTC_100fmol_100ng_60k_PRM_50cm_wtrap_01.mzml:3592.7778:decoyMNQDNLFDNLFR+2	0	26683	4.7428775	0.59561455	0.6615173	4.4418473	4.367864	0.45078054	0.34242508	2	1	1.9701627	1.4622924	0.0	10.0	10.0	-3.0	0	12	0	1	0	0	763.8564573	1525.698362	59.87963	-.MNQDNLFDNLFR.-	DECOY_DECOY_sp|Q8JZK9|HMCS1_MOUSE	-0.0511139824055699	-0.1434908887894544	1e-20
2023_05_31_mouse_tcell_100FC+PRTC_100fmol_100ng_60k_PRM_50cm_wtrap_01.mzml:3593.4788:DLSLEEIQK+2	1	26688	11.096369	1.8113352	2.199005	6.4908476	6.1914434	0.004421756	0.002219169	8	3	0.94368106	0.7077608	0.9989403	4.813611	3.1840322	-1.9726627	0	9	0	1	0	0	537.7875038	1073.560455	59.89131	-.DLSLEEIQK.-	sp|P54227|STMN1_MOUSE;sp|P55821|STMN2_MOUSE	0.009461506128883	0.01178110117983496	0.01178110117983496
2023_05_31_mouse_tcell_100FC+PRTC_100fmol_100ng_60k_PRM_50cm_wtrap_01.mzml:3596.048:decoyDQIEELSLK+2	0	26707	5.514488	0.19674855	0.4013165	4.736337	4.7379627	0.2798364	0.28088576	3	0	0.6994424	0.5245818	0.9999307	5.077826	3.5239093	-3.0	0	9	0	1	0	0	537.7875038	1073.560455	59.934135	-.DQIEELSLK.-	DECOY_DECOY_sp|P54227|STMN1_MOUSE;DECOY_DECOY_sp|P55821|STMN2_MOUSE	-0.04230342484177	-0.09605365875837188	1e-20
2023_05_31_mouse_tcell_100FC+PRTC_100fmol_100ng_60k_PRM_50cm_wtrap_01.mzml:3604.03:KLAVNMVPFPR+3	1	26766	7.771469	0.95076776	1.0983946	5.692288	5.3937483	0.072669074	0.036543455	5	3	0.94238836	-0.7067913	0.0	10.0	10.0	-2.5998738	1	11	0	0	1	0	424.581276	1270.721999	60.067165	-.KLAVNMVPFPR.-	sp|A2AQ07|TBB1_MOUSE;sp|P68372|TBB4B_MOUSE;sp|P99024|TBB5_MOUSE;sp|Q7TMM9|TBB2A_MOUSE;sp|Q922F4|TBB6_MOUSE;sp|Q9CWF2|TBB2B_MOUSE;sp|Q9D6F9|TBB4A_MOUSE;sp|Q9ERD7|TBB3_MOUSE	-0.0028949283713809	-0.00404870417156894	1e-20
2023_05_31_mouse_tcell_100FC+PRTC_100fmol_100ng_60k_PRM_50cm_wtrap_01.mzml:3625.1074:SKESVPDFPLSPPK+3	1	26922	7.5748568	0.6166693	0.9891307	5.495675	5.176722	0.15148823	0.074606724	5	0	0.9989617	-0.28826663	0.0	10.0	10.0	-3.0	1	14	0	0	1	0	509.9399627	1526.798059	60.418457	-.SKESVPDFPLSPPK.-	sp|P54227|STMN1_MOUSE	-0.0113472508330879	-0.016622538222284364	1e-20
2023_05_31_mouse_tcell_100FC+PRTC_100fmol_100ng_60k_PRM_50cm_wtrap_01.mzml:3629.9812:decoyKPFPVMNVALR+3	0	26958	5.8798103	0.5820586	0.6221459	5.101659	4.995663	0.3999127	0.30168056	3	1	1.4113401	-1.058505	0.0	10.0	10.0	-3.0	0	11	0	0	1	0	424.581276	1270.721999	60.499687	-.KPFPVMNVALR.-	DECOY_DECOY_sp|A2AQ07|TBB1_MOUSE;DECOY_DECOY_sp|P68372|TBB4B_MOUSE;DECOY_DECOY_sp|P99024|TBB5_MOUSE;DECOY_DECOY_sp|Q7TMM9|TBB2A_MOUSE;DECOY_DECOY_sp|Q922F4|TBB6_MOUSE;DECOY_DECOY_sp|Q9CWF2|TBB2B_MOUSE;DECOY_DECOY_sp|Q9D6F9|TBB4A_MOUSE;DECOY_DECOY_sp|Q9ERD7|TBB3_MOUSE	-0.0470959186728199	-0.12039089144177802	1e-20
2023_05_31_mouse_tcell_100FC+PRTC_100fmol_100ng_60k_PRM_50cm_wtrap_01.mzml:3641.4639:AGC[+57.0214635]QVVAPSDMMDGRVEAIK+3	1	27043	7.736473	0.96644396	0.7065896	4.8791404	4.581032	0.0423047	0.021295128	6	0	2.0507355	-1.5380516	0.0	10.0	10.0	0.14176941	1	20	0	0	1	0	712.0078374	2133.001683	60.691063	-.AGC[+57.0214635]QVVAPSDMMDGRVEAIK.-	sp|P10518|HEM2_MOUSE	0.009672641924694	0.012005272613928888	0.012005272613928888
2023_05_31_mouse_tcell_100FC+PRTC_100fmol_100ng_60k_PRM_50cm_wtrap_01.mzml:3648.1082:decoyEGVGPEVDTSR+2	0	27092	7.5107956	0.43361363	0.8646471	5.431614	5.2219405	0.2897726	0.28663155	5	1	1.3391247	0.16713604	0.0	10.0	10.0	-1.8515501	0	11	0	1	0	0	573.2752923	1144.536032	60.801804	-.EGVGPEVDTSR.-	DECOY_DECOY_sp|Q8C147|DOCK8_MOUSE	-0.0373316509560799	-0.07768203379540076	1e-20
2023_05_31_mouse_tcell_100FC+PRTC_100fmol_100ng_60k_PRM_50cm_wtrap_01.mzml:3648.1082:decoyEGVGPEVDTSR+2	0	27092	7.5107956	0.43361363	0.8646471	5.431614	5.2219405	0.2897726	0.28663155	5	1	1.3391247	0.16713604	0.0	10.0	10.0	-1.8515501	0	11	0	1	0	0	573.2752923	1144.536032	60.801804	-.EGVGPEVDTSR.-	DECOY_DECOY_sp|Q8C147|DOCK8_MOUSE	-0.0373316509560799	-0.07789198523809103	1e-20
2023_05_31_mouse_tcell_100FC+PRTC_100fmol_100ng_60k_PRM_50cm_wtrap_01.mzml:3648.1082:decoyEGVGPEVDTSR+2	0	27092	7.5107956	0.43361363	0.8646471	5.431614	5.2219405	0.2897726	0.28663155	5	1	1.3391247	0.16713604	0.0	10.0	10.0	-1.8515501	0	11	0	1	0	0	573.2752923	1144.536032	60.801804	-.EGVGPEVDTSR.-	DECOY_DECOY_sp|Q8C147|DOCK8_MOUSE	-0.0373316509560799	-0.07747321112390775	1e-20
2023_05_31_mouse_tcell_100FC+PRTC_100fmol_100ng_60k_PRM_50cm_wtrap_01.mzml:3648.1082:decoyEGVGPEVDTSR+2	0	27092	7.5107956	0.43361363	0.8646471	5.431614	5.2219405	0.2897726	0.28663155	5	1	1.3391247	0.16713604	0.0	10.0	10.0	-1.8515501	0	11	0	1	0	0	573.2752923	1144.536032	60.801804	-.EGVGPEVDTSR.-	DECOY_DECOY_sp|Q8C147|DOCK8_MOUSE	-0.0373316509560799	-0.07726550814502327	1e-20
2023_05_31_mouse_tcell_100FC+PRTC_100fmol_100ng_60k_PRM_50cm_wtrap_01.mzml:3655.1174:decoyMNQDNLFDNLFR+2	0	27144	4.661101	0.255189	0.45049185	4.3600707	4.257578	0.5260872	0.32090983	2	2	1.1345906	0.70491254	0.0	10.0	10.0	-3.0	0	12	0	1	0	0	763.8564573	1525.698362	60.918625	-.MNQDNLFDNLFR.-	DECOY_DECOY_sp|Q8JZK9|HMCS1_MOUSE	-0.0548390169672999	-0.1707085528175626	1e-20
2023_05_31_mouse_tcell_100FC+PRTC_100fmol_100ng_60k_PRM_50cm_wtrap_01.mzml:3655.818:ESTDVEPGVGR+2	1	27149	5.9968696	0.090583704	0.20429511	5.6958394	5.1131377	0.57920927	0.16253774	2	0	1.4000622	1.0500467	0.0	10.0	10.0	-3.0	0	11	0	1	0	0	573.2752923	1144.536032	60.9303	-.ESTDVEPGVGR.-	sp|Q8C147|DOCK8_MOUSE	-0.055807649150272	-0.17876973088800824	1e-20
2023_05_31_mouse_tcell_100FC+PRTC_100fmol_100ng_60k_PRM_50cm_wtrap_01.mzml:3655.818:ESTDVEPGVGR+2	1	27149	5.9968696	0.090583704	0.20429511	5.6958394	5.1131377	0.57920927	0.16253774	2	0	1.4000622	1.0500467	0.0	10.0	10.0	-3.0	0	11	0	1	0	0	573.2752923	1144.536032	60.9303	-.ESTDVEPGVGR.-	sp|Q8C147|DOCK8_MOUSE	-0.055807649150272	-0.1810231308571848	1e-20
2023_05_31_mouse_tcell_100FC+PRTC_100fmol_100ng_60k_PRM_50cm_wtrap_01.mzml:3655.818:ESTDVEPGVGR+2	1	27149	5.9968696	0.090583704	0.20429511	5.6958394	5.1131377	0.57920927	0.16253774	2	0	1.4000622	1.0500467	0.0	10.0	10.0	-3.0	0	11	0	1	0	0	573.2752923	1144.536032	60.9303	-.ESTDVEPGVGR.-	sp|Q8C147|DOCK8_MOUSE	-0.055807649150272	-0.18026571189962337	1e-20
2023_05_31_mouse_tcell_100FC+PRTC_100fmol_100ng_60k_PRM_50cm_wtrap_01.mzml:3655.818:ESTDVEPGVGR+2	1	27149	5.9968696	0.090583704	0.20429511	5.6958394	5.1131377	0.57920927	0.16253774	2	0	1.4000622	1.0500467	0.0	10.0	10.0	-3.0	0	11	0	1	0	0	573.2752923	1144.536032	60.9303	-.ESTDVEPGVGR.-	sp|Q8C147|DOCK8_MOUSE	-0.055807649150272	-0.17951460476670827	1e-20
2023_05_31_mouse_tcell_100FC+PRTC_100fmol_100ng_60k_PRM_50cm_wtrap_01.mzml:3657.0188:decoyGRFQTLLSGPDENQR+3	0	27158	5.6090136	0.07639866	0.35737112	5.3079834	4.8387375	0.82164645	0.26643735	2	0	3.1764786	-2.0491533	0.0	10.0	10.0	-2.563795	1	15	0	0	1	0	573.2920587	1716.854347	60.950314	-.GRFQTLLSGPDENQR.-	DECOY_DECOY_sp|P10852|4F2_MOUSE	-0.07303595481024	-0.34380339703356877	1e-20
2023_05_31_mouse_tcell_100FC+PRTC_100fmol_100ng_60k_PRM_50cm_wtrap_01.mzml:3657.0188:decoyGRFQTLLSGPDENQR+3	0	27158	5.6090136	0.07639866	0.35737112	5.3079834	4.8387375	0.82164645	0.26643735	2	0	3.1764786	-2.0491533	0.0	10.0	10.0	-2.563795	1	15	0	0	1	0	573.2920587	1716.854347	60.950314	-.GRFQTLLSGPDENQR.-	DECOY_DECOY_sp|P10852|4F2_MOUSE	-0.07303595481024	-0.34591262032825326	1e-20
2023_05_31_mouse_tcell_100FC+PRTC_100fmol_100ng_60k_PRM_50cm_wtrap_01.mzml:3657.0188:decoyGRFQTLLSGPDENQR+3	0	27158	5.6090136	0.07639866	0.35737112	5.3079834	4.8387375	0.82164645	0.26643735	2	0	3.1764786	-2.0491533	0.0	10.0	10.0	-2.563795	1	15	0	0	1	0	573.2920587	1716.854347	60.950314	-.GRFQTLLSGPDENQR.-	DECOY_DECOY_sp|P10852|4F2_MOUSE	-0.07303595481024	-0.3417197400818502	1e-20
2023_05_31_mouse_tcell_100FC+PRTC_100fmol_100ng_60k_PRM_50cm_wtrap_01.mzml:3657.0188:decoyGRFQTLLSGPDENQR+3	0	27158	5.6090136	0.07639866	0.35737112	5.3079834	4.8387375	0.82164645	0.26643735	2	0	3.1764786	-2.0491533	0.0	10.0	10.0	-2.563795	1	15	0	0	1	0	573.2920587	1716.854347	60.950314	-.GRFQTLLSGPDENQR.-	DECOY_DECOY_sp|P10852|4F2_MOUSE	-0.07303595481024	-0.3480478834166993	1e-20
2023_05_31_mouse_tcell_100FC+PRTC_100fmol_100ng_60k_PRM_50cm_wtrap_01.mzml:3660.1208:decoyIC[+57.0214635]AQIIFR+2	0	27181	6.0603046	0.48757583	0.50874937	5.282153	4.8522983	0.43258664	0.2217239	3	2	0.6813264	-0.2292215	0.98288625	3.6337523	3.6337523	-3.0	0	8	0	1	0	0	510.7865873	1019.558622	61.002014	-.IC[+57.0214635]AQIIFR.-	DECOY_DECOY_sp|O08738|CASP6_MOUSE	-0.0474777245736599	-0.12258462665841285	1e-20
2023_05_31_mouse_tcell_100FC+PRTC_100fmol_100ng_60k_PRM_50cm_wtrap_01.mzml:3660.1208:decoyLC[+57.0214635]AQIIFR+2	0	27181	6.063858	0.48757577	0.50874937	5.285707	4.855528	0.43154746	0.22120939	3	2	0.6813264	-0.2292215	0.98288625	3.6337523	3.6337523	-3.0	0	8	0	1	0	0	510.7865873	1019.558622	61.002014	-.LC[+57.0214635]AQIIFR.-	DECOY_DECOY_sp|P70677|CASP3_MOUSE	-0.0473791332432899	-0.12192230287939933	1e-20
2023_05_31_mouse_tcell_100FC+PRTC_100fmol_100ng_60k_PRM_50cm_wtrap_01.mzml:3661.488:IFIIQAC[+57.0214635]R+2	1	27191	11.910741	1.7939346	1.9370539	6.3509774	5.8807497	0.002385251	0.000808	9	7	0.935926	-0.70194453	0.98288625	3.6347308	3.6347308	-1.6836812	0	8	0	1	0	0	510.7865878	1019.558623	61.0248	-.IFIIQAC[+57.0214635]R.-	sp|O08738|CASP6_MOUSE	0.010723706985871	0.013016826718698762	0.013016826718698762
2023_05_31_mouse_tcell_100FC+PRTC_100fmol_100ng_60k_PRM_50cm_wtrap_01.mzml:3661.488:IFIIQAC[+57.0214635]R+2	1	27191	11.910741	1.7939346	1.9370539	6.3509774	5.882669	0.002385251	0.000811	9	7	0.935926	-0.70194453	0.98288625	3.6347308	3.6347308	-1.5603337	0	8	0	1	0	0	510.7865878	1019.558623	61.0248	-.IFIIQAC[+57.0214635]R.-	sp|O08738|CASP6_MOUSE	0.010840842913671	0.013076766764615643	0.013076766764615643
2023_05_31_mouse_tcell_100FC+PRTC_100fmol_100ng_60k_PRM_50cm_wtrap_01.mzml:3661.488:IFIIQAC[+57.0214635]R+2	1	27191	11.910741	1.7939346	1.9370539	6.3509774	5.8794656	0.002385251	0.000805	9	7	0.935926	-0.70194453	0.98288625	3.6347308	3.6347308	-1.5705905	0	8	0	1	0	0	510.7865878	1019.558623	61.0248	-.IFIIQAC[+57.0214635]R.-	sp|O08738|CASP6_MOUSE	0.010816183649871	0.013087921281662088	0.013087921281662088
2023_05_31_mouse_tcell_100FC+PRTC_100fmol_100ng_60k_PRM_50cm_wtrap_01.mzml:3661.488:LFIIQAC[+57.0214635]R+2	1	27191	11.911121	1.7939346	1.9370539	6.3513584	5.881131	0.002366829	0.000802	9	7	0.935926	-0.70194453	0.98288625	3.6347308	3.6347308	-1.6835735	0	8	0	1	0	0	510.7865878	1019.558623	61.0248	-.LFIIQAC[+57.0214635]R.-	sp|P70677|CASP3_MOUSE	0.010725375168269	0.012998413861701206	0.012998413861701206
2023_05_31_mouse_tcell_100FC+PRTC_100fmol_100ng_60k_PRM_50cm_wtrap_01.mzml:3661.488:LFIIQAC[+57.0214635]R+2	1	27191	11.911121	1.7939346	1.9370539	6.3513584	5.8830504	0.002366829	0.000805	9	7	0.935926	-0.70194453	0.98288625	3.6347308	3.6347308	-1.5589147	0	8	0	1	0	0	510.7865878	1019.558623	61.0248	-.LFIIQAC[+57.0214635]R.-	sp|P70677|CASP3_MOUSE	0.010843656365069	0.013059754623764849	0.013059754623764849
2023_05_31_mouse_tcell_100FC+PRTC_100fmol_100ng_60k_PRM_50cm_wtrap_01.mzml:3661.488:LFIIQAC[+57.0214635]R+2	1	27191	11.911121	1.7939346	1.9370539	6.3513584	5.879847	0.002366829	0.000799	9	7	0.935926	-0.70194453	0.98288625	3.6347308	3.6347308	-1.5689778	0	8	0	1	0	0	510.7865878	1019.558623	61.0248	-.LFIIQAC[+57.0214635]R.-	sp|P70677|CASP3_MOUSE	0.010819166201369	0.013071042734674285	0.013071042734674285
2023_05_31_mouse_tcell_100FC+PRTC_100fmol_100ng_60k_PRM_50cm_wtrap_01.mzml:3667.0295:decoyFPIENNLLK+2	0	27232	5.796423	0.25414416	0.452509	5.018272	5.02033	0.10318251	0.09836689	3	0	2.8153973	-1.8503567	0.0	10.0	10.0	-2.7134933	0	9	0	1	0	0	544.3109488	1086.607345	61.11716	-.FPIENNLLK.-	DECOY_DECOY_sp|O89110|CASP8_MOUSE	-0.0171139122895999	-0.026007756471596703	1e-20
2023_05_31_mouse_tcell_100FC+PRTC_100fmol_100ng_60k_PRM_50cm_wtrap_01.mzml:3667.6968:KLAVNMVPFPR+3	1	27237	13.196913	1.4552574	1.8594142	6.637149	6.3386087	0.001566781	0.000788	10	6	0.31773987	-0.23830491	0.9930545	4.2400246	3.3896198	-1.8853142	1	11	0	0	1	0	424.581276	1270.721999	61.12828	-.KLAVNMVPFPR.-	sp|A2AQ07|TBB1_MOUSE;sp|P68372|TBB4B_MOUSE;sp|P99024|TBB5_MOUSE;sp|Q7TMM9|TBB2A_MOUSE;sp|Q922F4|TBB6_MOUSE;sp|Q9CWF2|TBB2B_MOUSE;sp|Q9D6F9|TBB4A_MOUSE;sp|Q9ERD7|TBB3_MOUSE	0.012101631313581	0.014219877281711616	0.014219877281711616
2023_05_31_mouse_tcell_100FC+PRTC_100fmol_100ng_60k_PRM_50cm_wtrap_01.mzml:3677.588:decoyAIAEVRGDMMDSPAVVQC[+57.0214635]GK+3	0	27310	4.300059	0.20505904	0.72782683	3.9990287	4.0019503	0.4798993	0.48313862	2	0	1.9796532	1.4847399	0.0	10.0	10.0	-2.2070065	1	20	0	0	1	0	712.007837	2133.001682	61.293133	-.AIAEVRGDMMDSPAVVQC[+57.0214635]GK.-	DECOY_DECOY_sp|P10518|HEM2_MOUSE	-0.0624768092119499	-0.2375965355252479	1e-20
2023_05_31_mouse_tcell_100FC+PRTC_100fmol_100ng_60k_PRM_50cm_wtrap_01.mzml:3679.4575:decoyYVPSDVQATFPK+2	0	27324	3.786045	0.08966927	0.30285108	3.786045	3.788319	0.9722691	0.9773735	1	0	3.0802314	2.3101735	0.0	10.0	10.0	-3.0	0	12	0	1	0	0	676.3482563	1350.68196	61.32429	-.YVPSDVQATFPK.-	DECOY_DECOY_sp|P56203|CATW_MOUSE	-0.13786660647825	-13.304127525151126	1e-20
2023_05_31_mouse_tcell_100FC+PRTC_100fmol_100ng_60k_PRM_50cm_wtrap_01.mzml:3685.8372:IFIIQAC[+57.0214635]R+2	1	27371	8.359205	0.85441476	0.98379123	5.501873	5.030361	0.06618987	0.022350114	6	0	0.97049785	0.31774643	0.0	10.0	10.0	-3.0	0	8	0	1	0	0	510.7865878	1019.558623	61.43062	-.IFIIQAC[+57.0214635]R.-	sp|O08738|CASP6_MOUSE	-0.0044363058964079	-0.006226960276412543	1e-20
2023_05_31_mouse_tcell_100FC+PRTC_100fmol_100ng_60k_PRM_50cm_wtrap_01.mzml:3685.8372:LFIIQAC[+57.0214635]R+2	1	27371	8.359922	0.85441476	0.98379123	5.5025897	5.031078	0.065971136	0.022276254	6	0	0.97049785	0.31774643	0.0	10.0	10.0	-3.0	0	8	0	1	0	0	510.7865878	1019.558623	61.43062	-.LFIIQAC[+57.0214635]R.-	sp|P70677|CASP3_MOUSE	-0.0044177555385819	-0.006189668377105675	1e-20
2023_05_31_mouse_tcell_100FC+PRTC_100fmol_100ng_60k_PRM_50cm_wtrap_01.mzml:3719.2402:decoySGLNLVFK+2	0	27618	7.1356616	0.17583075	0.49206972	5.7554502	5.6173306	0.5881204	0.36185858	4	1	1.3748866	-1.031165	0.8869625	9.415847	9.415847	-2.844483	0	8	0	1	0	0	439.2607278	876.5069027	61.98734	-.SGLNLVFK.-	DECOY_DECOY_sp|P16045|LEG1_MOUSE	-0.06787839257197	-0.29773931287250477	1e-20
2023_05_31_mouse_tcell_100FC+PRTC_100fmol_100ng_60k_PRM_50cm_wtrap_01.mzml:3736.581:decoyAIAEVRGDMMDSPAVVQC[+57.0214635]GK+3	0	27746	4.3324313	0.13228847	0.59726614	4.031401	4.0343227	0.4635136	0.46664232	2	0	1.5327924	-1.1495943	0.0	10.0	10.0	-2.181749	1	20	0	0	1	0	712.007837	2133.001682	62.276352	-.AIAEVRGDMMDSPAVVQC[+57.0214635]GK.-	DECOY_DECOY_sp|P10518|HEM2_MOUSE	-0.0594416201769699	-0.21851871798390837	1e-20
2023_05_31_mouse_tcell_100FC+PRTC_100fmol_100ng_60k_PRM_50cm_wtrap_01.mzml:3740.7546:decoyAKVESAFVAEASATSDIC[+57.0214635]NK+3	0	27777	4.89029	0.04558451	0.20684199	4.89029	4.895899	0.93812937	0.9503251	1	0	0.32195994	0.24146995	0.0	10.0	10.0	-3.0	1	20	0	0	1	0	700.0088877	2097.004834	62.34591	-.AKVESAFVAEASATSDIC[+57.0214635]NK.-	DECOY_DECOY_sp|P35550|FBRL_MOUSE	-0.12693613206278	-3.161119159756973	1e-20
2023_05_31_mouse_tcell_100FC+PRTC_100fmol_100ng_60k_PRM_50cm_wtrap_01.mzml:3740.7546:decoyAKVESAFVAEASATSDIC[+57.0214635]NK+3	0	27777	4.89029	0.04558451	0.20684199	4.89029	4.895899	0.93812937	0.9503251	1	0	0.32195994	0.24146995	0.0	10.0	10.0	-3.0	1	20	0	0	1	0	700.0088877	2097.004834	62.34591	-.AKVESAFVAEASATSDIC[+57.0214635]NK.-	DECOY_DECOY_sp|P35550|FBRL_MOUSE	-0.12693613206278	-3.266489798415539	1e-20
2023_05_31_mouse_tcell_100FC+PRTC_100fmol_100ng_60k_PRM_50cm_wtrap_01.mzml:3765.9028:GQNEDPGSLLTQFRR+3	1	27963	12.429149	1.2483681	0.6996429	5.8693852	5.5655932	0.00690228	0.002847805	10	3	1.4903898	-1.1177924	0.9763948	3.0869548	1.8867222	-0.4657755	1	15	0	0	1	0	573.2920587	1716.854347	62.76505	-.GQNEDPGSLLTQFRR.-	sp|P10852|4F2_MOUSE	0.014254591955695	0.01601826053827735	0.01601826053827735
2023_05_31_mouse_tcell_100FC+PRTC_100fmol_100ng_60k_PRM_50cm_wtrap_01.mzml:3765.9028:GQNEDPGSLLTQFRR+3	1	27963	12.429149	1.2483681	0.6996429	5.8693852	5.5655932	0.00690228	0.002847805	10	3	1.4903898	-1.1177924	0.9763948	3.0869548	1.8867222	-0.4657755	1	15	0	0	1	0	573.2920587	1716.854347	62.76505	-.GQNEDPGSLLTQFRR.-	sp|P10852|4F2_MOUSE	0.014254591955695	0.015994978182843806	0.015994978182843806
2023_05_31_mouse_tcell_100FC+PRTC_100fmol_100ng_60k_PRM_50cm_wtrap_01.mzml:3765.9028:GQNEDPGSLLTQFRR+3	1	27963	12.429149	1.2483681	0.6996429	5.8693852	5.5655932	0.00690228	0.002847805	10	3	1.4903898	-1.1177924	0.9763948	3.0869548	1.8867222	-0.4657755	1	15	0	0	1	0	573.2920587	1716.854347	62.76505	-.GQNEDPGSLLTQFRR.-	sp|P10852|4F2_MOUSE	0.014254591955695	0.016065029182184727	0.016065029182184727
2023_05_31_mouse_tcell_100FC+PRTC_100fmol_100ng_60k_PRM_50cm_wtrap_01.mzml:3765.9028:GQNEDPGSLLTQFRR+3	1	27963	12.429149	1.2483681	0.6996429	5.8693852	5.5655932	0.00690228	0.002847805	10	3	1.4903898	-1.1177924	0.9763948	3.0869548	1.8867222	-0.4657755	1	15	0	0	1	0	573.2920587	1716.854347	62.76505	-.GQNEDPGSLLTQFRR.-	sp|P10852|4F2_MOUSE	0.014254591955695	0.01604161077229816	0.01604161077229816
2023_05_31_mouse_tcell_100FC+PRTC_100fmol_100ng_60k_PRM_50cm_wtrap_01.mzml:3777.697:ANC[+57.0214635]IDSTASAEAVFASEVKK+3	1	28050	4.201948	0.07879081	0.017941345	4.201948	3.9065275	0.82971245	0.42024937	1	0	2.7873242	2.0904932	0.0	10.0	10.0	-3.0	1	20	0	0	1	0	700.008888	2097.004835	62.961617	-.ANC[+57.0214635]IDSTASAEAVFASEVKK.-	sp|P35550|FBRL_MOUSE	-0.085262673016805	-0.5024639967097211	1e-20
2023_05_31_mouse_tcell_100FC+PRTC_100fmol_100ng_60k_PRM_50cm_wtrap_01.mzml:3777.697:ANC[+57.0214635]IDSTASAEAVFASEVKK+3	1	28050	4.201948	0.07879081	0.017941345	4.201948	3.9065275	0.82971245	0.42024937	1	0	2.7873242	2.0904932	0.0	10.0	10.0	-3.0	1	20	0	0	1	0	700.008888	2097.004835	62.961617	-.ANC[+57.0214635]IDSTASAEAVFASEVKK.-	sp|P35550|FBRL_MOUSE	-0.085262673016805	-0.506329104376719	1e-20
2023_05_31_mouse_tcell_100FC+PRTC_100fmol_100ng_60k_PRM_50cm_wtrap_01.mzml:3780.0007:FLLNNEIPK+2	1	28067	9.353081	1.4630582	1.9195424	5.6506495	5.348192	0.010582775	0.005209742	7	3	0.6506472	0.06931884	0.98300415	3.1365578	1.6323268	3.7572412	0	9	0	1	0	0	544.3109488	1086.607345	63.00001	-.FLLNNEIPK.-	sp|O89110|CASP8_MOUSE	0.011511637708851	0.013651281584075225	0.013651281584075225
2023_05_31_mouse_tcell_100FC+PRTC_100fmol_100ng_60k_PRM_50cm_wtrap_01.mzml:3780.1355:AGC[+57.0214635]QVVAPSDMMDGRVEAIK+3	1	28068	4.2318597	0.15846601	0.33989346	3.9308298	3.6327214	0.48662135	0.24495304	2	2	1.4841208	0.349295	0.0	10.0	10.0	-2.39044	1	20	0	0	1	0	712.0078374	2133.001683	63.00226	-.AGC[+57.0214635]QVVAPSDMMDGRVEAIK.-	sp|P10518|HEM2_MOUSE	-0.0461351232261399	-0.11342775519292993	1e-20
2023_05_31_mouse_tcell_100FC+PRTC_100fmol_100ng_60k_PRM_50cm_wtrap_01.mzml:3782.1375:decoyIC[+57.0214635]AQIIFR+2	0	28083	6.437427	0.43813613	0.64698017	5.0572157	4.982814	0.29210788	0.19857864	4	1	2.8642147	1.8516972	0.0	10.0	10.0	-3.0	0	8	0	1	0	0	510.7865873	1019.558622	63.035625	-.IC[+57.0214635]AQIIFR.-	DECOY_DECOY_sp|O08738|CASP6_MOUSE	-0.0357014935293999	-0.0714029870587998	1e-20
2023_05_31_mouse_tcell_100FC+PRTC_100fmol_100ng_60k_PRM_50cm_wtrap_01.mzml:3782.1375:decoyIC[+57.0214635]AQIIFR+2	0	28083	6.437427	0.43813613	0.64698017	5.0572157	4.984733	0.29210788	0.18967417	4	1	2.8642147	1.8516972	0.0	10.0	10.0	-3.0	0	8	0	1	0	0	510.7865873	1019.558622	63.035625	-.IC[+57.0214635]AQIIFR.-	DECOY_DECOY_sp|O08738|CASP6_MOUSE	-0.0350339843202099	-0.06917195881125841	1e-20
2023_05_31_mouse_tcell_100FC+PRTC_100fmol_100ng_60k_PRM_50cm_wtrap_01.mzml:3782.1375:decoyIC[+57.0214635]AQIIFR+2	0	28083	6.437427	0.43813613	0.64698017	5.0572157	4.9815297	0.29210788	0.19133276	4	1	2.8642147	1.8516972	0.0	10.0	10.0	-3.0	0	8	0	1	0	0	510.7865873	1019.558622	63.035625	-.IC[+57.0214635]AQIIFR.-	DECOY_DECOY_sp|O08738|CASP6_MOUSE	-0.0351726638089399	-0.06980281866452855	1e-20
2023_05_31_mouse_tcell_100FC+PRTC_100fmol_100ng_60k_PRM_50cm_wtrap_01.mzml:3782.1375:decoyLC[+57.0214635]AQIIFR+2	0	28083	6.4382634	0.43813613	0.64698017	5.058052	4.983195	0.29189545	0.19839656	4	1	2.8642147	1.8516972	0.0	10.0	10.0	-3.0	0	8	0	1	0	0	510.7865873	1019.558622	63.035625	-.LC[+57.0214635]AQIIFR.-	DECOY_DECOY_sp|P70677|CASP3_MOUSE	-0.0356776111051699	-0.07117084179119162	1e-20
2023_05_31_mouse_tcell_100FC+PRTC_100fmol_100ng_60k_PRM_50cm_wtrap_01.mzml:3782.1375:decoyLC[+57.0214635]AQIIFR+2	0	28083	6.4382634	0.43813613	0.64698017	5.058052	4.985114	0.29189545	0.18951425	4	1	2.8642147	1.8516972	0.0	10.0	10.0	-3.0	0	8	0	1	0	0	510.7865873	1019.558622	63.035625	-.LC[+57.0214635]AQIIFR.-	DECOY_DECOY_sp|P70677|CASP3_MOUSE	-0.0350117390102999	-0.06895169009171306	1e-20
2023_05_31_mouse_tcell_100FC+PRTC_100fmol_100ng_60k_PRM_50cm_wtrap_01.mzml:3782.1375:decoyLC[+57.0214635]AQIIFR+2	0	28083	6.4382634	0.43813613	0.64698017	5.058052	4.98191	0.29189545	0.19116625	4	1	2.8642147	1.8516972	0.0	10.0	10.0	-3.0	0	8	0	1	0	0	510.7865873	1019.558622	63.035625	-.LC[+57.0214635]AQIIFR.-	DECOY_DECOY_sp|P70677|CASP3_MOUSE	-0.0351499351782999	-0.06957884604525007	1e-20
2023_05_31_mouse_tcell_100FC+PRTC_100fmol_100ng_60k_PRM_50cm_wtrap_01.mzml:3789.8582:decoyFPIENNLLK+2	0	28140	5.894561	0.3799448	0.7532642	5.11641	5.097402	0.3417487	0.34327242	3	0	0.6782572	-0.24723928	0.8648216	2.810864	2.810864	-2.52524	0	9	0	1	0	0	544.3109488	1086.607345	63.164303	-.FPIENNLLK.-	DECOY_DECOY_sp|O89110|CASP8_MOUSE	-0.04873914578816	-0.13156161030929903	1e-20
2023_05_31_mouse_tcell_100FC+PRTC_100fmol_100ng_60k_PRM_50cm_wtrap_01.mzml:3802.583:SFVLNLGK+2	1	28234	12.9588	1.313041	1.6281055	7.399037	7.1000648	0.006536954	0.003284002	9	6	1.164943	0.87370723	0.99008524	3.1567974	2.2903647	-2.3969598	0	8	0	1	0	0	439.2607278	876.5069027	63.376385	-.SFVLNLGK.-	sp|P16045|LEG1_MOUSE	0.00483894516283	0.006530884030952378	0.006530884030952378
2023_05_31_mouse_tcell_100FC+PRTC_100fmol_100ng_60k_PRM_50cm_wtrap_01.mzml:3816.1038:decoyATEPESKPEEGDDAAK+3	0	28334	4.75636	0.30047554	0.527292	4.45533	4.3820457	0.44009128	0.36142918	2	0	2.1814096	-1.5648549	0.0	10.0	10.0	-3.0	0	16	0	0	1	0	558.5882064	1672.74279	63.60173	-.ATEPESKPEEGDDAAK.-	DECOY_DECOY_sp|P28352|APEX1_MOUSE	-0.0548952771536	-0.17297613862277225	1e-20
2023_05_31_mouse_tcell_100FC+PRTC_100fmol_100ng_60k_PRM_50cm_wtrap_01.mzml:3816.1038:decoyATEPESKPEEGDDAAK+3	0	28334	4.75636	0.30047554	0.527292	4.45533	4.3820457	0.44009128	0.36142918	2	0	2.1814096	-1.5648549	0.0	10.0	10.0	-3.0	0	16	0	0	1	0	558.5882064	1672.74279	63.60173	-.ATEPESKPEEGDDAAK.-	DECOY_DECOY_sp|P28352|APEX1_MOUSE	-0.0548952771536	-0.17227298358772034	1e-20
2023_05_31_mouse_tcell_100FC+PRTC_100fmol_100ng_60k_PRM_50cm_wtrap_01.mzml:3824.4863:decoySGLNLVFK+2	0	28396	6.8081503	0.16910535	0.49012265	5.427939	5.2900286	0.3718627	0.26198637	4	1	1.0565557	-0.29619396	0.98392105	3.78235	1.179046	-3.0	0	8	0	1	0	0	439.2607278	876.5069027	63.74144	-.SGLNLVFK.-	DECOY_DECOY_sp|P16045|LEG1_MOUSE	-0.0482957561886299	-0.12945945756118848	1e-20
2023_05_31_mouse_tcell_100FC+PRTC_100fmol_100ng_60k_PRM_50cm_wtrap_01.mzml:3838.8174:decoyVLNQNVLC[+57.0214635]ATLSTR+3	0	28502	6.4963098	0.278345	0.4946979	5.1160984	5.060597	0.2178263	0.16204813	4	0	8.025131	-6.0188484	0.0	10.0	10.0	-1.2106209	0	14	0	0	1	0	530.2873684	1587.840276	63.98029	-.VLNQNVLC[+57.0214635]ATLSTR.-	DECOY_DECOY_sp|P01831|THY1_MOUSE	-0.0249256050719099	-0.04094163216066903	1e-20
2023_05_31_mouse_tcell_100FC+PRTC_100fmol_100ng_60k_PRM_50cm_wtrap_01.mzml:3843.8284:GQNEDPGSLLTQFRR+3	1	28539	5.744858	0.32224435	0.45400137	4.9667068	4.5994263	0.37202278	0.11092479	3	0	0.69426984	-0.5000782	0.0	10.0	10.0	-3.0	1	15	0	0	1	0	573.2920587	1716.854347	64.063805	-.GQNEDPGSLLTQFRR.-	sp|P10852|4F2_MOUSE	-0.0301954815898099	-0.05537033678701483	1e-20
2023_05_31_mouse_tcell_100FC+PRTC_100fmol_100ng_60k_PRM_50cm_wtrap_01.mzml:3843.8284:GQNEDPGSLLTQFRR+3	1	28539	5.744858	0.32224435	0.45400137	4.9667068	4.5994263	0.37202278	0.11092479	3	0	0.69426984	-0.5000782	0.0	10.0	10.0	-3.0	1	15	0	0	1	0	573.2920587	1716.854347	64.063805	-.GQNEDPGSLLTQFRR.-	sp|P10852|4F2_MOUSE	-0.0301954815898099	-0.05550217092222201	1e-20
2023_05_31_mouse_tcell_100FC+PRTC_100fmol_100ng_60k_PRM_50cm_wtrap_01.mzml:3843.8284:GQNEDPGSLLTQFRR+3	1	28539	5.744858	0.32224435	0.45400137	4.9667068	4.5994263	0.37202278	0.11092479	3	0	0.69426984	-0.5000782	0.0	10.0	10.0	-3.0	1	15	0	0	1	0	573.2920587	1716.854347	64.063805	-.GQNEDPGSLLTQFRR.-	sp|P10852|4F2_MOUSE	-0.0301954815898099	-0.055239127458135646	1e-20
2023_05_31_mouse_tcell_100FC+PRTC_100fmol_100ng_60k_PRM_50cm_wtrap_01.mzml:3843.8284:GQNEDPGSLLTQFRR+3	1	28539	5.744858	0.32224435	0.45400137	4.9667068	4.5994263	0.37202278	0.11092479	3	0	0.69426984	-0.5000782	0.0	10.0	10.0	-3.0	1	15	0	0	1	0	573.2920587	1716.854347	64.063805	-.GQNEDPGSLLTQFRR.-	sp|P10852|4F2_MOUSE	-0.0301954815898099	-0.05510853850433391	1e-20
2023_05_31_mouse_tcell_100FC+PRTC_100fmol_100ng_60k_PRM_50cm_wtrap_01.mzml:3850.2036:GPLTSC[+57.0214635]DFDLR+2	1	28586	10.442909	1.8238289	2.8064847	5.837388	5.538416	0.001896792	0.000953	8	6	0.6328277	-0.4746208	0.81578356	2.441867	-2.441867	-1.2798309	0	11	0	1	0	0	640.8006203	1279.586688	64.17006	-.GPLTSC[+57.0214635]DFDLR.-	sp|Q8C147|DOCK8_MOUSE	0.013877935933672	0.015686334613169525	0.015686334613169525
2023_05_31_mouse_tcell_100FC+PRTC_100fmol_100ng_60k_PRM_50cm_wtrap_01.mzml:3856.682:decoyESIIPQVIEELK+2	0	28634	5.6213546	0.16755328	0.24245027	5.3203244	5.325934	0.59188074	0.5995753	2	0	0.3032277	0.16734405	0.0	10.0	10.0	-3.0	0	12	0	1	0	0	699.3979498	1396.781347	64.27803	-.ESIIPQVIEELK.-	DECOY_DECOY_sp|P20029|BIP_MOUSE	-0.0809438733192599	-0.4495587784350262	1e-20
2023_05_31_mouse_tcell_100FC+PRTC_100fmol_100ng_60k_PRM_50cm_wtrap_01.mzml:3856.682:decoyESIIPQVIEELK+2	0	28634	5.6213546	0.16755328	0.24245027	5.3203244	5.325934	0.59188074	0.5995753	2	0	0.3032277	0.16734405	0.0	10.0	10.0	-3.0	0	12	0	1	0	0	699.3979498	1396.781347	64.27803	-.ESIIPQVIEELK.-	DECOY_DECOY_sp|P20029|BIP_MOUSE	-0.0809438733192599	-0.44634764430334745	1e-20
2023_05_31_mouse_tcell_100FC+PRTC_100fmol_100ng_60k_PRM_50cm_wtrap_01.mzml:3866.8323:SFVLNLGK+2	1	28709	12.221732	1.2787349	1.3619697	6.6619687	6.3629966	0.011331209	0.005692516	9	7	0.5603227	-0.38848838	0.9796206	3.1567178	2.429235	-2.5113394	0	8	0	1	0	0	439.2607278	876.5069027	64.447205	-.SFVLNLGK.-	sp|P16045|LEG1_MOUSE	0.005095469208667	0.006817508195998136	0.006817508195998136
2023_05_31_mouse_tcell_100FC+PRTC_100fmol_100ng_60k_PRM_50cm_wtrap_01.mzml:3873.0447:decoyIPSPVVSFTNMK+2	0	28755	7.4323187	0.3426043	0.67931795	6.0521073	6.055029	0.20820777	0.20702982	4	0	7.4766145	1.7700962	0.0	10.0	10.0	-2.1006184	0	12	0	1	0	0	660.3550308	1318.695509	64.55074	-.IPSPVVSFTNMK.-	DECOY_DECOY_sp|P68372|TBB4B_MOUSE;DECOY_DECOY_sp|P99024|TBB5_MOUSE;DECOY_DECOY_sp|Q9D6F9|TBB4A_MOUSE;DECOY_DECOY_sp|Q9ERD7|TBB3_MOUSE	-0.0308457677319199	-0.0571053541703649	1e-20
2023_05_31_mouse_tcell_100FC+PRTC_100fmol_100ng_60k_PRM_50cm_wtrap_01.mzml:3884.935:ANC[+57.0214635]IDSTASAEAVFASEVKK+3	1	28843	10.7881975	0.6066107	1.1674055	5.228434	4.933014	0.014318995	0.007252572	9	0	1.1342986	0.74089813	0.66272795	3.0743754	3.0743754	-1.6216245	1	20	0	0	1	0	700.008888	2097.004835	64.74892	-.ANC[+57.0214635]IDSTASAEAVFASEVKK.-	sp|P35550|FBRL_MOUSE	0.0106995581400709	0.013007966746668875	0.013007966746668875
2023_05_31_mouse_tcell_100FC+PRTC_100fmol_100ng_60k_PRM_50cm_wtrap_01.mzml:3884.935:ANC[+57.0214635]IDSTASAEAVFASEVKK+3	1	28843	10.7881975	0.6066107	1.1674055	5.228434	4.933014	0.014318995	0.007252572	9	0	1.1342986	0.74089813	0.66272795	3.0743754	3.0743754	-1.6216245	1	20	0	0	1	0	700.008888	2097.004835	64.74892	-.ANC[+57.0214635]IDSTASAEAVFASEVKK.-	sp|P35550|FBRL_MOUSE	0.0106995581400709	0.013028484044376554	0.013028484044376554
2023_05_31_mouse_tcell_100FC+PRTC_100fmol_100ng_60k_PRM_50cm_wtrap_01.mzml:3915.7888:LLTTIGKDLDFAK+3	1	29071	6.303005	0.29378578	0.5787971	6.001975	5.7044053	0.84842294	0.4276051	2	1	0.15215665	0.09084858	0.0	10.0	10.0	-3.0	1	13	0	0	1	0	478.9449374	1433.812983	65.263145	-.LLTTIGKDLDFAK.-	sp|Q6NZJ6|IF4G1_MOUSE	-0.08596706788868	-0.5225714677957556	1e-20
2023_05_31_mouse_tcell_100FC+PRTC_100fmol_100ng_60k_PRM_50cm_wtrap_01.mzml:3915.7888:LLTTIGKDLDFAK+3	1	29071	6.303005	0.29378578	0.5787971	6.001975	5.7044053	0.84842294	0.4276051	2	1	0.15215665	0.09084858	0.0	10.0	10.0	-3.0	1	13	0	0	1	0	478.9449374	1433.812983	65.263145	-.LLTTIGKDLDFAK.-	sp|Q6NZJ6|IF4G1_MOUSE	-0.08596706788868	-0.5267188603973092	1e-20
2023_05_31_mouse_tcell_100FC+PRTC_100fmol_100ng_60k_PRM_50cm_wtrap_01.mzml:3915.7888:decoyLAFDLDKGITTLK+3	0	29071	4.8280396	0.008866088	0.14456181	4.8280396	4.8315	0.9425495	0.947805	1	0	0.15407725	-0.11555794	0.0	10.0	10.0	-2.2929902	1	13	0	0	1	0	478.9449374	1433.812983	65.263145	-.LAFDLDKGITTLK.-	DECOY_DECOY_sp|Q6NZJ6|IF4G1_MOUSE	-0.131964158965894	-9.261484611060924	1e-20
2023_05_31_mouse_tcell_100FC+PRTC_100fmol_100ng_60k_PRM_50cm_wtrap_01.mzml:3915.7888:decoyLAFDLDKGITTLK+3	0	29071	4.8280396	0.008866088	0.14456181	4.8280396	4.8315	0.9425495	0.947805	1	0	0.15407725	-0.11555794	0.0	10.0	10.0	-2.2929902	1	13	0	0	1	0	478.9449374	1433.812983	65.263145	-.LAFDLDKGITTLK.-	DECOY_DECOY_sp|Q6NZJ6|IF4G1_MOUSE	-0.131964158965894	-8.489694226805847	1e-20
2023_05_31_mouse_tcell_100FC+PRTC_100fmol_100ng_60k_PRM_50cm_wtrap_01.mzml:3920.524:FLLNNEIPK+2	1	29106	6.4280276	0.5956045	0.8193358	5.0478163	4.748844	0.04133228	0.02031726	4	0	6.86718	-1.2132205	0.0	10.0	10.0	-2.1436596	0	9	0	1	0	0	544.3109488	1086.607345	65.342064	-.FLLNNEIPK.-	sp|O89110|CASP8_MOUSE	-0.0087414311901399	-0.012566824727724399	1e-20
2023_05_31_mouse_tcell_100FC+PRTC_100fmol_100ng_60k_PRM_50cm_wtrap_01.mzml:3922.658:decoyNQLLEVLAQK+2	0	29122	4.3218694	0.074461795	0.30251583	4.020839	3.8759098	0.5195894	0.35040244	2	0	0.9116319	-0.6837239	0.0	10.0	10.0	-2.4706018	0	10	0	1	0	0	578.3402383	1154.665924	65.37763	-.NQLLEVLAQK.-	DECOY_DECOY_sp|Q60875|ARHG2_MOUSE	-0.062480636191055	-0.23878738187868545	1e-20
2023_05_31_mouse_tcell_100FC+PRTC_100fmol_100ng_60k_PRM_50cm_wtrap_01.mzml:3922.9248:decoyGLDFDC[+57.0214635]STLPR+2	0	29124	5.6306105	0.07242402	0.12306444	4.852459	4.854517	0.1979005	0.19884056	3	0	0.8238433	-0.6178825	0.0	10.0	10.0	-3.0	0	11	0	1	0	0	640.8006198	1279.586687	65.38208	-.GLDFDC[+57.0214635]STLPR.-	DECOY_DECOY_sp|Q8C147|DOCK8_MOUSE	-0.0280948656311999	-0.04918194164917534	1e-20
2023_05_31_mouse_tcell_100FC+PRTC_100fmol_100ng_60k_PRM_50cm_wtrap_01.mzml:3934.0361:decoyIPSPVVSFTNMK+2	0	29206	6.8121347	0.16050763	0.7477177	6.033983	6.011427	0.29595813	0.29251167	3	0	3.921422	2.7614949	0.0	10.0	10.0	-2.9626617	0	12	0	1	0	0	660.3550308	1318.695509	65.56727	-.IPSPVVSFTNMK.-	DECOY_DECOY_sp|P68372|TBB4B_MOUSE;DECOY_DECOY_sp|P99024|TBB5_MOUSE;DECOY_DECOY_sp|Q9D6F9|TBB4A_MOUSE;DECOY_DECOY_sp|Q9ERD7|TBB3_MOUSE	-0.0435870757152499	-0.10258909284199061	1e-20
2023_05_31_mouse_tcell_100FC+PRTC_100fmol_100ng_60k_PRM_50cm_wtrap_01.mzml:3947.6985:decoyVLNQNVLC[+57.0214635]ATLSTR+3	0	29307	5.318044	0.16626571	0.54444176	5.017014	4.809645	0.6851035	0.40789405	2	1	0.51608294	-0.3870622	0.9947168	3.7258441	3.0539181	-3.0	0	14	0	0	1	0	530.2873684	1587.840276	65.794975	-.VLNQNVLC[+57.0214635]ATLSTR.-	DECOY_DECOY_sp|P01831|THY1_MOUSE	-0.0748511237212599	-0.3801649178474516	1e-20
2023_05_31_mouse_tcell_100FC+PRTC_100fmol_100ng_60k_PRM_50cm_wtrap_01.mzml:3949.0334:VTSLTAC[+57.0214635]LVNQNLR+3	1	29317	13.788837	2.0271125	2.889183	6.187681	5.8898964	0.003057261	0.001540095	11	3	0.7676423	-0.57573175	0.9890904	3.5729046	2.6712015	-2.3146424	0	14	0	0	1	0	530.2873687	1587.840277	65.81722	-.VTSLTAC[+57.0214635]LVNQNLR.-	sp|P01831|THY1_MOUSE	0.016876588949886	0.01840215631258756	0.01840215631258756
2023_05_31_mouse_tcell_100FC+PRTC_100fmol_100ng_60k_PRM_50cm_wtrap_01.mzml:3959.9895:GPLTSC[+57.0214635]DFDLR+2	1	29398	7.126953	0.35313556	0.5357451	5.047772	4.7488	0.11828387	0.059422858	5	0	1.1767565	-0.518233	0.5285114	0.062231194	-0.062231194	-2.6745136	0	11	0	1	0	0	640.8006203	1279.586688	65.999825	-.GPLTSC[+57.0214635]DFDLR.-	sp|Q8C147|DOCK8_MOUSE	-0.0106345460793259	-0.015548995403862868	1e-20
2023_05_31_mouse_tcell_100FC+PRTC_100fmol_100ng_60k_PRM_50cm_wtrap_01.mzml:3968.108:IMNTFSVVPSPK+2	1	29458	13.94026	2.2367961	3.1824346	7.3804965	7.082388	0.008409409	0.004233086	10	4	0.97492003	0.73119	0.9621715	1.9849722	1.7839205	-2.1690826	0	12	0	1	0	0	660.3550308	1318.695509	66.13513	-.IMNTFSVVPSPK.-	sp|P68372|TBB4B_MOUSE;sp|P99024|TBB5_MOUSE;sp|Q9D6F9|TBB4A_MOUSE;sp|Q9ERD7|TBB3_MOUSE	0.015784229778197	0.01750779509880472	0.01750779509880472
2023_05_31_mouse_tcell_100FC+PRTC_100fmol_100ng_60k_PRM_50cm_wtrap_01.mzml:3989.7605:decoyGLDFDC[+57.0214635]STLPR+2	0	29618	5.6255875	0.3909181	0.7240226	4.8474364	4.8494945	0.23118047	0.23227859	3	0	0.8068902	-0.6051676	0.0	10.0	10.0	-3.0	0	11	0	1	0	0	640.8006198	1279.586687	66.49601	-.GLDFDC[+57.0214635]STLPR.-	DECOY_DECOY_sp|Q8C147|DOCK8_MOUSE	-0.0309654554339599	-0.057464739411098656	1e-20
2023_05_31_mouse_tcell_100FC+PRTC_100fmol_100ng_60k_PRM_50cm_wtrap_01.mzml:3990.2944:decoyESIIPQVIEELK+2	0	29622	5.5284553	0.21789028	0.314793	5.227425	5.2330346	0.53779334	0.5447847	2	1	0.20950706	0.09705359	0.0	10.0	10.0	-3.0	0	12	0	1	0	0	699.3979498	1396.781347	66.504906	-.ESIIPQVIEELK.-	DECOY_DECOY_sp|P20029|BIP_MOUSE	-0.07323678260029	-0.3533674760463993	1e-20
2023_05_31_mouse_tcell_100FC+PRTC_100fmol_100ng_60k_PRM_50cm_wtrap_01.mzml:3990.2944:decoyESIIPQVIEELK+2	0	29622	5.5284553	0.21789028	0.314793	5.227425	5.2330346	0.53779334	0.5447847	2	1	0.20950706	0.09705359	0.0	10.0	10.0	-3.0	0	12	0	1	0	0	699.3979498	1396.781347	66.504906	-.ESIIPQVIEELK.-	DECOY_DECOY_sp|P20029|BIP_MOUSE	-0.07323678260029	-0.3511726470026328	1e-20
2023_05_31_mouse_tcell_100FC+PRTC_100fmol_100ng_60k_PRM_50cm_wtrap_01.mzml:4006.796:decoyDISSSAQPQPGPPR+2	0	29744	4.9446898	0.12995578	0.73158264	4.6436596	4.6493764	0.41357237	0.41905218	2	0	1.0587286	-0.7940464	0.0	10.0	10.0	-2.6153398	0	14	0	1	0	0	718.8600548	1435.705557	66.77993	-.DISSSAQPQPGPPR.-	DECOY_DECOY_sp|O54824|IL16_MOUSE	-0.05721102522865	-0.19805789899783768	1e-20
2023_05_31_mouse_tcell_100FC+PRTC_100fmol_100ng_60k_PRM_50cm_wtrap_01.mzml:4006.796:decoyDISSSAQPQPGPPR+2	0	29744	4.9446898	0.12995578	0.73158264	4.6436596	4.6493764	0.41357237	0.41905218	2	0	1.0587286	-0.7940464	0.0	10.0	10.0	-2.6153398	0	14	0	1	0	0	718.8600548	1435.705557	66.77993	-.DISSSAQPQPGPPR.-	DECOY_DECOY_sp|O54824|IL16_MOUSE	-0.05721102522865	-0.1971737119487402	1e-20
2023_05_31_mouse_tcell_100FC+PRTC_100fmol_100ng_60k_PRM_50cm_wtrap_01.mzml:4018.3186:NQALVELLQK+2	1	29829	10.711689	1.5165488	1.7957745	5.1519256	4.852521	0.011110811	0.005576238	9	1	1.3417534	-0.2371996	0.0	10.0	10.0	-1.2869651	0	10	0	1	0	0	578.3402383	1154.665924	66.97198	-.NQALVELLQK.-	sp|Q60875|ARHG2_MOUSE	0.010200704118075	0.012519783114712083	0.012519783114712083
2023_05_31_mouse_tcell_100FC+PRTC_100fmol_100ng_60k_PRM_50cm_wtrap_01.mzml:4018.3186:decoyNQLLEVLAQK+2	0	29829	5.598196	0.39897692	0.5968526	4.820045	4.5206404	0.20201725	0.13348788	3	1	0.551845	-0.15822613	0.0	10.0	10.0	-1.6943052	0	10	0	1	0	0	578.3402383	1154.665924	66.97198	-.NQLLEVLAQK.-	DECOY_DECOY_sp|Q60875|ARHG2_MOUSE	-0.02369952377154	-0.038599224370525057	1e-20
2023_05_31_mouse_tcell_100FC+PRTC_100fmol_100ng_60k_PRM_50cm_wtrap_01.mzml:4019.6543:DPPGPQPQASSSIR+2	1	29839	5.7914104	0.2724882	0.4568607	5.013259	4.7179456	0.19928661	0.10096356	3	0	2.1342254	0.5925447	0.0	10.0	10.0	-3.0	0	14	0	1	0	0	718.8600548	1435.705557	66.99424	-.DPPGPQPQASSSIR.-	sp|O54824|IL16_MOUSE	-0.0213607346976099	-0.03393104359373424	1e-20
2023_05_31_mouse_tcell_100FC+PRTC_100fmol_100ng_60k_PRM_50cm_wtrap_01.mzml:4028.0337:LLTTIGKDLDFAK+3	1	29901	11.899143	1.2991076	1.1449475	5.33938	5.04181	0.02921969	0.014726725	10	2	1.0953693	-0.821527	0.75123805	2.7585292	-2.7585292	-1.3427963	1	13	0	0	1	0	478.9449374	1433.812983	67.133896	-.LLTTIGKDLDFAK.-	sp|Q6NZJ6|IF4G1_MOUSE	0.0085457256167649	0.010850822658129117	0.010850822658129117
2023_05_31_mouse_tcell_100FC+PRTC_100fmol_100ng_60k_PRM_50cm_wtrap_01.mzml:4028.0337:LLTTIGKDLDFAK+3	1	29901	11.899143	1.2991076	1.1449475	5.33938	5.04181	0.02921969	0.014726725	10	2	1.0953693	-0.821527	0.75123805	2.7585292	-2.7585292	-1.3427963	1	13	0	0	1	0	478.9449374	1433.812983	67.133896	-.LLTTIGKDLDFAK.-	sp|Q6NZJ6|IF4G1_MOUSE	0.0085457256167649	0.010833005215340728	0.010833005215340728
2023_05_31_mouse_tcell_100FC+PRTC_100fmol_100ng_60k_PRM_50cm_wtrap_01.mzml:4031.0037:IMNTFSVVPSPK+2	1	29923	11.743082	0.8868387	1.6202285	6.183319	5.885211	0.016120438	0.008114625	9	0	2.5162687	1.5950814	0.0	10.0	10.0	-2.2994452	0	12	0	1	0	0	660.3550308	1318.695509	67.183395	-.IMNTFSVVPSPK.-	sp|P68372|TBB4B_MOUSE;sp|P99024|TBB5_MOUSE;sp|Q9D6F9|TBB4A_MOUSE;sp|Q9ERD7|TBB3_MOUSE	0.005970559962533	0.00787909793346235	0.00787909793346235
2023_05_31_mouse_tcell_100FC+PRTC_100fmol_100ng_60k_PRM_50cm_wtrap_01.mzml:4031.705:FQSVESGANNVVFIR+2	1	29928	6.3650136	0.6999978	0.7907548	4.9848022	4.6869097	0.14947404	0.07527884	4	4	3.6304703	0.61611366	0.0	10.0	10.0	-3.0	0	15	0	1	0	0	833.9310108	1665.847469	67.19508	-.FQSVESGANNVVFIR.-	sp|Q99J36|THUM1_MOUSE	-0.0096950546093999	-0.01406876345574572	1e-20
2023_05_31_mouse_tcell_100FC+PRTC_100fmol_100ng_60k_PRM_50cm_wtrap_01.mzml:4033.0403:VTSLTAC[+57.0214635]LVNQNLR+3	1	29938	8.151144	0.5652073	0.9574218	5.293812	4.996027	0.127606	0.06428153	6	1	2.0018682	-1.5014012	0.0	10.0	10.0	-3.0	0	14	0	0	1	0	530.2873687	1587.840277	67.21734	-.VTSLTAC[+57.0214635]LVNQNLR.-	sp|P01831|THY1_MOUSE	-0.0077538092824099	-0.01112628395171086	1e-20
2023_05_31_mouse_tcell_100FC+PRTC_100fmol_100ng_60k_PRM_50cm_wtrap_01.mzml:4073.0708:AILSTKPPGTFLLR+3	1	30234	11.21897	0.9127089	1.5559058	5.659207	5.361206	0.008841186	0.004451538	9	2	0.47503802	-0.3486256	0.92251366	1.6996146	0.6986567	1.1211224	0	14	0	0	1	0	505.30821	1512.902801	67.884514	-.AILSTKPPGTFLLR.-	sp|P42227|STAT3_MOUSE	0.0111458009052	0.013361115370829813	0.013361115370829813
2023_05_31_mouse_tcell_100FC+PRTC_100fmol_100ng_60k_PRM_50cm_wtrap_01.mzml:4073.0708:AILSTKPPGTFLLR+3	1	30234	11.21897	0.9127089	1.5559058	5.659207	5.361206	0.008841186	0.004451538	9	2	0.47503802	-0.3486256	0.92251366	1.6996146	0.6986567	1.1211224	0	14	0	0	1	0	505.30821	1512.902801	67.884514	-.AILSTKPPGTFLLR.-	sp|P42227|STAT3_MOUSE	0.0111458009052	0.013381894710442302	0.013381894710442302
2023_05_31_mouse_tcell_100FC+PRTC_100fmol_100ng_60k_PRM_50cm_wtrap_01.mzml:4073.0708:decoyALLFTGPPKTSLIR+3	0	30234	6.393994	0.27743712	0.73012453	5.0137825	4.7157817	0.23612936	0.1667587	4	0	1.9591393	-1.4693545	0.92251366	1.6996146	0.6986567	-1.9015015	1	14	0	0	1	0	505.30821	1512.902801	67.884514	-.ALLFTGPPKTSLIR.-	DECOY_DECOY_sp|P42227|STAT3_MOUSE	-0.02740886183539	-0.04691716482687601	1e-20
2023_05_31_mouse_tcell_100FC+PRTC_100fmol_100ng_60k_PRM_50cm_wtrap_01.mzml:4073.0708:decoyALLFTGPPKTSLIR+3	0	30234	6.393994	0.27743712	0.73012453	5.0137825	4.7157817	0.23612936	0.1667587	4	0	1.9591393	-1.4693545	0.92251366	1.6996146	0.6986567	-1.9015015	1	14	0	0	1	0	505.30821	1512.902801	67.884514	-.ALLFTGPPKTSLIR.-	DECOY_DECOY_sp|P42227|STAT3_MOUSE	-0.02740886183539	-0.046813365789648405	1e-20
2023_05_31_mouse_tcell_100FC+PRTC_100fmol_100ng_60k_PRM_50cm_wtrap_01.mzml:4082.961:decoyFIFVVNNAGSEVSQR+2	0	30307	5.156837	0.18869382	0.42924863	4.855807	4.733647	0.48053572	0.31039137	2	1	0.36723348	-0.2754251	0.714154	5.896659	5.896659	-2.2107906	0	15	0	1	0	0	833.9310108	1665.847469	68.04935	-.FIFVVNNAGSEVSQR.-	DECOY_DECOY_sp|Q99J36|THUM1_MOUSE	-0.0502190557676199	-0.13895738728531384	1e-20
2023_05_31_mouse_tcell_100FC+PRTC_100fmol_100ng_60k_PRM_50cm_wtrap_01.mzml:4086.7336:FQSVESGANNVVFIR+2	1	30335	12.42383	1.9886223	2.9768667	5.864066	5.5661736	0.000561	0.000283	10	8	0.38045678	-0.057940654	0.9959521	3.1838598	2.5827818	-2.1746116	0	15	0	1	0	0	833.9310108	1665.847469	68.11223	-.FQSVESGANNVVFIR.-	sp|Q99J36|THUM1_MOUSE	0.021043506861214	0.02151733416802279	0.02151733416802279
2023_05_31_mouse_tcell_100FC+PRTC_100fmol_100ng_60k_PRM_50cm_wtrap_01.mzml:4125.824:AILSTKPPGTFLLR+3	1	30624	5.1158276	0.036635187	0.18165167	4.8147974	4.5167966	0.4530457	0.22810851	2	0	0.5366323	0.40247422	0.0	10.0	10.0	-3.0	0	14	0	0	1	0	505.30821	1512.902801	68.76374	-.AILSTKPPGTFLLR.-	sp|P42227|STAT3_MOUSE	-0.0491766222732209	-0.13462536310257636	1e-20
2023_05_31_mouse_tcell_100FC+PRTC_100fmol_100ng_60k_PRM_50cm_wtrap_01.mzml:4125.824:AILSTKPPGTFLLR+3	1	30624	5.1158276	0.036635187	0.18165167	4.8147974	4.5167966	0.4530457	0.22810851	2	0	0.5366323	0.40247422	0.0	10.0	10.0	-3.0	0	14	0	0	1	0	505.30821	1512.902801	68.76374	-.AILSTKPPGTFLLR.-	sp|P42227|STAT3_MOUSE	-0.0491766222732209	-0.13510445692144674	1e-20
2023_05_31_mouse_tcell_100FC+PRTC_100fmol_100ng_60k_PRM_50cm_wtrap_01.mzml:4156.161:ELILFSNSDNER+2	1	30848	12.944706	2.20295	2.7179163	6.3849425	6.086915	0.001164483	0.000588	10	4	0.7082669	0.5312002	0.9664411	3.3045063	1.0512174	-1.1753461	0	12	0	1	0	0	718.8544368	1435.694321	69.269356	-.ELILFSNSDNER.-	sp|Q01320|TOP2A_MOUSE;sp|Q64511|TOP2B_MOUSE	0.018824323122353	0.01971828690699663	0.01971828690699663
2023_05_31_mouse_tcell_100FC+PRTC_100fmol_100ng_60k_PRM_50cm_wtrap_01.mzml:4156.161:ELILFSNSDNER+2	1	30848	12.944706	2.20295	2.7179163	6.3849425	6.086915	0.001164483	0.000588	10	4	0.7082669	0.5312002	0.9664411	3.3045063	1.0512174	-1.1753461	0	12	0	1	0	0	718.8544368	1435.694321	69.269356	-.ELILFSNSDNER.-	sp|Q01320|TOP2A_MOUSE;sp|Q64511|TOP2B_MOUSE	0.018824323122353	0.019691568361052188	0.019691568361052188
2023_05_31_mouse_tcell_100FC+PRTC_100fmol_100ng_60k_PRM_50cm_wtrap_01.mzml:4167.512:NQALVELLQK+2	1	30932	4.287868	0.16470446	0.26194832	3.986838	3.6874337	0.52102715	0.2614905	2	0	0.53008443	-0.39756334	0.0	10.0	10.0	-3.0	0	10	0	1	0	0	578.3402383	1154.665924	69.458534	-.NQALVELLQK.-	sp|Q60875|ARHG2_MOUSE	-0.05680654407345	-0.1931922996682969	1e-20
2023_05_31_mouse_tcell_100FC+PRTC_100fmol_100ng_60k_PRM_50cm_wtrap_01.mzml:4169.684:decoyKPVPPAPYC[+57.0214635]PGDPTGMLEPEVVR+3	0	30948	4.3407907	0.1500133	0.7381848	4.3407907	4.349391	0.97478473	0.9942803	1	1	0.27402458	-0.20551842	0.0	10.0	10.0	-2.6173062	0	23	0	0	1	0	836.0871417	2505.239596	69.494736	-.KPVPPAPYC[+57.0214635]PGDPTGMLEPEVVR.-	DECOY_DECOY_sp|B2RQC6|PYR1_MOUSE	-0.1276638606461499	-3.9422600167531088	1e-20
2023_05_31_mouse_tcell_100FC+PRTC_100fmol_100ng_60k_PRM_50cm_wtrap_01.mzml:4169.684:decoyKPVPPAPYC[+57.0214635]PGDPTGMLEPEVVR+3	0	30948	4.3407907	0.1500133	0.7381848	4.3407907	4.349391	0.97478473	0.9942803	1	1	0.27402458	-0.20551842	0.0	10.0	10.0	-2.6173062	0	23	0	0	1	0	836.0871417	2505.239596	69.494736	-.KPVPPAPYC[+57.0214635]PGDPTGMLEPEVVR.-	DECOY_DECOY_sp|B2RQC6|PYR1_MOUSE	-0.1276638606461499	-4.106520850784489	1e-20
2023_05_31_mouse_tcell_100FC+PRTC_100fmol_100ng_60k_PRM_50cm_wtrap_01.mzml:4171.5527:FGDLDEQEFVYKEPAITK+3	1	30962	4.8361735	0.24552165	0.27227372	4.5351434	4.2368193	0.61670226	0.31027833	2	1	0.89560217	-0.6717016	0.0	10.0	10.0	-2.8992875	1	18	0	0	1	0	710.352758	2128.036445	69.52588	-.FGDLDEQEFVYKEPAITK.-	sp|Q8C147|DOCK8_MOUSE;sp|Q8R1A4|DOCK7_MOUSE	-0.0578931759787599	-0.20596097629309973	1e-20
2023_05_31_mouse_tcell_100FC+PRTC_100fmol_100ng_60k_PRM_50cm_wtrap_01.mzml:4190.7573:TNIIPVIEDAR+2	1	31104	12.295925	1.4095722	1.7869912	6.7361617	6.2633615	0.004359445	0.00146768	9	3	0.49085855	-0.36814392	0.97775096	1.8659382	0.84676856	-1.9411955	0	11	0	1	0	0	620.8484273	1239.682302	69.845955	-.TNIIPVIEDAR.-	sp|P35550|FBRL_MOUSE	0.009799215832375	0.012142848511386037	0.012142848511386037
2023_05_31_mouse_tcell_100FC+PRTC_100fmol_100ng_60k_PRM_50cm_wtrap_01.mzml:4190.7573:TNIIPVLEDAR+2	1	31104	12.295925	1.4095722	1.7869912	6.7361617	6.2633615	0.004359445	0.00146768	9	3	0.49085855	-0.36814392	0.97775096	1.8659382	0.84676856	-1.9411955	0	11	0	1	0	0	620.8484273	1239.682302	69.845955	-.TNIIPVLEDAR.-	sp|Q80WS3|FBLL1_MOUSE	0.009799215832375	0.012123388818258815	0.012123388818258815
2023_05_31_mouse_tcell_100FC+PRTC_100fmol_100ng_60k_PRM_50cm_wtrap_01.mzml:4208.2427:decoyFIFVVNNAGSEVSQR+2	0	31233	4.938564	0.056967493	0.13996743	4.6375337	4.5380025	0.43594086	0.30764273	2	1	0.9310147	-0.698261	0.6386581	3.0235348	-3.0235348	-2.265359	0	15	0	1	0	0	833.9310108	1665.847469	70.137375	-.FIFVVNNAGSEVSQR.-	DECOY_DECOY_sp|Q99J36|THUM1_MOUSE	-0.0488766842979589	-0.1328619728099446	1e-20
2023_05_31_mouse_tcell_100FC+PRTC_100fmol_100ng_60k_PRM_50cm_wtrap_01.mzml:4214.718:ELILFSNSDNER+2	1	31281	7.4393244	0.83530664	0.9548866	5.360143	5.06483	0.03267939	0.016146343	5	0	1.4300756	-0.22607432	0.0	10.0	10.0	-2.7837157	0	12	0	1	0	0	718.8544368	1435.694321	70.24529	-.ELILFSNSDNER.-	sp|Q01320|TOP2A_MOUSE;sp|Q64511|TOP2B_MOUSE	0.0023448684395789	0.0032441549020697327	0.0032441549020697327
2023_05_31_mouse_tcell_100FC+PRTC_100fmol_100ng_60k_PRM_50cm_wtrap_01.mzml:4214.718:ELILFSNSDNER+2	1	31281	7.4393244	0.83530664	0.9548866	5.360143	5.06483	0.03267939	0.016146343	5	0	1.4300756	-0.22607432	0.0	10.0	10.0	-2.7837157	0	12	0	1	0	0	718.8544368	1435.694321	70.24529	-.ELILFSNSDNER.-	sp|Q01320|TOP2A_MOUSE;sp|Q64511|TOP2B_MOUSE	0.0023448684395789	0.003238351404928284	0.003238351404928284
2023_05_31_mouse_tcell_100FC+PRTC_100fmol_100ng_60k_PRM_50cm_wtrap_01.mzml:4215.9526:decoyTADEIVPIINR+2	0	31290	7.035751	0.2676422	0.7713727	5.6555395	5.556273	0.2647229	0.1752089	4	0	2.6595216	-1.3435137	0.0	10.0	10.0	-2.1587982	0	11	0	1	0	0	620.8484273	1239.682302	70.26588	-.TADEIVPIINR.-	DECOY_DECOY_sp|P35550|FBRL_MOUSE	-0.0293310880784999	-0.052905607468696075	1e-20
2023_05_31_mouse_tcell_100FC+PRTC_100fmol_100ng_60k_PRM_50cm_wtrap_01.mzml:4215.9526:decoyTADELVPIINR+2	0	31290	7.035751	0.2676422	0.7713727	5.6555395	5.556273	0.2647229	0.1752089	4	0	2.6595216	-1.3435137	0.0	10.0	10.0	-2.1587982	0	11	0	1	0	0	620.8484273	1239.682302	70.26588	-.TADELVPIINR.-	DECOY_DECOY_sp|Q80WS3|FBLL1_MOUSE	-0.0293310880784999	-0.052782284374363456	1e-20
2023_05_31_mouse_tcell_100FC+PRTC_100fmol_100ng_60k_PRM_50cm_wtrap_01.mzml:4236.4854:TNIIPVIEDAR+2	1	31442	7.750849	0.68038714	1.107741	5.6716676	5.1988673	0.09015419	0.030351913	5	1	1.6723809	-1.2542857	0.0	10.0	10.0	-3.0	0	11	0	1	0	0	620.8484273	1239.682302	70.608086	-.TNIIPVIEDAR.-	sp|P35550|FBRL_MOUSE	-0.0063522048807309	-0.0090645141736123	1e-20
2023_05_31_mouse_tcell_100FC+PRTC_100fmol_100ng_60k_PRM_50cm_wtrap_01.mzml:4236.4854:TNIIPVLEDAR+2	1	31442	7.750849	0.68038714	1.107741	5.6716676	5.1988673	0.09015419	0.030351913	5	1	1.6723809	-1.2542857	0.0	10.0	10.0	-3.0	0	11	0	1	0	0	620.8484273	1239.682302	70.608086	-.TNIIPVLEDAR.-	sp|Q80WS3|FBLL1_MOUSE	-0.0063522048807309	-0.009047789977720027	1e-20
2023_05_31_mouse_tcell_100FC+PRTC_100fmol_100ng_60k_PRM_50cm_wtrap_01.mzml:4259.6396:KVVEPELMGTPDGPC[+57.0214635]YPAPPVPR+3	1	31613	12.339201	1.8923688	3.9801128	5.779437	5.487007	0.001466872	0.000748	10	10	0.84384227	-0.6328817	0.9804619	1.5361189	1.5361189	-1.4280322	1	23	0	0	1	0	836.087142	2505.239597	70.993996	-.KVVEPELMGTPDGPC[+57.0214635]YPAPPVPR.-	sp|B2RQC6|PYR1_MOUSE	0.025379495567152	0.025511680439897585	0.025511680439897585
2023_05_31_mouse_tcell_100FC+PRTC_100fmol_100ng_60k_PRM_50cm_wtrap_01.mzml:4259.6396:KVVEPELMGTPDGPC[+57.0214635]YPAPPVPR+3	1	31613	12.339201	1.8923688	3.9801128	5.779437	5.487007	0.001466872	0.000748	10	10	0.84384227	-0.6328817	0.9804619	1.5361189	1.5361189	-1.4280322	1	23	0	0	1	0	836.087142	2505.239597	70.993996	-.KVVEPELMGTPDGPC[+57.0214635]YPAPPVPR.-	sp|B2RQC6|PYR1_MOUSE	0.025379495567152	0.025478505302784584	0.025478505302784584
2023_05_31_mouse_tcell_100FC+PRTC_100fmol_100ng_60k_PRM_50cm_wtrap_01.mzml:4259.6396:decoyGISVEPALPRANPDVFPLASPETK+3	0	31613	5.519219	0.21747085	0.15086152	5.218189	4.9981613	0.24217346	0.16629489	2	1	2.706782	1.9478868	0.0	10.0	10.0	-1.9514937	1	24	0	0	1	0	835.7831064	2504.32749	70.993996	-.GISVEPALPRANPDVFPLASPETK.-	DECOY_DECOY_sp|B2RQC6|PYR1_MOUSE	-0.0236424660511799	-0.03834450376367833	1e-20
2023_05_31_mouse_tcell_100FC+PRTC_100fmol_100ng_60k_PRM_50cm_wtrap_01.mzml:4259.6396:decoyGISVEPALPRANPDVFPLASPETK+3	0	31613	5.519219	0.21747085	0.15086152	5.218189	4.9981613	0.24217346	0.16629489	2	1	2.706782	1.9478868	0.0	10.0	10.0	-1.9514937	1	24	0	0	1	0	835.7831064	2504.32749	70.993996	-.GISVEPALPRANPDVFPLASPETK.-	DECOY_DECOY_sp|B2RQC6|PYR1_MOUSE	-0.0236424660511799	-0.038425229034759756	1e-20
2023_05_31_mouse_tcell_100FC+PRTC_100fmol_100ng_60k_PRM_50cm_wtrap_01.mzml:4301.9985:decoyFTIAPEKYVFEQEDLDGK+3	0	31926	4.7143817	0.22501425	0.24347785	4.4133515	4.236272	0.38763294	0.28080684	2	0	1.011998	-0.7589985	0.8689514	3.2143278	3.2143278	-3.0	1	18	0	0	1	0	710.352758	2128.036445	71.699974	-.FTIAPEKYVFEQEDLDGK.-	DECOY_DECOY_sp|Q8C147|DOCK8_MOUSE;DECOY_DECOY_sp|Q8R1A4|DOCK7_MOUSE	-0.04302493894984	-0.10065228142204993	1e-20
2023_05_31_mouse_tcell_100FC+PRTC_100fmol_100ng_60k_PRM_50cm_wtrap_01.mzml:4307.6836:FGDLDEQEFVYKEPAITK+3	1	31968	11.739408	1.8387849	2.0575638	5.179644	4.88132	0.010435828	0.005250526	10	6	1.4575719	-1.0931789	0.97038484	1.337719	1.337719	0.25341034	1	18	0	0	1	0	710.352758	2128.036445	71.79472	-.FGDLDEQEFVYKEPAITK.-	sp|Q8C147|DOCK8_MOUSE;sp|Q8R1A4|DOCK7_MOUSE	0.021559238123866	0.022015518295799667	0.022015518295799667
2023_05_31_mouse_tcell_100FC+PRTC_100fmol_100ng_60k_PRM_50cm_wtrap_01.mzml:4315.939:KVVEPELMGTPDGPC[+57.0214635]YPAPPVPR+3	1	32029	5.005783	0.45614004	0.772972	4.704753	4.412323	0.3059015	0.15600978	2	2	1.0569893	-0.09269872	0.0	10.0	10.0	-3.0	1	23	0	0	1	0	836.087142	2505.239597	71.93232	-.KVVEPELMGTPDGPC[+57.0214635]YPAPPVPR.-	sp|B2RQC6|PYR1_MOUSE	-0.02435871642136	-0.039840951434936274	1e-20
2023_05_31_mouse_tcell_100FC+PRTC_100fmol_100ng_60k_PRM_50cm_wtrap_01.mzml:4324.0586:decoyTADEIVPIINR+2	0	32089	6.3514624	0.12451393	0.24451579	5.573311	5.4453073	0.3725146	0.28507933	3	0	0.16527517	-0.09571908	0.54282504	7.404929	-7.404929	-3.0	0	11	0	1	0	0	620.8484273	1239.682302	72.06764	-.TADEIVPIINR.-	DECOY_DECOY_sp|P35550|FBRL_MOUSE	-0.0478162384634899	-0.12470991923585881	1e-20
2023_05_31_mouse_tcell_100FC+PRTC_100fmol_100ng_60k_PRM_50cm_wtrap_01.mzml:4324.0586:decoyTADELVPIINR+2	0	32089	6.3514624	0.12451393	0.24451579	5.573311	5.4453073	0.3725146	0.28507933	3	0	0.16527517	-0.09571908	0.54282504	7.404929	-7.404929	-3.0	0	11	0	1	0	0	620.8484273	1239.682302	72.06764	-.TADELVPIINR.-	DECOY_DECOY_sp|Q80WS3|FBLL1_MOUSE	-0.0478162384634899	-0.12513266472479392	1e-20
2023_05_31_mouse_tcell_100FC+PRTC_100fmol_100ng_60k_PRM_50cm_wtrap_01.mzml:4329.8726:IIFDDFR+2	1	32132	9.485899	1.4076765	1.5482043	5.7834687	5.472696	0.010592257	0.004952887	7	7	1.2451043	-0.93382823	0.97317135	4.7200394	3.9030178	-1.5796361	0	7	0	1	0	0	463.2425353	924.4705177	72.16454	-.IIFDDFR.-	sp|P46978|STT3A_MOUSE	0.004939986069918	0.006644023076614452	0.006644023076614452
2023_05_31_mouse_tcell_100FC+PRTC_100fmol_100ng_60k_PRM_50cm_wtrap_01.mzml:4329.8726:IIFDDFR+2	1	32132	9.485899	1.4076765	1.5482043	5.7834687	5.472696	0.010592257	0.004952887	7	7	1.2451043	-0.93382823	0.97317135	4.7200394	3.9030178	-1.5796361	0	7	0	1	0	0	463.2425353	924.4705177	72.16454	-.IIFDDFR.-	sp|P46978|STT3A_MOUSE	0.004939986069918	0.006655618230325822	0.006655618230325822
2023_05_31_mouse_tcell_100FC+PRTC_100fmol_100ng_60k_PRM_50cm_wtrap_01.mzml:4336.3535:KVVEPELMGTPDGPC[+57.0214635]YPAPPVPR+3	1	32180	4.910184	0.27016798	0.698672	4.6091537	4.3167243	0.3387381	0.17275646	2	2	0.5165263	-0.38739473	0.0	10.0	10.0	-3.0	1	23	0	0	1	0	836.087142	2505.239597	72.27256	-.KVVEPELMGTPDGPC[+57.0214635]YPAPPVPR.-	sp|B2RQC6|PYR1_MOUSE	-0.02800389695083	-0.04880137346736063	1e-20
2023_05_31_mouse_tcell_100FC+PRTC_100fmol_100ng_60k_PRM_50cm_wtrap_01.mzml:4377.9165:ISEQFTAMFR+2	1	32487	12.453613	1.1879082	1.4419075	5.8938503	5.585129	0.017097607	0.007100564	10	0	1.2711664	-0.95337486	0.0	10.0	10.0	-0.9785032	0	10	0	1	0	0	615.3027988	1228.591045	72.96528	-.ISEQFTAMFR.-	sp|P68372|TBB4B_MOUSE;sp|P99024|TBB5_MOUSE;sp|Q7TMM9|TBB2A_MOUSE;sp|Q9CWF2|TBB2B_MOUSE;sp|Q9D6F9|TBB4A_MOUSE;sp|Q9ERD7|TBB3_MOUSE	0.0100700168636689	0.012398808642348309	0.012398808642348309
2023_05_31_mouse_tcell_100FC+PRTC_100fmol_100ng_60k_PRM_50cm_wtrap_01.mzml:4377.9165:ISEQFTAMFR+2	1	32487	12.453613	1.1879082	1.4419075	5.8938503	5.585129	0.017097607	0.007100564	10	0	1.2711664	-0.95337486	0.0	10.0	10.0	-0.9785032	0	10	0	1	0	0	615.3027988	1228.591045	72.96528	-.ISEQFTAMFR.-	sp|P68372|TBB4B_MOUSE;sp|P99024|TBB5_MOUSE;sp|Q7TMM9|TBB2A_MOUSE;sp|Q9CWF2|TBB2B_MOUSE;sp|Q9D6F9|TBB4A_MOUSE;sp|Q9ERD7|TBB3_MOUSE	0.0100700168636689	0.012418615045930335	0.012418615045930335
2023_05_31_mouse_tcell_100FC+PRTC_100fmol_100ng_60k_PRM_50cm_wtrap_01.mzml:4385.4624:decoyIFMATFQESR+2	0	32543	8.668129	0.64281315	0.7585457	5.810796	5.737316	0.10807111	0.096037716	6	0	3.8499568	-2.8874676	0.24465454	6.1421895	6.1421895	-1.2655182	0	10	0	1	0	0	615.3027988	1228.591045	73.09104	-.IFMATFQESR.-	DECOY_DECOY_sp|P68372|TBB4B_MOUSE;DECOY_DECOY_sp|P99024|TBB5_MOUSE;DECOY_DECOY_sp|Q7TMM9|TBB2A_MOUSE;DECOY_DECOY_sp|Q9CWF2|TBB2B_MOUSE;DECOY_DECOY_sp|Q9D6F9|TBB4A_MOUSE;DECOY_DECOY_sp|Q9ERD7|TBB3_MOUSE	-0.0092419471131719	-0.013336043310969544	1e-20
2023_05_31_mouse_tcell_100FC+PRTC_100fmol_100ng_60k_PRM_50cm_wtrap_01.mzml:4385.4624:decoyIFMATFQESR+2	0	32543	8.668129	0.64281315	0.7585457	5.810796	5.737316	0.10807111	0.096037716	6	0	3.8499568	-2.8874676	0.24465454	6.1421895	6.1421895	-1.2655182	0	10	0	1	0	0	615.3027988	1228.591045	73.09104	-.IFMATFQESR.-	DECOY_DECOY_sp|P68372|TBB4B_MOUSE;DECOY_DECOY_sp|P99024|TBB5_MOUSE;DECOY_DECOY_sp|Q7TMM9|TBB2A_MOUSE;DECOY_DECOY_sp|Q9CWF2|TBB2B_MOUSE;DECOY_DECOY_sp|Q9D6F9|TBB4A_MOUSE;DECOY_DECOY_sp|Q9ERD7|TBB3_MOUSE	-0.0092419471131719	-0.013311162633150572	1e-20
2023_05_31_mouse_tcell_100FC+PRTC_100fmol_100ng_60k_PRM_50cm_wtrap_01.mzml:4386.565:LLSDLC[+57.0214635]GTVMSTNDVEK+2	1	32551	8.625611	0.36130556	0.5455195	4.9231806	4.626149	0.029078579	0.014673778	7	0	1.6708132	-0.99924564	0.0	10.0	10.0	-1.5152287	0	17	0	1	0	0	941.4502593	1880.885966	73.10941	-.LLSDLC[+57.0214635]GTVMSTNDVEK.-	sp|Q61823|PDCD4_MOUSE	0.009163933354543	0.011447502507616822	0.011447502507616822
2023_05_31_mouse_tcell_100FC+PRTC_100fmol_100ng_60k_PRM_50cm_wtrap_01.mzml:4386.565:LLSDLC[+57.0214635]GTVMSTNDVEK+2	1	32551	8.625611	0.36130556	0.5455195	4.9231806	4.626149	0.029078579	0.014673778	7	0	1.6708132	-0.99924564	0.0	10.0	10.0	-1.5152287	0	17	0	1	0	0	941.4502593	1880.885966	73.10941	-.LLSDLC[+57.0214635]GTVMSTNDVEK.-	sp|Q61823|PDCD4_MOUSE	0.009163933354543	0.011466055996283947	0.011466055996283947
2023_05_31_mouse_tcell_100FC+PRTC_100fmol_100ng_60k_PRM_50cm_wtrap_01.mzml:4387.5:decoyMAEPMGQFPPTTEFGPNEIGQTNSDK+3	0	32558	3.6952887	0.08227185	-0.003007546	3.6952887	3.6992874	0.68526614	0.68925136	1	0	2.4280741	-1.8210557	0.0	10.0	10.0	-2.5761778	0	26	0	0	1	0	941.7581927	2822.252749	73.125	-.MAEPMGQFPPTTEFGPNEIGQTNSDK.-	DECOY_DECOY_sp|Q9D659|VISTA_MOUSE	-0.0870512877099519	-0.5743896932656656	1e-20
2023_05_31_mouse_tcell_100FC+PRTC_100fmol_100ng_60k_PRM_50cm_wtrap_01.mzml:4387.5:decoyMAEPMGQFPPTTEFGPNEIGQTNSDK+3	0	32558	3.6952887	0.08227185	-0.003007546	3.6952887	3.6992874	0.68526614	0.68925136	1	0	2.4280741	-1.8210557	0.0	10.0	10.0	-2.5761778	0	26	0	0	1	0	941.7581927	2822.252749	73.125	-.MAEPMGQFPPTTEFGPNEIGQTNSDK.-	DECOY_DECOY_sp|Q9D659|VISTA_MOUSE	-0.0870512877099519	-0.5695219840007023	1e-20
2023_05_31_mouse_tcell_100FC+PRTC_100fmol_100ng_60k_PRM_50cm_wtrap_01.mzml:4415.095:decoyAVESAFVAEASATSDIC[+57.0214635]NK+2	0	32762	3.7592785	-0.002389571	0.034858666	3.7592785	3.762308	0.93834865	0.944917	1	1	3.265955	2.4494662	0.0	10.0	10.0	-2.5601804	0	19	0	1	0	0	985.4622118	1968.909871	73.58492	-.AVESAFVAEASATSDIC[+57.0214635]NK.-	DECOY_DECOY_sp|P35550|FBRL_MOUSE	-0.126616659820495	-2.962062466103701	1e-20
2023_05_31_mouse_tcell_100FC+PRTC_100fmol_100ng_60k_PRM_50cm_wtrap_01.mzml:4430.1406:decoyFTIAPEKYVFEQEDLDGK+3	0	32873	4.5956345	0.31816736	0.31092116	4.2946043	4.1657624	0.41450405	0.37175584	2	0	1.3642508	0.9259217	0.5791461	5.0189347	-5.0189347	-3.0	1	18	0	0	1	0	710.352758	2128.036445	73.83568	-.FTIAPEKYVFEQEDLDGK.-	DECOY_DECOY_sp|Q8C147|DOCK8_MOUSE;DECOY_DECOY_sp|Q8R1A4|DOCK7_MOUSE	-0.0521858475637899	-0.15032639671360373	1e-20
2023_05_31_mouse_tcell_100FC+PRTC_100fmol_100ng_60k_PRM_50cm_wtrap_01.mzml:4463.009:GQNEDPGSLLTQFR+2	1	33116	5.4659057	0.2029153	0.33669317	5.1648755	4.8671985	0.2604835	0.13125114	2	0	3.0006158	1.861096	0.28321928	7.5912156	-7.5912156	-2.9137447	0	14	0	1	0	0	781.3838943	1560.753236	74.38348	-.GQNEDPGSLLTQFR.-	sp|P10852|4F2_MOUSE	-0.0307855667560899	-0.056857553913161246	1e-20
2023_05_31_mouse_tcell_100FC+PRTC_100fmol_100ng_60k_PRM_50cm_wtrap_01.mzml:4477.469:decoyAVESAFVAEASATSDIC[+57.0214635]NK+2	0	33223	3.9132912	0.1025787	0.100579575	3.9132912	3.9163206	0.8611127	0.8671404	1	1	0.8450961	-0.6338221	0.0	10.0	10.0	-2.5216773	0	19	0	1	0	0	985.4622118	1968.909871	74.62449	-.AVESAFVAEASATSDIC[+57.0214635]NK.-	DECOY_DECOY_sp|P35550|FBRL_MOUSE	-0.1128528746196249	-1.4052003097798456	1e-20
2023_05_31_mouse_tcell_100FC+PRTC_100fmol_100ng_60k_PRM_50cm_wtrap_01.mzml:4478.705:decoyGFQTLLSGPDENQR+2	0	33232	4.954328	0.029321533	0.33016273	4.954328	4.957681	0.62051016	0.6253192	1	0	2.1948106	-1.646108	0.0	10.0	10.0	-2.2614179	0	14	0	1	0	0	781.3838943	1560.753236	74.64509	-.GFQTLLSGPDENQR.-	DECOY_DECOY_sp|P10852|4F2_MOUSE	-0.0864393334373689	-0.5425298001109659	1e-20
2023_05_31_mouse_tcell_100FC+PRTC_100fmol_100ng_60k_PRM_50cm_wtrap_01.mzml:4501.0327:AVLVDLEPGTMDSVR+2	1	33397	8.743258	0.987273	1.4690709	5.885926	5.5879254	0.04525651	0.022786653	6	6	1.8203517	-1.3652638	0.32276297	2.035489	2.035489	-2.6062918	0	15	0	1	0	0	801.4138058	1600.813059	75.01721	-.AVLVDLEPGTMDSVR.-	sp|P68372|TBB4B_MOUSE;sp|Q9D6F9|TBB4A_MOUSE	0.005718318177229	0.00761127867727722	0.00761127867727722
2023_05_31_mouse_tcell_100FC+PRTC_100fmol_100ng_60k_PRM_50cm_wtrap_01.mzml:4505.5156:decoyAFAEEWVPSNTSYTR+2	0	33430	4.2852902	0.21470274	0.3805816	4.2852902	4.2883196	0.91305834	0.9194497	1	1	0.63497066	-0.476228	0.0	10.0	10.0	-2.4286776	0	15	0	1	0	0	879.4101043	1756.805656	75.09193	-.AFAEEWVPSNTSYTR.-	DECOY_DECOY_sp|Q3U7R1|ESYT1_MOUSE	-0.1211593083704799	-1.7006361102183725	1e-20
2023_05_31_mouse_tcell_100FC+PRTC_100fmol_100ng_60k_PRM_50cm_wtrap_01.mzml:4509.156:decoyYPIVVNGEIFGR+2	0	33457	4.540452	0.051588673	0.3766868	4.540452	4.543158	0.8800261	0.8837102	1	0	2.9246817	2.1935112	0.0	10.0	10.0	-2.8996978	0	12	0	1	0	0	682.3720653	1362.729578	75.152596	-.YPIVVNGEIFGR.-	DECOY_DECOY_sp|P15379|CD44_MOUSE	-0.125848801042359	-2.6987576223528094	1e-20
2023_05_31_mouse_tcell_100FC+PRTC_100fmol_100ng_60k_PRM_50cm_wtrap_01.mzml:4510.261:MDSNTQGIENPGFETTPPFQGMPEAK+3	1	33465	3.354992	0.123649694	0.41109502	3.354992	3.0579605	0.9632213	0.4860656	1	0	0.024152758	0.018114569	0.0	10.0	10.0	-2.5918462	0	26	0	0	1	0	941.7581927	2822.252749	75.17102	-.MDSNTQGIENPGFETTPPFQGMPEAK.-	sp|Q9D659|VISTA_MOUSE	-0.0888395241236709	-0.6178748884997651	1e-20
2023_05_31_mouse_tcell_100FC+PRTC_100fmol_100ng_60k_PRM_50cm_wtrap_01.mzml:4510.261:MDSNTQGIENPGFETTPPFQGMPEAK+3	1	33465	3.354992	0.123649694	0.41109502	3.354992	3.0579605	0.9632213	0.4860656	1	0	0.024152758	0.018114569	0.0	10.0	10.0	-2.5918462	0	26	0	0	1	0	941.7581927	2822.252749	75.17102	-.MDSNTQGIENPGFETTPPFQGMPEAK.-	sp|Q9D659|VISTA_MOUSE	-0.0888395241236709	-0.6123581484238744	1e-20
2023_05_31_mouse_tcell_100FC+PRTC_100fmol_100ng_60k_PRM_50cm_wtrap_01.mzml:4532.8506:TFSNDIMLLK+2	1	33632	12.856813	1.7434018	2.1484003	7.2970505	6.9985104	0.006720433	0.003379538	9	1	0.59970766	0.44978076	0.99257004	4.777592	4.164654	-2.376448	0	10	0	1	0	0	591.3153743	1180.616196	75.54751	-.TFSNDIMLLK.-	sp|P04187|GRAB_MOUSE	0.0101183919191169	0.012438532741334787	0.012438532741334787
2023_05_31_mouse_tcell_100FC+PRTC_100fmol_100ng_60k_PRM_50cm_wtrap_01.mzml:4532.8506:decoyTLLMIDNSFK+2	0	33632	6.1165953	0.08938862	0.20775644	5.815565	5.6763825	0.65712	0.3955785	2	0	0.48216924	0.36162692	0.99257004	4.777592	4.164654	-2.9033155	0	10	0	1	0	0	591.3153743	1180.616196	75.54751	-.TLLMIDNSFK.-	DECOY_DECOY_sp|P04187|GRAB_MOUSE	-0.0754809487366	-0.3859025988387761	1e-20
2023_05_31_mouse_tcell_100FC+PRTC_100fmol_100ng_60k_PRM_50cm_wtrap_01.mzml:4546.2524:decoyAKVESAFVAEASATSDIC[+57.0214635]NK+3	0	33731	4.565223	0.22294322	0.39399576	4.264193	4.2698026	0.42143708	0.42691576	2	0	2.6357982	-1.9768486	0.0	10.0	10.0	-3.0	1	20	0	0	1	0	700.0088877	2097.004834	75.770874	-.AKVESAFVAEASATSDIC[+57.0214635]NK.-	DECOY_DECOY_sp|P35550|FBRL_MOUSE	-0.05589083947748	-0.18282935625684132	1e-20
2023_05_31_mouse_tcell_100FC+PRTC_100fmol_100ng_60k_PRM_50cm_wtrap_01.mzml:4546.2524:decoyAKVESAFVAEASATSDIC[+57.0214635]NK+3	0	33731	4.565223	0.22294322	0.39399576	4.264193	4.2698026	0.42143708	0.42691576	2	0	2.6357982	-1.9768486	0.0	10.0	10.0	-3.0	1	20	0	0	1	0	700.0088877	2097.004834	75.770874	-.AKVESAFVAEASATSDIC[+57.0214635]NK.-	DECOY_DECOY_sp|P35550|FBRL_MOUSE	-0.05589083947748	-0.18360735351750876	1e-20
2023_05_31_mouse_tcell_100FC+PRTC_100fmol_100ng_60k_PRM_50cm_wtrap_01.mzml:4553.0015:decoyAVSDMTGPELDVLVR+2	0	33781	5.6663904	0.12413452	0.25810885	5.3653603	5.2550325	0.4080566	0.31001633	2	0	0.8116045	-0.6087034	0.0	10.0	10.0	-3.0	0	15	0	1	0	0	801.4138058	1600.813059	75.883354	-.AVSDMTGPELDVLVR.-	DECOY_DECOY_sp|P68372|TBB4B_MOUSE;DECOY_DECOY_sp|Q9D6F9|TBB4A_MOUSE	-0.0478226231604199	-0.12557505129198696	1e-20
2023_05_31_mouse_tcell_100FC+PRTC_100fmol_100ng_60k_PRM_50cm_wtrap_01.mzml:4560.0527:GQNEDPGSLLTQFR+2	1	33833	12.067893	2.0301404	3.4028926	6.5081296	6.2104526	0.003432565	0.001729584	9	5	0.43927753	-0.32945815	0.9995908	3.2169669	2.9422407	-2.140151	0	14	0	1	0	0	781.3838943	1560.753236	76.00088	-.GQNEDPGSLLTQFR.-	sp|P10852|4F2_MOUSE	0.018007160865697	0.019307678039330676	0.019307678039330676
2023_05_31_mouse_tcell_100FC+PRTC_100fmol_100ng_60k_PRM_50cm_wtrap_01.mzml:4570.2144:ANC[+57.0214635]IDSTASAEAVFASEVK+2	1	33908	9.488847	1.9146948	1.9291213	4.883326	4.5853257	0.018647399	0.009388967	8	8	1.5166324	-1.1374743	0.0	10.0	10.0	0.8408289	0	19	0	1	0	0	985.4622123	1968.909872	76.17024	-.ANC[+57.0214635]IDSTASAEAVFASEVK.-	sp|P35550|FBRL_MOUSE	0.02353502981985	0.023750383033887844	0.023750383033887844
2023_05_31_mouse_tcell_100FC+PRTC_100fmol_100ng_60k_PRM_50cm_wtrap_01.mzml:4589.1646:YGFIEGNVVIPR+2	1	34048	4.6034966	0.086542666	0.24686162	4.6034966	4.3051724	0.8828189	0.4441683	1	1	0.00766868	-0.00575151	0.0	10.0	10.0	-3.0	0	12	0	1	0	0	682.3720653	1362.729578	76.48608	-.YGFIEGNVVIPR.-	sp|P15379|CD44_MOUSE	-0.091872670837528	-0.6885990474424428	1e-20
2023_05_31_mouse_tcell_100FC+PRTC_100fmol_100ng_60k_PRM_50cm_wtrap_01.mzml:4589.5654:decoyLPFPVMNVAR+2	0	34051	6.8702917	0.225946	0.39574122	6.09214	5.9314666	0.6451392	0.36670858	3	0	3.7543066	2.45549	0.9734053	2.5033317	1.8521523	-2.4685116	0	10	0	1	0	0	572.3207943	1142.627036	76.49276	-.LPFPVMNVAR.-	DECOY_DECOY_sp|A2AQ07|TBB1_MOUSE;DECOY_DECOY_sp|P68372|TBB4B_MOUSE;DECOY_DECOY_sp|P99024|TBB5_MOUSE;DECOY_DECOY_sp|Q7TMM9|TBB2A_MOUSE;DECOY_DECOY_sp|Q922F4|TBB6_MOUSE;DECOY_DECOY_sp|Q9CWF2|TBB2B_MOUSE;DECOY_DECOY_sp|Q9D6F9|TBB4A_MOUSE;DECOY_DECOY_sp|Q9ERD7|TBB3_MOUSE	-0.07348261262822	-0.3636447240319606	1e-20
2023_05_31_mouse_tcell_100FC+PRTC_100fmol_100ng_60k_PRM_50cm_wtrap_01.mzml:4589.5654:decoyLPFPVMNVAR+2	0	34051	6.8702917	0.225946	0.39574122	6.09214	5.9314666	0.6451392	0.36670858	3	0	3.7543066	2.45549	0.9734053	2.5033317	1.8521523	-2.4685116	0	10	0	1	0	0	572.3207943	1142.627036	76.49276	-.LPFPVMNVAR.-	DECOY_DECOY_sp|A2AQ07|TBB1_MOUSE;DECOY_DECOY_sp|P68372|TBB4B_MOUSE;DECOY_DECOY_sp|P99024|TBB5_MOUSE;DECOY_DECOY_sp|Q7TMM9|TBB2A_MOUSE;DECOY_DECOY_sp|Q922F4|TBB6_MOUSE;DECOY_DECOY_sp|Q9CWF2|TBB2B_MOUSE;DECOY_DECOY_sp|Q9D6F9|TBB4A_MOUSE;DECOY_DECOY_sp|Q9ERD7|TBB3_MOUSE	-0.07348261262822	-0.3590416262594041	1e-20
2023_05_31_mouse_tcell_100FC+PRTC_100fmol_100ng_60k_PRM_50cm_wtrap_01.mzml:4589.5654:decoyLPFPVMNVAR+2	0	34051	6.8702917	0.225946	0.39574122	6.09214	5.9314666	0.6451392	0.36670858	3	0	3.7543066	2.45549	0.9734053	2.5033317	1.8521523	-2.4685116	0	10	0	1	0	0	572.3207943	1142.627036	76.49276	-.LPFPVMNVAR.-	DECOY_DECOY_sp|A2AQ07|TBB1_MOUSE;DECOY_DECOY_sp|P68372|TBB4B_MOUSE;DECOY_DECOY_sp|P99024|TBB5_MOUSE;DECOY_DECOY_sp|Q7TMM9|TBB2A_MOUSE;DECOY_DECOY_sp|Q922F4|TBB6_MOUSE;DECOY_DECOY_sp|Q9CWF2|TBB2B_MOUSE;DECOY_DECOY_sp|Q9D6F9|TBB4A_MOUSE;DECOY_DECOY_sp|Q9ERD7|TBB3_MOUSE	-0.07348261262822	-0.3567835028238104	1e-20
2023_05_31_mouse_tcell_100FC+PRTC_100fmol_100ng_60k_PRM_50cm_wtrap_01.mzml:4589.5654:decoyLPFPVMNVAR+2	0	34051	6.8702917	0.225946	0.39574122	6.09214	5.9314666	0.6451392	0.36670858	3	0	3.7543066	2.45549	0.9734053	2.5033317	1.8521523	-2.4685116	0	10	0	1	0	0	572.3207943	1142.627036	76.49276	-.LPFPVMNVAR.-	DECOY_DECOY_sp|A2AQ07|TBB1_MOUSE;DECOY_DECOY_sp|P68372|TBB4B_MOUSE;DECOY_DECOY_sp|P99024|TBB5_MOUSE;DECOY_DECOY_sp|Q7TMM9|TBB2A_MOUSE;DECOY_DECOY_sp|Q922F4|TBB6_MOUSE;DECOY_DECOY_sp|Q9CWF2|TBB2B_MOUSE;DECOY_DECOY_sp|Q9D6F9|TBB4A_MOUSE;DECOY_DECOY_sp|Q9ERD7|TBB3_MOUSE	-0.07348261262822	-0.361328515598636	1e-20
2023_05_31_mouse_tcell_100FC+PRTC_100fmol_100ng_60k_PRM_50cm_wtrap_01.mzml:4592.9395:decoyYPIVVNGEIFGR+2	0	34076	5.025777	0.16672392	0.39986315	4.7247467	4.7274528	0.4053088	0.40602586	2	0	1.0631465	-0.7973599	0.0	10.0	10.0	-2.6258967	0	12	0	1	0	0	682.3720653	1362.729578	76.54899	-.YPIVVNGEIFGR.-	DECOY_DECOY_sp|P15379|CD44_MOUSE	-0.0566543470535299	-0.1918296312514258	1e-20
2023_05_31_mouse_tcell_100FC+PRTC_100fmol_100ng_60k_PRM_50cm_wtrap_01.mzml:4593.3403:LAVNMVPFPR+2	1	34079	13.999293	1.8762045	2.5732093	7.43953	7.145073	0.000818	0.000415	10	6	0.90190274	0.67642707	0.99877226	4.999864	3.996971	-1.7620173	0	10	0	1	0	0	572.3207943	1142.627036	76.55567	-.LAVNMVPFPR.-	sp|A2AQ07|TBB1_MOUSE;sp|P68372|TBB4B_MOUSE;sp|P99024|TBB5_MOUSE;sp|Q7TMM9|TBB2A_MOUSE;sp|Q922F4|TBB6_MOUSE;sp|Q9CWF2|TBB2B_MOUSE;sp|Q9D6F9|TBB4A_MOUSE;sp|Q9ERD7|TBB3_MOUSE	0.01277475807213	0.014653957253617176	0.014653957253617176
2023_05_31_mouse_tcell_100FC+PRTC_100fmol_100ng_60k_PRM_50cm_wtrap_01.mzml:4593.3403:LAVNMVPFPR+2	1	34079	13.999293	1.8762045	2.5732093	7.43953	7.145073	0.000818	0.000415	10	6	0.90190274	0.67642707	0.99877226	4.999864	3.996971	-1.7620173	0	10	0	1	0	0	572.3207943	1142.627036	76.55567	-.LAVNMVPFPR.-	sp|A2AQ07|TBB1_MOUSE;sp|P68372|TBB4B_MOUSE;sp|P99024|TBB5_MOUSE;sp|Q7TMM9|TBB2A_MOUSE;sp|Q922F4|TBB6_MOUSE;sp|Q9CWF2|TBB2B_MOUSE;sp|Q9D6F9|TBB4A_MOUSE;sp|Q9ERD7|TBB3_MOUSE	0.01277475807213	0.014719571987588597	0.014719571987588597
2023_05_31_mouse_tcell_100FC+PRTC_100fmol_100ng_60k_PRM_50cm_wtrap_01.mzml:4593.3403:LAVNMVPFPR+2	1	34079	13.999293	1.8762045	2.5732093	7.43953	7.145073	0.000818	0.000415	10	6	0.90190274	0.67642707	0.99877226	4.999864	3.996971	-1.7620173	0	10	0	1	0	0	572.3207943	1142.627036	76.55567	-.LAVNMVPFPR.-	sp|A2AQ07|TBB1_MOUSE;sp|P68372|TBB4B_MOUSE;sp|P99024|TBB5_MOUSE;sp|Q7TMM9|TBB2A_MOUSE;sp|Q922F4|TBB6_MOUSE;sp|Q9CWF2|TBB2B_MOUSE;sp|Q9D6F9|TBB4A_MOUSE;sp|Q9ERD7|TBB3_MOUSE	0.01277475807213	0.014675763737625535	0.014675763737625535
2023_05_31_mouse_tcell_100FC+PRTC_100fmol_100ng_60k_PRM_50cm_wtrap_01.mzml:4593.3403:LAVNMVPFPR+2	1	34079	13.999293	1.8762045	2.5732093	7.43953	7.145073	0.000818	0.000415	10	6	0.90190274	0.67642707	0.99877226	4.999864	3.996971	-1.7620173	0	10	0	1	0	0	572.3207943	1142.627036	76.55567	-.LAVNMVPFPR.-	sp|A2AQ07|TBB1_MOUSE;sp|P68372|TBB4B_MOUSE;sp|P99024|TBB5_MOUSE;sp|Q7TMM9|TBB2A_MOUSE;sp|Q922F4|TBB6_MOUSE;sp|Q9CWF2|TBB2B_MOUSE;sp|Q9D6F9|TBB4A_MOUSE;sp|Q9ERD7|TBB3_MOUSE	0.01277475807213	0.014697635218605603	0.014697635218605603
2023_05_31_mouse_tcell_100FC+PRTC_100fmol_100ng_60k_PRM_50cm_wtrap_01.mzml:4606.4697:ATYSTNSPVWEEAFR+2	1	34176	12.5413685	2.1827981	3.4827504	5.9816046	5.6836042	0.000748	0.000377	10	9	0.35725093	-0.07289706	0.99198765	3.360533	3.360533	-1.697484	0	15	0	1	0	0	879.4101043	1756.805656	76.7745	-.ATYSTNSPVWEEAFR.-	sp|Q3U7R1|ESYT1_MOUSE	0.0237093355811599	0.02386389448325351	0.02386389448325351
2023_05_31_mouse_tcell_100FC+PRTC_100fmol_100ng_60k_PRM_50cm_wtrap_01.mzml:4612.2827:ELEEIVQPIISK+2	1	34219	13.403831	2.1674354	2.9801695	6.844067	6.5486465	0.003403075	0.001723657	10	6	0.26831782	0.19210884	0.99958885	3.6018589	2.904276	-1.7801023	0	12	0	1	0	0	699.3979498	1396.781347	76.871376	-.ELEEIVQPIISK.-	sp|P20029|BIP_MOUSE	0.017940976566696	0.019263468580652726	0.019263468580652726
2023_05_31_mouse_tcell_100FC+PRTC_100fmol_100ng_60k_PRM_50cm_wtrap_01.mzml:4612.2827:ELEEIVQPIISK+2	1	34219	13.403831	2.1674354	2.9801695	6.844067	6.5486465	0.003403075	0.001723657	10	6	0.26831782	0.19210884	0.99958885	3.6018589	2.904276	-1.7801023	0	12	0	1	0	0	699.3979498	1396.781347	76.871376	-.ELEEIVQPIISK.-	sp|P20029|BIP_MOUSE	0.017940976566696	0.01929029792407982	0.01929029792407982
2023_05_31_mouse_tcell_100FC+PRTC_100fmol_100ng_60k_PRM_50cm_wtrap_01.mzml:4626.936:decoyAVSDMTGPELDVLVR+2	0	34327	6.5216646	0.16323276	0.5378882	5.743513	5.7029448	0.30760944	0.3033081	3	0	3.1153386	1.0250642	0.8559908	6.7811437	-0.29265293	-2.533224	0	15	0	1	0	0	801.4138058	1600.813059	77.1156	-.AVSDMTGPELDVLVR.-	DECOY_DECOY_sp|P68372|TBB4B_MOUSE;DECOY_DECOY_sp|Q9D6F9|TBB4A_MOUSE	-0.0423100963062	-0.09635219571795399	1e-20
2023_05_31_mouse_tcell_100FC+PRTC_100fmol_100ng_60k_PRM_50cm_wtrap_01.mzml:4645.042:TFSNDIMLLK+2	1	34461	11.953484	0.9580958	1.1091833	6.39372	6.09518	0.011269286	0.005667042	9	0	0.7535308	-0.5651481	0.91716266	4.4354815	0.41949463	-2.5293956	0	10	0	1	0	0	591.3153743	1180.616196	77.417366	-.TFSNDIMLLK.-	sp|P04187|GRAB_MOUSE	0.005172053477152	0.006908002222078449	0.006908002222078449
2023_05_31_mouse_tcell_100FC+PRTC_100fmol_100ng_60k_PRM_50cm_wtrap_01.mzml:4646.4126:decoyTLLMIDNSFK+2	0	34471	6.093377	0.19888271	0.4550844	5.792347	5.7755194	0.5483572	0.53889936	2	0	0.2069739	-0.15523042	0.91716266	4.4354815	0.41949463	-3.0	0	10	0	1	0	0	591.3153743	1180.616196	77.44021	-.TLLMIDNSFK.-	DECOY_DECOY_sp|P04187|GRAB_MOUSE	-0.0784376214228699	-0.42643551928489837	1e-20
2023_05_31_mouse_tcell_100FC+PRTC_100fmol_100ng_60k_PRM_50cm_wtrap_01.mzml:4647.213:LAVNMVPFPR+2	1	34477	11.767917	1.1396369	1.6080465	6.2081532	5.9136963	0.013645333	0.006926712	9	1	0.98268634	-0.7370148	0.0	10.0	10.0	-2.4232264	0	10	0	1	0	0	572.3207943	1142.627036	77.453545	-.LAVNMVPFPR.-	sp|A2AQ07|TBB1_MOUSE;sp|P68372|TBB4B_MOUSE;sp|P99024|TBB5_MOUSE;sp|Q7TMM9|TBB2A_MOUSE;sp|Q922F4|TBB6_MOUSE;sp|Q9CWF2|TBB2B_MOUSE;sp|Q9D6F9|TBB4A_MOUSE;sp|Q9ERD7|TBB3_MOUSE	0.006883610313179	0.00896146233014197	0.00896146233014197
2023_05_31_mouse_tcell_100FC+PRTC_100fmol_100ng_60k_PRM_50cm_wtrap_01.mzml:4647.213:LAVNMVPFPR+2	1	34477	11.767917	1.1396369	1.6080465	6.2081532	5.9136963	0.013645333	0.006926712	9	1	0.98268634	-0.7370148	0.0	10.0	10.0	-2.4232264	0	10	0	1	0	0	572.3207943	1142.627036	77.453545	-.LAVNMVPFPR.-	sp|A2AQ07|TBB1_MOUSE;sp|P68372|TBB4B_MOUSE;sp|P99024|TBB5_MOUSE;sp|Q7TMM9|TBB2A_MOUSE;sp|Q922F4|TBB6_MOUSE;sp|Q9CWF2|TBB2B_MOUSE;sp|Q9D6F9|TBB4A_MOUSE;sp|Q9ERD7|TBB3_MOUSE	0.006883610313179	0.008946375693222538	0.008946375693222538
2023_05_31_mouse_tcell_100FC+PRTC_100fmol_100ng_60k_PRM_50cm_wtrap_01.mzml:4647.213:LAVNMVPFPR+2	1	34477	11.767917	1.1396369	1.6080465	6.2081532	5.9136963	0.013645333	0.006926712	9	1	0.98268634	-0.7370148	0.0	10.0	10.0	-2.4232264	0	10	0	1	0	0	572.3207943	1142.627036	77.453545	-.LAVNMVPFPR.-	sp|A2AQ07|TBB1_MOUSE;sp|P68372|TBB4B_MOUSE;sp|P99024|TBB5_MOUSE;sp|Q7TMM9|TBB2A_MOUSE;sp|Q922F4|TBB6_MOUSE;sp|Q9CWF2|TBB2B_MOUSE;sp|Q9D6F9|TBB4A_MOUSE;sp|Q9ERD7|TBB3_MOUSE	0.006883610313179	0.008976599935429371	0.008976599935429371
2023_05_31_mouse_tcell_100FC+PRTC_100fmol_100ng_60k_PRM_50cm_wtrap_01.mzml:4649.2505:decoyGFQTLLSGPDENQR+2	0	34492	5.113361	0.117684804	0.37389228	4.8123307	4.815684	0.4448192	0.44826654	2	0	1.1087958	-0.2800881	0.0	10.0	10.0	-2.2216597	0	14	0	1	0	0	781.3838943	1560.753236	77.48751	-.GFQTLLSGPDENQR.-	DECOY_DECOY_sp|P10852|4F2_MOUSE	-0.059790409940652	-0.22191440612588148	1e-20
2023_05_31_mouse_tcell_100FC+PRTC_100fmol_100ng_60k_PRM_50cm_wtrap_01.mzml:4662.924:ATYSTNSPVWEEAFR+2	1	34593	4.5636005	0.15895067	0.3384011	4.5636005	4.2656	0.7407544	0.37296984	1	1	0.26743087	-0.20057316	0.0	10.0	10.0	-3.0	0	15	0	1	0	0	879.4101043	1756.805656	77.7154	-.ATYSTNSPVWEEAFR.-	sp|Q3U7R1|ESYT1_MOUSE	-0.0727418322458299	-0.33829334032398	1e-20
2023_05_31_mouse_tcell_100FC+PRTC_100fmol_100ng_60k_PRM_50cm_wtrap_01.mzml:4665.0986:ELEEIVQPIISK+2	1	34609	9.3909	1.4890618	1.7203274	5.6884685	5.393048	0.036785744	0.01863198	7	7	1.9079701	-1.0921345	0.0	10.0	10.0	-2.5777307	0	12	0	1	0	0	699.3979498	1396.781347	77.75164	-.ELEEIVQPIISK.-	sp|P20029|BIP_MOUSE	0.008279791151244	0.010600329633101771	0.010600329633101771
2023_05_31_mouse_tcell_100FC+PRTC_100fmol_100ng_60k_PRM_50cm_wtrap_01.mzml:4665.0986:ELEEIVQPIISK+2	1	34609	9.3909	1.4890618	1.7203274	5.6884685	5.393048	0.036785744	0.01863198	7	7	1.9079701	-1.0921345	0.0	10.0	10.0	-2.5777307	0	12	0	1	0	0	699.3979498	1396.781347	77.75164	-.ELEEIVQPIISK.-	sp|P20029|BIP_MOUSE	0.008279791151244	0.01058277941847743	0.01058277941847743
2023_05_31_mouse_tcell_100FC+PRTC_100fmol_100ng_60k_PRM_50cm_wtrap_01.mzml:4665.2314:ANC[+57.0214635]IDSTASAEAVFASEVK+2	1	34610	4.0164084	0.2358115	0.5558696	4.0164084	3.7184079	0.92158633	0.46401873	1	1	2.8007371	2.1005528	0.464849	9.654916	9.654916	-2.772239	0	19	0	1	0	0	985.4622123	1968.909872	77.75386	-.ANC[+57.0214635]IDSTASAEAVFASEVK.-	sp|P35550|FBRL_MOUSE	-0.09079369184088	-0.6739685586649938	1e-20
2023_05_31_mouse_tcell_100FC+PRTC_100fmol_100ng_60k_PRM_50cm_wtrap_01.mzml:4671.5884:decoyQEGSSFQTEAMFK+2	0	34657	5.705481	0.3427875	0.37071148	4.3252697	4.330343	0.17105974	0.17306969	4	0	0.9137297	0.011744753	0.0	10.0	10.0	-2.9604647	0	13	0	1	0	0	745.3350243	1488.655496	77.85981	-.QEGSSFQTEAMFK.-	DECOY_DECOY_sp|Q60865|CAPR1_MOUSE	-0.0197602412527029	-0.031069055493048146	1e-20
2023_05_31_mouse_tcell_100FC+PRTC_100fmol_100ng_60k_PRM_50cm_wtrap_01.mzml:4671.5884:decoyQEGSSFQTEAMFK+2	0	34657	5.705481	0.3427875	0.37071148	4.3252697	4.330343	0.17105974	0.17306969	4	0	0.9137297	0.011744753	0.0	10.0	10.0	-2.9604647	0	13	0	1	0	0	745.3350243	1488.655496	77.85981	-.QEGSSFQTEAMFK.-	DECOY_DECOY_sp|Q60865|CAPR1_MOUSE	-0.0197602412527029	-0.031132461728748242	1e-20
2023_05_31_mouse_tcell_100FC+PRTC_100fmol_100ng_60k_PRM_50cm_wtrap_01.mzml:4672.6943:AVLVDLEPGTMDSVR+2	1	34665	13.709545	2.0741143	3.790255	7.149782	6.851782	0.001630504	0.000821	10	7	0.58139056	0.4360429	0.9991861	3.6961994	3.025711	-1.8422122	0	15	0	1	0	0	801.4138058	1600.813059	77.87824	-.AVLVDLEPGTMDSVR.-	sp|P68372|TBB4B_MOUSE;sp|Q9D6F9|TBB4A_MOUSE	0.0197661191118639	0.020455018705574975	0.020455018705574975
2023_05_31_mouse_tcell_100FC+PRTC_100fmol_100ng_60k_PRM_50cm_wtrap_01.mzml:4673.4956:YGFIEGNVVIPR+2	1	34671	12.431182	2.2352023	3.1587977	5.8714185	5.5730944	0.001095318	0.000551	10	10	0.9141099	0.0801196	0.96863604	2.6541233	-0.03822295	-1.5596611	0	12	0	1	0	0	682.3720653	1362.729578	77.891594	-.YGFIEGNVVIPR.-	sp|P15379|CD44_MOUSE	0.018244162368838	0.019453720094948806	0.019453720094948806
2023_05_31_mouse_tcell_100FC+PRTC_100fmol_100ng_60k_PRM_50cm_wtrap_01.mzml:4695.5747:LAVNMVPFPR+2	1	34834	9.91465	1.3195881	1.5286142	6.212219	5.9177623	0.042774726	0.021713521	7	7	0.8758559	0.15997374	0.0	10.0	10.0	-2.9723926	0	10	0	1	0	0	572.3207943	1142.627036	78.259575	-.LAVNMVPFPR.-	sp|A2AQ07|TBB1_MOUSE;sp|P68372|TBB4B_MOUSE;sp|P99024|TBB5_MOUSE;sp|Q7TMM9|TBB2A_MOUSE;sp|Q922F4|TBB6_MOUSE;sp|Q9CWF2|TBB2B_MOUSE;sp|Q9D6F9|TBB4A_MOUSE;sp|Q9ERD7|TBB3_MOUSE	0.003512227961709	0.004824626310390299	0.004824626310390299
2023_05_31_mouse_tcell_100FC+PRTC_100fmol_100ng_60k_PRM_50cm_wtrap_01.mzml:4740.415:QINPTLGSQEDFKDLLQSAK+3	1	35165	12.246955	1.5238347	2.3674378	5.6871915	5.391235	0.006993574	0.003537874	10	0	1.427999	0.49767327	0.969584	0.9750264	0.9750264	-1.7997577	1	20	0	0	1	0	744.7217357	2231.143378	79.00692	-.QINPTLGSQEDFKDLLQSAK.-	sp|P10852|4F2_MOUSE	0.017054922863366	0.018544225986645846	0.018544225986645846
2023_05_31_mouse_tcell_100FC+PRTC_100fmol_100ng_60k_PRM_50cm_wtrap_01.mzml:4740.415:QINPTLGSQEDFKDLLQSAK+3	1	35165	12.246955	1.5238347	2.3674378	5.6871915	5.391235	0.006993574	0.003537874	10	0	1.427999	0.49767327	0.969584	0.9750264	0.9750264	-1.7997577	1	20	0	0	1	0	744.7217357	2231.143378	79.00692	-.QINPTLGSQEDFKDLLQSAK.-	sp|P10852|4F2_MOUSE	0.017054922863366	0.018518144093556333	0.018518144093556333
2023_05_31_mouse_tcell_100FC+PRTC_100fmol_100ng_60k_PRM_50cm_wtrap_01.mzml:4748.805:QFMAETQFSSGEK+2	1	35227	4.5126534	0.311768	0.327657	4.211623	3.7847345	0.46452245	0.1893393	2	0	2.7953775	1.6022182	0.0	10.0	10.0	-3.0	0	13	0	1	0	0	745.3350243	1488.655496	79.14675	-.QFMAETQFSSGEK.-	sp|Q60865|CAPR1_MOUSE	-0.0465918520395499	-0.11678217459263808	1e-20
2023_05_31_mouse_tcell_100FC+PRTC_100fmol_100ng_60k_PRM_50cm_wtrap_01.mzml:4748.805:QFMAETQFSSGEK+2	1	35227	4.5126534	0.311768	0.327657	4.211623	3.7847345	0.46452245	0.1893393	2	0	2.7953775	1.6022182	0.0	10.0	10.0	-3.0	0	13	0	1	0	0	745.3350243	1488.655496	79.14675	-.QFMAETQFSSGEK.-	sp|Q60865|CAPR1_MOUSE	-0.0465918520395499	-0.11716257255548054	1e-20
2023_05_31_mouse_tcell_100FC+PRTC_100fmol_100ng_60k_PRM_50cm_wtrap_01.mzml:4755.426:decoyAFAEEWVPSNTSYTR+2	0	35276	0.0	-0.006484101	0.06292818	0.0	0.0	0.11399475	0.1147927	0	0	0.0	0.0	0.0	10.0	10.0	-3.0	0	15	0	1	0	0	879.4101043	1756.805656	79.257095	-.AFAEEWVPSNTSYTR.-	DECOY_DECOY_sp|Q3U7R1|ESYT1_MOUSE	-0.019254039448607	-0.030211622874643504	1e-20
2023_05_31_mouse_tcell_100FC+PRTC_100fmol_100ng_60k_PRM_50cm_wtrap_01.mzml:4812.9263:AILVDLEPGTMDSVR+2	1	35701	9.900389	1.4145808	1.7023448	6.1979575	5.9002805	0.02029453	0.010225906	7	6	1.0958475	0.037868038	0.0	10.0	10.0	-2.3914816	0	15	0	1	0	0	808.4216308	1614.828709	80.21544	-.AILVDLEPGTMDSVR.-	sp|P99024|TBB5_MOUSE;sp|Q7TMM9|TBB2A_MOUSE;sp|Q9CWF2|TBB2B_MOUSE;sp|Q9ERD7|TBB3_MOUSE	0.01210203950361	0.014198745435846382	0.014198745435846382
2023_05_31_mouse_tcell_100FC+PRTC_100fmol_100ng_60k_PRM_50cm_wtrap_01.mzml:4815.634:EENADFGGAELPVVC[+57.0214635]GNAQGFLDKEK+3	1	35721	4.030502	0.094385825	0.19022287	4.030502	3.7325013	0.8743679	0.4402442	1	0	0.30550882	0.22913162	0.55683464	9.035083	-9.035083	-2.2813983	1	26	0	0	1	0	932.1044684	2793.291576	80.26057	-.EENADFGGAELPVVC[+57.0214635]GNAQGFLDKEK.-	sp|O35892|SP100_MOUSE	-0.083212948773305	-0.468908003306507	1e-20
2023_05_31_mouse_tcell_100FC+PRTC_100fmol_100ng_60k_PRM_50cm_wtrap_01.mzml:4816.8745:decoyEEKDLFGQANGC[+57.0214635]VVPLEAGGFDANEK+3	0	35730	3.752388	0.05583219	0.7983913	3.752388	3.7554173	0.935978	0.922077	1	0	2.5997536	-1.9498152	0.55683464	9.03544	-9.03544	-2.561903	1	26	0	0	1	0	932.104468	2793.291575	80.28124	-.EEKDLFGQANGC[+57.0214635]VVPLEAGGFDANEK.-	DECOY_DECOY_sp|O35892|SP100_MOUSE	-0.12239083183837	-1.968452545400451	1e-20
2023_05_31_mouse_tcell_100FC+PRTC_100fmol_100ng_60k_PRM_50cm_wtrap_01.mzml:4819.5835:decoySGVPEPLFIC[+57.0214635]SYEGR+2	0	35750	4.343615	0.16597165	0.30519074	4.343615	4.3466444	0.94776833	0.94906944	1	1	0.16454636	-0.12340977	0.0	10.0	10.0	-2.6655073	0	15	0	1	0	0	855.9114253	1709.808298	80.32639	-.SGVPEPLFIC[+57.0214635]SYEGR.-	DECOY_DECOY_sp|P18572|BASI_MOUSE	-0.12662585955465	-3.0548488617559313	1e-20
2023_05_31_mouse_tcell_100FC+PRTC_100fmol_100ng_60k_PRM_50cm_wtrap_01.mzml:4819.985:LLSDLC[+57.0214635]GTVMSTNDVEK+2	1	35753	0.0	-0.002718183	-0.017760938	0.0	0.0	0.11573377	0.05840215	0	0	0.0	0.0	0.8472458	5.983662	5.983662	-3.0	0	17	0	1	0	0	941.4502593	1880.885966	80.333084	-.LLSDLC[+57.0214635]GTVMSTNDVEK.-	sp|Q61823|PDCD4_MOUSE	-0.0148462448385569	-0.022168860764731003	1e-20
2023_05_31_mouse_tcell_100FC+PRTC_100fmol_100ng_60k_PRM_50cm_wtrap_01.mzml:4819.985:LLSDLC[+57.0214635]GTVMSTNDVEK+2	1	35753	0.0	-0.002718183	-0.017760938	0.0	0.0	0.11573377	0.05840215	0	0	0.0	0.0	0.8472458	5.983662	5.983662	-3.0	0	17	0	1	0	0	941.4502593	1880.885966	80.333084	-.LLSDLC[+57.0214635]GTVMSTNDVEK.-	sp|Q61823|PDCD4_MOUSE	-0.0148462448385569	-0.02212606373622766	1e-20
2023_05_31_mouse_tcell_100FC+PRTC_100fmol_100ng_60k_PRM_50cm_wtrap_01.mzml:4826.7363:decoyLEVDNTSMVTGC[+57.0214635]LDSLK+2	0	35803	3.8473454	0.126998	0.116930105	3.8473454	3.851344	0.9167327	0.91550356	1	0	0.5760486	-0.43203646	0.5475732	1.6233889	1.6233889	-3.0	0	17	0	1	0	0	941.4502588	1880.885965	80.4456	-.LEVDNTSMVTGC[+57.0214635]LDSLK.-	DECOY_DECOY_sp|Q61823|PDCD4_MOUSE	-0.121845859135475	-1.9196939439303407	1e-20
2023_05_31_mouse_tcell_100FC+PRTC_100fmol_100ng_60k_PRM_50cm_wtrap_01.mzml:4826.7363:decoyLEVDNTSMVTGC[+57.0214635]LDSLK+2	0	35803	3.8473454	0.126998	0.116930105	3.8473454	3.851344	0.9167327	0.91550356	1	0	0.5760486	-0.43203646	0.5475732	1.6233889	1.6233889	-3.0	0	17	0	1	0	0	941.4502588	1880.885965	80.4456	-.LEVDNTSMVTGC[+57.0214635]LDSLK.-	DECOY_DECOY_sp|Q61823|PDCD4_MOUSE	-0.121845859135475	-1.8813000650517337	1e-20
2023_05_31_mouse_tcell_100FC+PRTC_100fmol_100ng_60k_PRM_50cm_wtrap_01.mzml:4848.125:ASGQAFELILSPR+2	1	35961	13.501406	2.0171747	3.362113	6.9416428	6.6439657	0.000863	0.000435	10	8	0.40569195	0.13202667	0.99985	3.5417945	3.1998403	-2.1502361	0	13	0	1	0	0	694.8802588	1387.745965	80.802086	-.ASGQAFELILSPR.-	sp|P54227|STMN1_MOUSE	0.01685088241033	0.018426177366536487	0.018426177366536487
2023_05_31_mouse_tcell_100FC+PRTC_100fmol_100ng_60k_PRM_50cm_wtrap_01.mzml:4848.125:ASGQAFELILSPR+2	1	35961	13.501406	2.0171747	3.362113	6.9416428	6.6439657	0.000863	0.000435	10	8	0.40569195	0.13202667	0.99985	3.5417945	3.1998403	-2.1502361	0	13	0	1	0	0	694.8802588	1387.745965	80.802086	-.ASGQAFELILSPR.-	sp|P54227|STMN1_MOUSE	0.01685088241033	0.018400114880869536	0.018400114880869536
2023_05_31_mouse_tcell_100FC+PRTC_100fmol_100ng_60k_PRM_50cm_wtrap_01.mzml:4862.2314:decoyMAEPMGQFPPTTEFGPNEIGQTNSDK+3	0	36065	3.4202976	0.19096959	0.42775616	3.4202976	3.4242964	0.9632213	0.96977764	1	1	0.18492377	-0.13869283	0.0	10.0	10.0	-2.6449256	0	26	0	0	1	0	941.7581927	2822.252749	81.03719	-.MAEPMGQFPPTTEFGPNEIGQTNSDK.-	DECOY_DECOY_sp|Q9D659|VISTA_MOUSE	-0.1229237955638999	-2.1088260038962385	1e-20
2023_05_31_mouse_tcell_100FC+PRTC_100fmol_100ng_60k_PRM_50cm_wtrap_01.mzml:4862.2314:decoyMAEPMGQFPPTTEFGPNEIGQTNSDK+3	0	36065	3.4202976	0.19096959	0.42775616	3.4202976	3.4242964	0.9632213	0.96977764	1	1	0.18492377	-0.13869283	0.0	10.0	10.0	-2.6449256	0	26	0	0	1	0	941.7581927	2822.252749	81.03719	-.MAEPMGQFPPTTEFGPNEIGQTNSDK.-	DECOY_DECOY_sp|Q9D659|VISTA_MOUSE	-0.1229237955638999	-2.0629819603332766	1e-20
2023_05_31_mouse_tcell_100FC+PRTC_100fmol_100ng_60k_PRM_50cm_wtrap_01.mzml:4868.182:DSC[+57.0214635]NGDSGSPLLC[+57.0214635]DGILR+2	1	36109	12.184565	2.2512019	3.5981035	5.624801	5.326908	0.001098352	0.000553	10	10	0.55324775	-0.30341718	0.9234658	2.8037329	-1.5135665	-1.490385	0	18	0	1	0	0	968.4303893	1934.846226	81.13637	-.DSC[+57.0214635]NGDSGSPLLC[+57.0214635]DGILR.-	sp|P11032|GRAA_MOUSE	0.025643051708612	0.025676311179051184	0.025676311179051184
2023_05_31_mouse_tcell_100FC+PRTC_100fmol_100ng_60k_PRM_50cm_wtrap_01.mzml:4892.2876:ASGQAFELILSPR+2	1	36287	10.580082	0.28965965	0.61769456	5.9745617	5.6768847	0.021138225	0.010651023	8	0	1.372522	-0.4201994	0.0	10.0	10.0	-2.5287156	0	13	0	1	0	0	694.8802588	1387.745965	81.538124	-.ASGQAFELILSPR.-	sp|P54227|STMN1_MOUSE	0.002917848049674	0.004022461954193443	0.004022461954193443
2023_05_31_mouse_tcell_100FC+PRTC_100fmol_100ng_60k_PRM_50cm_wtrap_01.mzml:4897.8354:SGEYSC[+57.0214635]IFLPEPVGR+2	1	36328	5.7513742	0.6426635	0.78053886	4.9732227	4.6752224	0.21928379	0.110409394	3	3	1.9103695	-1.4327772	0.0	10.0	10.0	-2.6291158	0	15	0	1	0	0	855.9114258	1709.808299	81.63059	-.SGEYSC[+57.0214635]IFLPEPVGR.-	sp|P18572|BASI_MOUSE	-0.0163858591869279	-0.024803692730016348	1e-20
2023_05_31_mouse_tcell_100FC+PRTC_100fmol_100ng_60k_PRM_50cm_wtrap_01.mzml:4904.719:ASGQAFELILSPR+2	1	36379	8.558227	0.23357783	0.45441547	5.700894	5.4032164	0.06806909	0.034298312	6	0	3.7320554	-0.8480667	0.0	10.0	10.0	-2.7906623	0	13	0	1	0	0	694.8802588	1387.745965	81.74532	-.ASGQAFELILSPR.-	sp|P54227|STMN1_MOUSE	-0.0059971476953339	-0.008448536534302501	1e-20
2023_05_31_mouse_tcell_100FC+PRTC_100fmol_100ng_60k_PRM_50cm_wtrap_01.mzml:4907.8286:decoyDLIGDC[+57.0214635]LLPSGSDGNC[+57.0214635]SR+2	0	36402	0.0	0.0	0.34449652	0.0	0.0	0.113314964	0.1141365	0	0	0.0	0.0	0.0	10.0	10.0	-3.0	0	18	0	1	0	0	968.4303883	1934.846224	81.79714	-.DLIGDC[+57.0214635]LLPSGSDGNC[+57.0214635]SR.-	DECOY_DECOY_sp|P11032|GRAA_MOUSE	-0.0173653733584359	-0.02654666976774755	1e-20
2023_05_31_mouse_tcell_100FC+PRTC_100fmol_100ng_60k_PRM_50cm_wtrap_01.mzml:4948.89:EENADFGGAELPVVC[+57.0214635]GNAQGFLDKEK+3	1	36705	3.9910967	0.24853398	0.5760321	3.9910967	3.6930962	0.8403051	0.4230936	1	1	1.6456527	1.2342395	0.0	10.0	10.0	-2.3133094	1	26	0	0	1	0	932.1044684	2793.291576	82.4815	-.EENADFGGAELPVVC[+57.0214635]GNAQGFLDKEK.-	sp|O35892|SP100_MOUSE	-0.0781489618467399	-0.4189652676783556	1e-20
2023_05_31_mouse_tcell_100FC+PRTC_100fmol_100ng_60k_PRM_50cm_wtrap_01.mzml:4955.1074:decoyGRFQTLLSGPDENQR+3	0	36751	5.6215944	0.02432043	0.2831835	4.8434434	4.6467943	0.32372215	0.20490466	3	0	3.721349	-2.5885067	0.0	10.0	10.0	-2.5053253	1	15	0	0	1	0	573.2920587	1716.854347	82.58512	-.GRFQTLLSGPDENQR.-	DECOY_DECOY_sp|P10852|4F2_MOUSE	-0.03701407788076	-0.0757954061643149	1e-20
2023_05_31_mouse_tcell_100FC+PRTC_100fmol_100ng_60k_PRM_50cm_wtrap_01.mzml:4955.1074:decoyGRFQTLLSGPDENQR+3	0	36751	5.6215944	0.02432043	0.2831835	4.8434434	4.6467943	0.32372215	0.20490466	3	0	3.721349	-2.5885067	0.0	10.0	10.0	-2.5053253	1	15	0	0	1	0	573.2920587	1716.854347	82.58512	-.GRFQTLLSGPDENQR.-	DECOY_DECOY_sp|P10852|4F2_MOUSE	-0.03701407788076	-0.07559488921679026	1e-20
2023_05_31_mouse_tcell_100FC+PRTC_100fmol_100ng_60k_PRM_50cm_wtrap_01.mzml:4955.1074:decoyGRFQTLLSGPDENQR+3	0	36751	5.6215944	0.02432043	0.2831835	4.8434434	4.6467943	0.32372215	0.20490466	3	0	3.721349	-2.5885067	0.0	10.0	10.0	-2.5053253	1	15	0	0	1	0	573.2920587	1716.854347	82.58512	-.GRFQTLLSGPDENQR.-	DECOY_DECOY_sp|P10852|4F2_MOUSE	-0.03701407788076	-0.07539543040619187	1e-20
2023_05_31_mouse_tcell_100FC+PRTC_100fmol_100ng_60k_PRM_50cm_wtrap_01.mzml:4955.1074:decoyGRFQTLLSGPDENQR+3	0	36751	5.6215944	0.02432043	0.2831835	4.8434434	4.6467943	0.32372215	0.20490466	3	0	3.721349	-2.5885067	0.0	10.0	10.0	-2.5053253	1	15	0	0	1	0	573.2920587	1716.854347	82.58512	-.GRFQTLLSGPDENQR.-	DECOY_DECOY_sp|P10852|4F2_MOUSE	-0.03701407788076	-0.07599698969134766	1e-20
2023_05_31_mouse_tcell_100FC+PRTC_100fmol_100ng_60k_PRM_50cm_wtrap_01.mzml:4961.1846:AILVDLEPGTMDSVR+2	1	36796	13.923508	2.090945	3.4835024	7.3637447	7.0660677	0.001807479	0.000911	10	7	0.19141482	0.13358961	0.9993658	3.4431198	2.7384193	-2.056383	0	15	0	1	0	0	808.4216308	1614.828709	82.68641	-.AILVDLEPGTMDSVR.-	sp|P99024|TBB5_MOUSE;sp|Q7TMM9|TBB2A_MOUSE;sp|Q9CWF2|TBB2B_MOUSE;sp|Q9ERD7|TBB3_MOUSE	0.0200127179423789	0.020682487619165343	0.020682487619165343
2023_05_31_mouse_tcell_100FC+PRTC_100fmol_100ng_60k_PRM_50cm_wtrap_01.mzml:4961.1846:decoyAVSDMTGPELDVLIR+2	0	36796	5.7521358	0.024154048	0.1449461	5.4511056	5.454458	0.43560648	0.4389825	2	0	0.5598352	-0.29710466	0.9993658	3.4431198	2.7384193	-2.061966	0	15	0	1	0	0	808.4216308	1614.828709	82.68641	-.AVSDMTGPELDVLIR.-	DECOY_DECOY_sp|P99024|TBB5_MOUSE;DECOY_DECOY_sp|Q7TMM9|TBB2A_MOUSE;DECOY_DECOY_sp|Q9CWF2|TBB2B_MOUSE;DECOY_DECOY_sp|Q9ERD7|TBB3_MOUSE	-0.0593498312366439	-0.2171472498326497	1e-20
2023_05_31_mouse_tcell_100FC+PRTC_100fmol_100ng_60k_PRM_50cm_wtrap_01.mzml:4963.22:DSC[+57.0214635]NGDSGSPLLC[+57.0214635]DGILR+2	1	36811	0.0	-0.001666667	0.37331936	0.0	0.0	0.113314964	0.05706825	0	0	0.0	0.0	0.0	10.0	10.0	-3.0	0	18	0	1	0	0	968.4303893	1934.846226	82.72034	-.DSC[+57.0214635]NGDSGSPLLC[+57.0214635]DGILR.-	sp|P11032|GRAA_MOUSE	-0.0132031441886449	-0.01956396797242584	1e-20
2023_05_31_mouse_tcell_100FC+PRTC_100fmol_100ng_60k_PRM_50cm_wtrap_01.mzml:4963.22:decoyDLIGDC[+57.0214635]LLPSGSDGNC[+57.0214635]SR+2	0	36811	0.0	-0.001320372	0.117798924	0.0	0.0	0.113314964	0.1141365	0	0	0.0	0.0	0.0	10.0	10.0	-3.0	0	18	0	1	0	0	968.4303883	1934.846224	82.72034	-.DLIGDC[+57.0214635]LLPSGSDGNC[+57.0214635]SR.-	DECOY_DECOY_sp|P11032|GRAA_MOUSE	-0.017432002627732	-0.026754485146340167	1e-20
2023_05_31_mouse_tcell_100FC+PRTC_100fmol_100ng_60k_PRM_50cm_wtrap_01.mzml:4976.7534:SGEYSC[+57.0214635]IFLPEPVGR+2	1	36911	12.866352	2.018202	3.2130215	6.306589	6.008589	0.001227772	0.000618	10	8	0.57287514	-0.34665734	0.9943256	3.9031823	3.9031823	-1.3613558	0	15	0	1	0	0	855.9114258	1709.808299	82.94589	-.SGEYSC[+57.0214635]IFLPEPVGR.-	sp|P18572|BASI_MOUSE	0.021824558935192	0.022169157234168718	0.022169157234168718
2023_05_31_mouse_tcell_100FC+PRTC_100fmol_100ng_60k_PRM_50cm_wtrap_01.mzml:4977.955:decoySGVPEPLFIC[+57.0214635]SYEGR+2	0	36920	4.730795	0.09464159	0.517724	4.730795	4.4327946	1.0045055	0.5580483	1	0	0.34371015	-0.2577826	0.9959716	2.9523284	2.9523284	-2.4222527	0	15	0	1	0	0	855.9114253	1709.808298	82.96592	-.SGVPEPLFIC[+57.0214635]SYEGR.-	DECOY_DECOY_sp|P18572|BASI_MOUSE	-0.10430992730037	-1.1341868151533188	1e-20
2023_05_31_mouse_tcell_100FC+PRTC_100fmol_100ng_60k_PRM_50cm_wtrap_01.mzml:4987.4595:MDSNTQGIENPGFETTPPFQGMPEAK+3	1	36990	5.6680436	0.83237344	0.57125866	4.2878323	3.990801	0.080244206	0.040493235	4	4	1.9840494	1.0558488	0.0	10.0	10.0	-0.25207043	0	26	0	0	1	0	941.7581927	2822.252749	83.12432	-.MDSNTQGIENPGFETTPPFQGMPEAK.-	sp|Q9D659|VISTA_MOUSE	0.007088288703461	0.00916609527482729	0.00916609527482729
2023_05_31_mouse_tcell_100FC+PRTC_100fmol_100ng_60k_PRM_50cm_wtrap_01.mzml:4987.4595:MDSNTQGIENPGFETTPPFQGMPEAK+3	1	36990	5.6680436	0.83237344	0.57125866	4.2878323	3.990801	0.080244206	0.040493235	4	4	1.9840494	1.0558488	0.0	10.0	10.0	-0.25207043	0	26	0	0	1	0	941.7581927	2822.252749	83.12432	-.MDSNTQGIENPGFETTPPFQGMPEAK.-	sp|Q9D659|VISTA_MOUSE	0.007088288703461	0.009181474629315255	0.009181474629315255
2023_05_31_mouse_tcell_100FC+PRTC_100fmol_100ng_60k_PRM_50cm_wtrap_01.mzml:4992.602:decoyLEVDNTSMVTGC[+57.0214635]LDSLK+2	0	37028	3.945471	0.15823017	0.14769667	3.945471	3.9494698	0.9167327	0.91550356	1	1	0.26073512	0.19555135	0.0	10.0	10.0	-3.0	0	17	0	1	0	0	941.4502588	1880.885965	83.21004	-.LEVDNTSMVTGC[+57.0214635]LDSLK.-	DECOY_DECOY_sp|Q61823|PDCD4_MOUSE	-0.12092454217309	-1.6377850273267627	1e-20
2023_05_31_mouse_tcell_100FC+PRTC_100fmol_100ng_60k_PRM_50cm_wtrap_01.mzml:4992.602:decoyLEVDNTSMVTGC[+57.0214635]LDSLK+2	0	37028	3.945471	0.15823017	0.14769667	3.945471	3.9494698	0.9167327	0.91550356	1	1	0.26073512	0.19555135	0.0	10.0	10.0	-3.0	0	17	0	1	0	0	941.4502588	1880.885965	83.21004	-.LEVDNTSMVTGC[+57.0214635]LDSLK.-	DECOY_DECOY_sp|Q61823|PDCD4_MOUSE	-0.12092454217309	-1.6670311885290263	1e-20
2023_05_31_mouse_tcell_100FC+PRTC_100fmol_100ng_60k_PRM_50cm_wtrap_01.mzml:5017.104:decoyAVSDMTGPELDVLIR+2	0	37209	5.6700034	0.06187767	0.116442785	5.3689733	5.372326	0.5224718	0.52652097	2	0	0.7790391	-0.5842793	0.0	10.0	10.0	-2.082499	0	15	0	1	0	0	808.4216308	1614.828709	83.6184	-.AVSDMTGPELDVLIR.-	DECOY_DECOY_sp|P99024|TBB5_MOUSE;DECOY_DECOY_sp|Q7TMM9|TBB2A_MOUSE;DECOY_DECOY_sp|Q9CWF2|TBB2B_MOUSE;DECOY_DECOY_sp|Q9ERD7|TBB3_MOUSE	-0.0697444370122549	-0.3148696220670221	1e-20
2023_05_31_mouse_tcell_100FC+PRTC_100fmol_100ng_60k_PRM_50cm_wtrap_01.mzml:5035.8:FDYYMPVIAGC[+57.0214635]R+2	1	37347	8.852385	1.305504	1.5122987	5.1499543	4.850982	0.01782121	0.00895293	7	5	0.71207476	-0.195092	0.0	10.0	10.0	0.027410984	0	12	0	1	0	0	746.3415898	1490.668627	83.93	-.FDYYMPVIAGC[+57.0214635]R.-	sp|P03958|ADA_MOUSE	0.012743144400232	0.014727107001465723	0.014727107001465723
2023_05_31_mouse_tcell_100FC+PRTC_100fmol_100ng_60k_PRM_50cm_wtrap_01.mzml:5048.6357:LNMEAINYMAADGDFK+2	1	37442	4.7067075	0.07817008	0.06899489	4.7067075	4.4093533	0.8440366	0.42560545	1	0	0.28197196	-0.21147898	0.0	10.0	10.0	-3.0	0	16	0	1	0	0	901.9080258	1801.801499	84.14393	-.LNMEAINYMAADGDFK.-	sp|P16045|LEG1_MOUSE	-0.0833281919165799	-0.47301003058529184	1e-20
2023_05_31_mouse_tcell_100FC+PRTC_100fmol_100ng_60k_PRM_50cm_wtrap_01.mzml:5070.422:decoyEEKDLFGQANGC[+57.0214635]VVPLEAGGFDANEK+3	0	37603	0.0	0.0	0.23752844	0.0	0.0	0.107683316	0.08798428	0	0	0.0	0.0	0.0	10.0	10.0	-3.0	1	26	0	0	1	0	932.104468	2793.291575	84.507034	-.EEKDLFGQANGC[+57.0214635]VVPLEAGGFDANEK.-	DECOY_DECOY_sp|O35892|SP100_MOUSE	-0.0121317426249239	-0.01787348340923903	1e-20
2023_05_31_mouse_tcell_100FC+PRTC_100fmol_100ng_60k_PRM_50cm_wtrap_01.mzml:5076.946:decoyMTSIIAGAEEIR+2	0	37651	4.631032	0.24805352	0.4869521	4.631032	4.639845	0.9795451	0.9996256	1	1	0.41152188	-0.3086414	0.0	10.0	10.0	-3.0	0	12	0	1	0	0	645.8397453	1289.664938	84.61576	-.MTSIIAGAEEIR.-	DECOY_DECOY_sp|Q91V12|BACH_MOUSE	-0.13805034399746	-15.224980795148445	1e-20
2023_05_31_mouse_tcell_100FC+PRTC_100fmol_100ng_60k_PRM_50cm_wtrap_01.mzml:5101.7075:decoyGISVEPALPRANPDVFPLASPETK+3	0	37834	4.3080635	-0.000733	0.37005135	4.3080635	4.3166637	0.94549847	0.9248222	1	1	1.2148821	0.9111616	0.0	10.0	10.0	-2.8834624	1	24	0	0	1	0	835.7831064	2504.32749	85.02846	-.GISVEPALPRANPDVFPLASPETK.-	DECOY_DECOY_sp|B2RQC6|PYR1_MOUSE	-0.1240572965742799	-2.5884387285228128	1e-20
2023_05_31_mouse_tcell_100FC+PRTC_100fmol_100ng_60k_PRM_50cm_wtrap_01.mzml:5101.7075:decoyGISVEPALPRANPDVFPLASPETK+3	0	37834	4.3080635	-0.000733	0.37005135	4.3080635	4.3166637	0.94549847	0.9248222	1	1	1.2148821	0.9111616	0.0	10.0	10.0	-2.8834624	1	24	0	0	1	0	835.7831064	2504.32749	85.02846	-.GISVEPALPRANPDVFPLASPETK.-	DECOY_DECOY_sp|B2RQC6|PYR1_MOUSE	-0.1240572965742799	-2.520321919877476	1e-20
2023_05_31_mouse_tcell_100FC+PRTC_100fmol_100ng_60k_PRM_50cm_wtrap_01.mzml:5113.3486:LNMEAINYMAADGDFK+2	1	37920	12.485191	2.0605955	2.8761468	5.9254284	5.628074	0.002540384	0.001280989	10	10	2.226138	-1.1670191	0.96719295	3.7688878	3.7688878	-1.9556377	0	16	0	1	0	0	901.9080258	1801.801499	85.22248	-.LNMEAINYMAADGDFK.-	sp|P16045|LEG1_MOUSE	0.021822447938291	0.022196218456338145	0.022196218456338145
2023_05_31_mouse_tcell_100FC+PRTC_100fmol_100ng_60k_PRM_50cm_wtrap_01.mzml:5117.705:decoyLFDGDAAMYNIAEMNK+2	0	37952	4.521945	0.12877716	0.21473576	4.521945	4.525621	0.9401058	0.94809663	1	0	0.20894146	-0.1567061	0.9911954	3.701794	3.701794	-2.3695138	0	16	0	1	0	0	901.9080258	1801.801499	85.29508	-.LFDGDAAMYNIAEMNK.-	DECOY_DECOY_sp|P16045|LEG1_MOUSE	-0.12648785098157	-2.8720182634638833	1e-20
2023_05_31_mouse_tcell_100FC+PRTC_100fmol_100ng_60k_PRM_50cm_wtrap_01.mzml:5123.531:decoyFC[+57.0214635]GAIVPMYYDR+2	0	37995	0.0	0.0	0.20215636	0.0	0.0	0.14946032	0.15017025	0	0	0.0	0.0	0.0	10.0	10.0	-3.0	0	12	0	1	0	0	746.3415893	1490.668626	85.39218	-.FC[+57.0214635]GAIVPMYYDR.-	DECOY_DECOY_sp|P03958|ADA_MOUSE	-0.0275002404311099	-0.0471781902507041	1e-20
2023_05_31_mouse_tcell_100FC+PRTC_100fmol_100ng_60k_PRM_50cm_wtrap_01.mzml:5136.9473:GTEPSALPFVDPNARPLAPEVSIK+3	1	38094	12.539229	1.094174	1.6273639	5.979466	5.687036	0.005298311	0.002702139	10	3	0.58870846	0.069522634	0.97991574	1.5175066	1.4403225	-1.3441837	0	24	0	0	1	0	835.7831064	2504.32749	85.61579	-.GTEPSALPFVDPNARPLAPEVSIK.-	sp|B2RQC6|PYR1_MOUSE	0.018494150169104	0.01950475946796214	0.01950475946796214
2023_05_31_mouse_tcell_100FC+PRTC_100fmol_100ng_60k_PRM_50cm_wtrap_01.mzml:5136.9473:GTEPSALPFVDPNARPLAPEVSIK+3	1	38094	12.539229	1.094174	1.6273639	5.979466	5.687036	0.005298311	0.002702139	10	3	0.58870846	0.069522634	0.97991574	1.5175066	1.4403225	-1.3441837	0	24	0	0	1	0	835.7831064	2504.32749	85.61579	-.GTEPSALPFVDPNARPLAPEVSIK.-	sp|B2RQC6|PYR1_MOUSE	0.018494150169104	0.019531441765455935	0.019531441765455935
2023_05_31_mouse_tcell_100FC+PRTC_100fmol_100ng_60k_PRM_50cm_wtrap_01.mzml:5143.8726:decoyRALDTTVPLPPGPPL+2	0	38145	3.9179373	0.110429674	0.1010042	3.9179373	3.9208589	0.92603326	0.93228394	1	1	0.124352925	-0.09326469	0.0	10.0	10.0	-2.7723424	1	15	0	1	0	0	772.4457668	1542.876981	85.73121	-.RALDTTVPLPPGPPL.-	DECOY_DECOY_sp|Q9JL26|FMNL1_MOUSE	-0.127416459772372	-3.783288728625815	1e-20
2023_05_31_mouse_tcell_100FC+PRTC_100fmol_100ng_60k_PRM_50cm_wtrap_01.mzml:5163.5483:FDYYMPVIAGC[+57.0214635]R+2	1	38290	5.3170996	0.17681903	0.18618806	5.0160694	4.7170978	0.3230486	0.16229156	2	0	4.562548	0.98275065	0.0	10.0	10.0	-1.9549925	0	12	0	1	0	0	746.3415898	1490.668627	86.059135	-.FDYYMPVIAGC[+57.0214635]R.-	sp|P03958|ADA_MOUSE	-0.0363875143595399	-0.07373008158940893	1e-20
2023_05_31_mouse_tcell_100FC+PRTC_100fmol_100ng_60k_PRM_50cm_wtrap_01.mzml:5169.231:decoyFC[+57.0214635]GAIVPMYYDR+2	0	38332	0.0	-0.005413252	0.08087102	0.0	0.0	0.14946032	0.15017025	0	0	0.0	0.0	0.0	10.0	10.0	-3.0	0	12	0	1	0	0	746.3415893	1490.668626	86.15385	-.FC[+57.0214635]GAIVPMYYDR.-	DECOY_DECOY_sp|P03958|ADA_MOUSE	-0.027573157150774	-0.047408635457455515	1e-20
2023_05_31_mouse_tcell_100FC+PRTC_100fmol_100ng_60k_PRM_50cm_wtrap_01.mzml:5172.7397:LGDLLISQFSGSNAEQMR+2	1	38358	7.704184	1.1758664	1.4716474	4.8468513	4.547663	0.033512414	0.016827423	6	6	1.6380771	0.04200089	0.0	10.0	10.0	-1.3448033	0	18	0	1	0	0	983.4885643	1964.962576	86.212326	-.LGDLLISQFSGSNAEQMR.-	sp|Q60875|ARHG2_MOUSE	0.013094545588013	0.014844330681271712	0.014844330681271712
2023_05_31_mouse_tcell_100FC+PRTC_100fmol_100ng_60k_PRM_50cm_wtrap_01.mzml:5186.6953:GTEPSALPFVDPNARPLAPEVSIK+3	1	38461	4.9277067	0.07607345	0.090965904	4.9277067	4.6352773	0.5831535	0.29740825	1	0	0.12385876	-0.09289407	0.0	10.0	10.0	-3.0	0	24	0	0	1	0	835.7831064	2504.32749	86.44492	-.GTEPSALPFVDPNARPLAPEVSIK.-	sp|B2RQC6|PYR1_MOUSE	-0.0563471981775019	-0.1866954377383325	1e-20
2023_05_31_mouse_tcell_100FC+PRTC_100fmol_100ng_60k_PRM_50cm_wtrap_01.mzml:5195.405:decoyLMQEANSGSFQSILLDGR+2	0	38525	0.0	-0.003806862	-0.017240359	0.0	0.0	0.119466774	0.11997452	0	0	0.0	0.0	0.0	10.0	10.0	-2.4511504	0	18	0	1	0	0	983.4885643	1964.962576	86.59008	-.LMQEANSGSFQSILLDGR.-	DECOY_DECOY_sp|Q60875|ARHG2_MOUSE	-0.0175015808162229	-0.026968503772702754	1e-20
2023_05_31_mouse_tcell_100FC+PRTC_100fmol_100ng_60k_PRM_50cm_wtrap_01.mzml:5197.009:GTEPSALPFVDPNARPLAPEVSIK+3	1	38537	4.858477	0.074237324	0.10493131	4.858477	4.566047	0.5831535	0.29740825	1	0	1.8165097	-1.3623823	0.0	10.0	10.0	-3.0	0	24	0	0	1	0	835.7831064	2504.32749	86.61681	-.GTEPSALPFVDPNARPLAPEVSIK.-	sp|B2RQC6|PYR1_MOUSE	-0.0572231640932719	-0.1989922643243509	1e-20
2023_05_31_mouse_tcell_100FC+PRTC_100fmol_100ng_60k_PRM_50cm_wtrap_01.mzml:5206.5137:NSSYFVEWIPNNVK+2	1	38607	13.521357	1.9020793	3.2669315	6.9615936	6.663809	0.004396583	0.002214779	10	3	0.24807553	0.07458455	0.9975036	3.1122189	2.586407	-2.0325851	0	14	0	1	0	0	848.9201068	1695.825661	86.77523	-.NSSYFVEWIPNNVK.-	sp|P68372|TBB4B_MOUSE;sp|P99024|TBB5_MOUSE;sp|Q7TMM9|TBB2A_MOUSE;sp|Q922F4|TBB6_MOUSE;sp|Q9CWF2|TBB2B_MOUSE;sp|Q9D6F9|TBB4A_MOUSE;sp|Q9ERD7|TBB3_MOUSE	0.01930832278382	0.020061945072825087	0.020061945072825087
2023_05_31_mouse_tcell_100FC+PRTC_100fmol_100ng_60k_PRM_50cm_wtrap_01.mzml:5206.5137:decoyNVNNPIWEVFYSSK+2	0	38607	6.3899736	0.099791884	0.4541743	5.6118226	5.6150675	0.29884833	0.3010897	3	0	3.542978	-2.123016	0.9975036	3.1122189	2.586407	-1.9025066	0	14	0	1	0	0	848.9201068	1695.825661	86.77523	-.NVNNPIWEVFYSSK.-	DECOY_DECOY_sp|P68372|TBB4B_MOUSE;DECOY_DECOY_sp|P99024|TBB5_MOUSE;DECOY_DECOY_sp|Q7TMM9|TBB2A_MOUSE;DECOY_DECOY_sp|Q922F4|TBB6_MOUSE;DECOY_DECOY_sp|Q9CWF2|TBB2B_MOUSE;DECOY_DECOY_sp|Q9D6F9|TBB4A_MOUSE;DECOY_DECOY_sp|Q9ERD7|TBB3_MOUSE	-0.0387474460327419	-0.08217864927823282	1e-20
2023_05_31_mouse_tcell_100FC+PRTC_100fmol_100ng_60k_PRM_50cm_wtrap_01.mzml:5210.0225:QIPC[+57.0214635]IVSMLTK+2	1	38633	8.797977	1.6627152	1.6756763	5.095547	4.8006625	0.014912426	0.007562464	7	3	0.47631022	-0.08575709	0.9574793	2.1650872	2.1650872	-1.5568104	0	11	0	1	0	0	645.3514348	1288.688317	86.83371	-.QIPC[+57.0214635]IVSMLTK.-	sp|P70677|CASP3_MOUSE	0.009097668643728	0.011438762529247581	0.011438762529247581
2023_05_31_mouse_tcell_100FC+PRTC_100fmol_100ng_60k_PRM_50cm_wtrap_01.mzml:5210.0225:QIPC[+57.0214635]IVSMLTK+2	1	38633	8.797977	1.6627152	1.6756763	5.095547	4.8033304	0.014912426	0.007609065	7	3	0.47631022	-0.08575709	0.9574793	2.1650872	2.1650872	-1.5188088	0	11	0	1	0	0	645.3514348	1288.688317	86.83371	-.QIPC[+57.0214635]IVSMLTK.-	sp|P70677|CASP3_MOUSE	0.009140850182351	0.011474368033780442	0.011474368033780442
2023_05_31_mouse_tcell_100FC+PRTC_100fmol_100ng_60k_PRM_50cm_wtrap_01.mzml:5210.0225:QIPC[+57.0214635]IVSMLTK+2	1	38633	8.797977	1.6627152	1.6756763	5.095547	4.8033304	0.014912426	0.007609065	7	3	0.47631022	-0.08575709	0.9574793	2.1650872	2.1650872	-1.5188088	0	11	0	1	0	0	645.3514348	1288.688317	86.83371	-.QIPC[+57.0214635]IVSMLTK.-	sp|P70677|CASP3_MOUSE	0.009140850182351	0.011455740812946383	0.011455740812946383
2023_05_31_mouse_tcell_100FC+PRTC_100fmol_100ng_60k_PRM_50cm_wtrap_01.mzml:5210.69:decoyKPVPPAPYC[+57.0214635]PGDPTGMLEPEVVR+3	0	38638	3.971653	0.053240944	0.3307171	3.971653	3.9802532	0.97478473	0.9942803	1	0	0.282485	0.21186376	0.6799806	7.9090166	7.9090166	-2.9450269	0	23	0	0	1	0	836.0871417	2505.239596	86.84483	-.KPVPPAPYC[+57.0214635]PGDPTGMLEPEVVR.-	DECOY_DECOY_sp|B2RQC6|PYR1_MOUSE	-0.130477558290682	-6.295542187525406	1e-20
2023_05_31_mouse_tcell_100FC+PRTC_100fmol_100ng_60k_PRM_50cm_wtrap_01.mzml:5210.69:decoyKPVPPAPYC[+57.0214635]PGDPTGMLEPEVVR+3	0	38638	3.971653	0.053240944	0.3307171	3.971653	3.9802532	0.97478473	0.9942803	1	0	0.282485	0.21186376	0.6799806	7.9090166	7.9090166	-2.9450269	0	23	0	0	1	0	836.0871417	2505.239596	86.84483	-.KPVPPAPYC[+57.0214635]PGDPTGMLEPEVVR.-	DECOY_DECOY_sp|B2RQC6|PYR1_MOUSE	-0.130477558290682	-6.7152450000271	1e-20
2023_05_31_mouse_tcell_100FC+PRTC_100fmol_100ng_60k_PRM_50cm_wtrap_01.mzml:5213.669:decoySFALAEVLEPTQPR+2	0	38660	0.0	0.14939351	0.26256168	0.0	0.0	0.18463574	0.18560508	0	0	0.0	0.0	0.0	10.0	10.0	-2.5636423	0	14	0	1	0	0	779.4172058	1556.819859	86.894485	-.SFALAEVLEPTQPR.-	DECOY_DECOY_sp|Q6A0A9|F120A_MOUSE	-0.03071821380629	-0.05659775908939351	1e-20
2023_05_31_mouse_tcell_100FC+PRTC_100fmol_100ng_60k_PRM_50cm_wtrap_01.mzml:5243.484:decoyLFDGDAAMYNIAEMNK+2	0	38880	4.5960364	0.091977976	0.08592253	4.5960364	4.5997124	0.8836485	0.89115953	1	0	1.1033078	-0.82748085	0.0	10.0	10.0	-2.3509908	0	16	0	1	0	0	901.9080258	1801.801499	87.391396	-.LFDGDAAMYNIAEMNK.-	DECOY_DECOY_sp|P16045|LEG1_MOUSE	-0.1185170294426579	-1.5775025298229637	1e-20
2023_05_31_mouse_tcell_100FC+PRTC_100fmol_100ng_60k_PRM_50cm_wtrap_01.mzml:5255.6987:NSSYFVEWIPNNVK+2	1	38970	7.047141	0.5022008	0.7414869	5.6669297	5.369145	0.13105327	0.06601809	4	4	2.5291197	-1.8968399	0.0	10.0	10.0	-2.8508198	0	14	0	1	0	0	848.9201068	1695.825661	87.59498	-.NSSYFVEWIPNNVK.-	sp|P68372|TBB4B_MOUSE;sp|P99024|TBB5_MOUSE;sp|Q7TMM9|TBB2A_MOUSE;sp|Q922F4|TBB6_MOUSE;sp|Q9CWF2|TBB2B_MOUSE;sp|Q9D6F9|TBB4A_MOUSE;sp|Q9ERD7|TBB3_MOUSE	-0.0073141799703599	-0.01045656840207008	1e-20
2023_05_31_mouse_tcell_100FC+PRTC_100fmol_100ng_60k_PRM_50cm_wtrap_01.mzml:5276.608:decoyRALDTTVPLPPGPPL+2	0	39124	4.2354393	0.6513171	0.6725827	4.2354393	4.238361	0.69210017	0.69677186	1	0	1.0066992	0.7550244	0.9976629	4.562302	3.7428272	-1.8913841	1	15	0	1	0	0	772.4457668	1542.876981	87.94347	-.RALDTTVPLPPGPPL.-	DECOY_DECOY_sp|Q9JL26|FMNL1_MOUSE	-0.0950120787379499	-0.7561786060381167	1e-20
2023_05_31_mouse_tcell_100FC+PRTC_100fmol_100ng_60k_PRM_50cm_wtrap_01.mzml:5279.7246:RPPGPPLPVTTDLAL+2	1	39147	8.352445	1.8545873	2.0729067	5.495112	5.197004	0.004873308	0.002453102	6	5	0.81206685	0.36561704	0.9969093	4.220211	3.0846746	-1.2902622	0	15	0	1	0	0	772.4457668	1542.876981	87.99541	-.RPPGPPLPVTTDLAL.-	sp|Q9JL26|FMNL1_MOUSE	0.012731368779934	0.014757682729893466	0.014757682729893466
2023_05_31_mouse_tcell_100FC+PRTC_100fmol_100ng_60k_PRM_50cm_wtrap_01.mzml:5282.1724:LGDLLISQFSGSNAEQMR+2	1	39165	0.0	0.0	-0.006428381	0.0	0.0	0.119466774	0.05998726	0	0	0.0	0.0	0.0	10.0	10.0	-2.4571123	0	18	0	1	0	0	983.4885643	1964.962576	88.03621	-.LGDLLISQFSGSNAEQMR.-	sp|Q60875|ARHG2_MOUSE	-0.0131291440685029	-0.01941704831587019	1e-20
2023_05_31_mouse_tcell_100FC+PRTC_100fmol_100ng_60k_PRM_50cm_wtrap_01.mzml:5282.1724:decoyLMQEANSGSFQSILLDGR+2	0	39165	0.0	-0.002243974	0.05255337	0.0	0.0	0.119466774	0.11997452	0	0	0.0	0.0	0.0	10.0	10.0	-2.4571123	0	18	0	1	0	0	983.4885643	1964.962576	88.03621	-.LMQEANSGSFQSILLDGR.-	DECOY_DECOY_sp|Q60875|ARHG2_MOUSE	-0.0175687189332739	-0.027126102032974903	1e-20
2023_05_31_mouse_tcell_100FC+PRTC_100fmol_100ng_60k_PRM_50cm_wtrap_01.mzml:5318.727:decoyGSIPVTNWGGDDVLPLK+2	0	39435	4.1723785	0.13166039	0.22101441	4.1723785	4.1761622	0.95024836	0.958563	1	1	0.35090384	0.26317787	0.0	10.0	10.0	-2.4569054	0	17	0	1	0	0	884.4674268	1766.920301	88.645454	-.GSIPVTNWGGDDVLPLK.-	DECOY_DECOY_sp|Q6NZJ6|IF4G1_MOUSE	-0.12787758141381	-4.487340584157333	1e-20
2023_05_31_mouse_tcell_100FC+PRTC_100fmol_100ng_60k_PRM_50cm_wtrap_01.mzml:5321.8394:decoyASDFMQQTLEPVTLK+2	0	39458	3.6687977	0.30241427	0.109964915	3.6687977	3.6709638	1.0589345	1.064229	1	1	0.27462414	-0.2059681	0.97176164	2.922445	1.9105533	-2.5828006	0	15	0	1	0	0	854.4347388	1706.854925	88.69732	-.ASDFMQQTLEPVTLK.-	DECOY_DECOY_sp|Q7TMM9|TBB2A_MOUSE;DECOY_DECOY_sp|Q9CWF2|TBB2B_MOUSE	-0.142804532941155	-55.12254971528583	1e-20
2023_05_31_mouse_tcell_100FC+PRTC_100fmol_100ng_60k_PRM_50cm_wtrap_01.mzml:5322.9487:decoySFALAEVLEPTQPR+2	0	39466	3.8282151	0.08915622	0.40733436	3.8282151	3.8304892	0.9485739	0.9535539	1	0	0.5503074	0.41273054	0.0	10.0	10.0	-2.3972135	0	14	0	1	0	0	779.4172058	1556.819859	88.71581	-.SFALAEVLEPTQPR.-	DECOY_DECOY_sp|Q6A0A9|F120A_MOUSE	-0.1303796788870799	-5.92077130004857	1e-20
2023_05_31_mouse_tcell_100FC+PRTC_100fmol_100ng_60k_PRM_50cm_wtrap_01.mzml:5324.2837:SPQTPELVEALAFR+2	1	39476	8.885112	1.15385	1.712749	5.182681	4.883925	0.007801679	0.003921319	7	4	1.8038877	-0.98937476	0.7249161	5.5207615	5.5207615	-0.50691843	0	14	0	1	0	0	779.4172058	1556.819859	88.73806	-.SPQTPELVEALAFR.-	sp|Q6A0A9|F120A_MOUSE	0.011107786911996	0.013357027252431325	0.013357027252431325
2023_05_31_mouse_tcell_100FC+PRTC_100fmol_100ng_60k_PRM_50cm_wtrap_01.mzml:5325.5254:MIEEAGAIISTR+2	1	39485	4.9888077	0.44076058	0.6017798	4.6877775	4.3928924	0.39886844	0.20227616	2	2	0.93763465	-0.703226	0.0	10.0	10.0	-3.0	0	12	0	1	0	0	645.8397453	1289.664938	88.75876	-.MIEEAGAIISTR.-	sp|Q91V12|BACH_MOUSE	-0.04294514556702	-0.09956051765086919	1e-20
2023_05_31_mouse_tcell_100FC+PRTC_100fmol_100ng_60k_PRM_50cm_wtrap_01.mzml:5325.5254:MIEEAGAIISTR+2	1	39485	4.9888077	0.44076058	0.6017798	4.6877775	4.3955603	0.39886844	0.20352262	2	2	0.93763465	-0.703226	0.0	10.0	10.0	-3.0	0	12	0	1	0	0	645.8397453	1289.664938	88.75876	-.MIEEAGAIISTR.-	sp|Q91V12|BACH_MOUSE	-0.04302378140854	-0.10004325074515927	1e-20
2023_05_31_mouse_tcell_100FC+PRTC_100fmol_100ng_60k_PRM_50cm_wtrap_01.mzml:5325.5254:MIEEAGAIISTR+2	1	39485	4.9888077	0.44076058	0.6017798	4.6877775	4.3955603	0.39886844	0.20352262	2	2	0.93763465	-0.703226	0.0	10.0	10.0	-3.0	0	12	0	1	0	0	645.8397453	1289.664938	88.75876	-.MIEEAGAIISTR.-	sp|Q91V12|BACH_MOUSE	-0.04302378140854	-0.10034549621568845	1e-20
2023_05_31_mouse_tcell_100FC+PRTC_100fmol_100ng_60k_PRM_50cm_wtrap_01.mzml:5355.505:decoyNVNNPIWEVFYSSK+2	0	39706	0.0	-0.002815714	-0.006907255	0.0	0.0	0.11692094	0.117797844	0	0	0.0	0.0	0.0	10.0	10.0	-3.0	0	14	0	1	0	0	848.9201068	1695.825661	89.258415	-.NVNNPIWEVFYSSK.-	DECOY_DECOY_sp|P68372|TBB4B_MOUSE;DECOY_DECOY_sp|P99024|TBB5_MOUSE;DECOY_DECOY_sp|Q7TMM9|TBB2A_MOUSE;DECOY_DECOY_sp|Q922F4|TBB6_MOUSE;DECOY_DECOY_sp|Q9CWF2|TBB2B_MOUSE;DECOY_DECOY_sp|Q9D6F9|TBB4A_MOUSE;DECOY_DECOY_sp|Q9ERD7|TBB3_MOUSE	-0.020798311296321	-0.032902246558934034	1e-20
2023_05_31_mouse_tcell_100FC+PRTC_100fmol_100ng_60k_PRM_50cm_wtrap_01.mzml:5372.997:SPQENLVPC[+57.0214635]DVLLLR+2	1	39835	0.0	0.0	-0.008694228	0.0	0.0	0.14427729	0.072517365	0	0	0.0	0.0	0.0	10.0	10.0	-2.289439	0	15	0	1	0	0	876.9692793	1751.924006	89.54995	-.SPQENLVPC[+57.0214635]DVLLLR.-	sp|Q9EPE9|AT131_MOUSE	-0.0178878096212109	-0.02767412630776516	1e-20
2023_05_31_mouse_tcell_100FC+PRTC_100fmol_100ng_60k_PRM_50cm_wtrap_01.mzml:5372.997:decoySLLLVDC[+57.0214635]PVLNEQPR+2	0	39835	0.0	0.0	0.10800055	0.0	0.0	0.14427729	0.14503473	0	0	0.0	0.0	0.0	10.0	10.0	-2.4972696	0	15	0	1	0	0	876.9692788	1751.924005	89.54995	-.SLLLVDC[+57.0214635]PVLNEQPR.-	DECOY_DECOY_sp|Q9EPE9|AT131_MOUSE	-0.02341995952227	-0.03774573852023474	1e-20
2023_05_31_mouse_tcell_100FC+PRTC_100fmol_100ng_60k_PRM_50cm_wtrap_01.mzml:5380.0713:decoyYSLVPIGDQEWFQVTRDPGSSFK+3	0	39887	2.6719763	0.030974017	0.3543667	2.6719763	2.6729522	1.1582203	1.1608263	1	1	2.5082111	-1.8811584	0.0	10.0	10.0	-2.832006	1	23	0	0	1	0	886.1062464	2655.29691	89.667854	-.YSLVPIGDQEWFQVTRDPGSSFK.-	DECOY_DECOY_sp|Q60837|I12R1_MOUSE	-0.1523957534955109	-117.64952169853441	1e-20
2023_05_31_mouse_tcell_100FC+PRTC_100fmol_100ng_60k_PRM_50cm_wtrap_01.mzml:5391.98:MFLNDFLNDQNR+2	1	39975	9.549353	1.3292027	1.4625479	4.943832	4.647982	0.023415543	0.011848264	8	8	1.5755916	-0.7068109	0.73402244	2.30151	-2.30151	-1.0578909	0	12	0	1	0	0	763.8564573	1525.698362	89.86633	-.MFLNDFLNDQNR.-	sp|Q8JZK9|HMCS1_MOUSE	0.011468514531485	0.013663106818374104	0.013663106818374104
2023_05_31_mouse_tcell_100FC+PRTC_100fmol_100ng_60k_PRM_50cm_wtrap_01.mzml:5391.98:MFLNDFLNDQNR+2	1	39975	9.549353	1.3292027	1.4625479	4.943832	4.647982	0.023415543	0.011848264	8	8	1.5755916	-0.7068109	0.73402244	2.30151	-2.30151	-1.0578909	0	12	0	1	0	0	763.8564573	1525.698362	89.86633	-.MFLNDFLNDQNR.-	sp|Q8JZK9|HMCS1_MOUSE	0.011468514531485	0.013642054265495253	0.013642054265495253
2023_05_31_mouse_tcell_100FC+PRTC_100fmol_100ng_60k_PRM_50cm_wtrap_01.mzml:5404.336:LFTPMDFEIEGNC[+57.0214635]EK+2	1	40066	9.670551	1.5378453	1.879384	5.065031	4.766815	0.003249396	0.001635259	8	8	1.5562927	-0.6629573	0.66247416	0.30454314	-0.30454314	-0.8248689	0	15	0	1	0	0	915.4078633	1828.801174	90.072266	-.LFTPMDFEIEGNC[+57.0214635]EK.-	sp|O35892|SP100_MOUSE	0.018931384056593	0.019750038502283507	0.019750038502283507
2023_05_31_mouse_tcell_100FC+PRTC_100fmol_100ng_60k_PRM_50cm_wtrap_01.mzml:5425.88:RPPGPPLPVTTDLAL+2	1	40225	0.0	-0.001417923	0.10499004	0.0	0.0	0.17850628	0.089855604	0	0	0.0	0.0	0.0	10.0	10.0	-3.0	0	15	0	1	0	0	772.4457668	1542.876981	90.43133	-.RPPGPPLPVTTDLAL.-	sp|Q9JL26|FMNL1_MOUSE	-0.0251151953056389	-0.0416966253246306	1e-20
2023_05_31_mouse_tcell_100FC+PRTC_100fmol_100ng_60k_PRM_50cm_wtrap_01.mzml:5439.566:decoyYSLVPIGDQEWFQVTRDPGSSFK+3	0	40326	4.32913	0.118749134	0.3874347	4.32913	4.3301063	0.7587119	0.7604189	1	0	3.1842616	2.3881962	0.0	10.0	10.0	-2.4177175	1	23	0	0	1	0	886.1062464	2655.29691	90.65943	-.YSLVPIGDQEWFQVTRDPGSSFK.-	DECOY_DECOY_sp|Q60837|I12R1_MOUSE	-0.1002949062686219	-0.9328634655346519	1e-20
2023_05_31_mouse_tcell_100FC+PRTC_100fmol_100ng_60k_PRM_50cm_wtrap_01.mzml:5441.034:GLPLVDDGGWNTVPISK+2	1	40337	10.6584835	1.7108821	3.336838	6.0529633	5.755717	0.013068372	0.00659136	8	5	0.86713046	-0.6503478	0.9977331	2.6031303	2.2498486	-1.308785	0	17	0	1	0	0	884.4674268	1766.920301	90.68391	-.GLPLVDDGGWNTVPISK.-	sp|Q6NZJ6|IF4G1_MOUSE	0.016601912978832	0.018205506846105547	0.018205506846105547
2023_05_31_mouse_tcell_100FC+PRTC_100fmol_100ng_60k_PRM_50cm_wtrap_01.mzml:5442.1416:YFSSGPDRTVQFWEQDGIPVLSK+3	1	40345	7.8304195	0.638834	0.6625473	4.973087	4.656224	0.010341471	0.005115895	6	1	1.965731	-0.93427277	0.0	10.0	10.0	0.5944638	1	23	0	0	1	0	886.1062464	2655.29691	90.70236	-.YFSSGPDRTVQFWEQDGIPVLSK.-	sp|Q60837|I12R1_MOUSE	0.015007366692816	0.016718163184493436	0.016718163184493436
2023_05_31_mouse_tcell_100FC+PRTC_100fmol_100ng_60k_PRM_50cm_wtrap_01.mzml:5454.4575:ALTVPELTQQMFDSK+2	1	40436	8.869024	1.4478991	1.872867	5.166593	4.867729	0.021403339	0.010755178	7	7	0.38890135	-0.028255623	0.9899989	3.954548	3.954548	-2.0062747	0	15	0	1	0	0	854.4347388	1706.854925	90.90762	-.ALTVPELTQQMFDSK.-	sp|Q7TMM9|TBB2A_MOUSE;sp|Q9CWF2|TBB2B_MOUSE	0.012946965098486	0.014741972059043054	0.014741972059043054
2023_05_31_mouse_tcell_100FC+PRTC_100fmol_100ng_60k_PRM_50cm_wtrap_01.mzml:5467.999:SPQTPELVEALAFR+2	1	40536	3.9095707	0.10125078	0.18065397	3.9095707	3.6108148	0.9485739	0.47677696	1	1	0.3077983	-0.23084871	0.0	10.0	10.0	-3.0	0	14	0	1	0	0	779.4172058	1556.819859	91.133316	-.SPQTPELVEALAFR.-	sp|Q6A0A9|F120A_MOUSE	-0.0966621384500599	-0.8111214226461548	1e-20
2023_05_31_mouse_tcell_100FC+PRTC_100fmol_100ng_60k_PRM_50cm_wtrap_01.mzml:5468.5327:decoyASDFMQQTLEPVTLK+2	0	40540	4.5649824	0.18431942	0.11543865	4.2639523	4.2661185	0.4790356	0.48143083	2	0	1.1336955	-0.46345997	0.9047221	4.123855	4.123855	-2.3587544	0	15	0	1	0	0	854.4347388	1706.854925	91.14221	-.ASDFMQQTLEPVTLK.-	DECOY_DECOY_sp|Q7TMM9|TBB2A_MOUSE;DECOY_DECOY_sp|Q9CWF2|TBB2B_MOUSE	-0.0638390563668499	-0.25668620580837564	1e-20
2023_05_31_mouse_tcell_100FC+PRTC_100fmol_100ng_60k_PRM_50cm_wtrap_01.mzml:5474.787:decoyLEC[+57.0214635]NGEIEFDMPTFK+2	0	40586	4.330919	0.183956	0.17353708	4.330919	4.3337326	0.7887302	0.7938569	1	1	0.07397836	-0.055483766	0.0	10.0	10.0	-2.073206	0	15	0	1	0	0	915.4078628	1828.801173	91.24645	-.LEC[+57.0214635]NGEIEFDMPTFK.-	DECOY_DECOY_sp|O35892|SP100_MOUSE	-0.1037482339143339	-1.1124116191925801	1e-20
2023_05_31_mouse_tcell_100FC+PRTC_100fmol_100ng_60k_PRM_50cm_wtrap_01.mzml:5481.1426:LFTPMDFEIEGNC[+57.0214635]EK+2	1	40633	4.30914	-0.002769946	0.06808443	4.30914	4.010924	0.7887302	0.39692846	1	1	0.35701373	-0.2677603	0.0	10.0	10.0	-2.422715	0	15	0	1	0	0	915.4078633	1828.801174	91.35238	-.LFTPMDFEIEGNC[+57.0214635]EK.-	sp|O35892|SP100_MOUSE	-0.077339556196792	-0.4089461464652289	1e-20
2023_05_31_mouse_tcell_100FC+PRTC_100fmol_100ng_60k_PRM_50cm_wtrap_01.mzml:5508.259:decoySLLLVDC[+57.0214635]PVLNEQPR+2	0	40833	0.0	-0.000907	-0.00543057	0.0	0.0	0.14427729	0.14503473	0	0	0.0	0.0	0.0	10.0	10.0	-2.449377	0	15	0	1	0	0	876.9692788	1751.924005	91.80431	-.SLLLVDC[+57.0214635]PVLNEQPR.-	DECOY_DECOY_sp|Q9EPE9|AT131_MOUSE	-0.02350413763531	-0.03804023952716838	1e-20
2023_05_31_mouse_tcell_100FC+PRTC_100fmol_100ng_60k_PRM_50cm_wtrap_01.mzml:5515.598:SPQENLVPC[+57.0214635]DVLLLR+2	1	40887	10.850115	2.221604	2.7725415	5.2903514	4.9915953	0.007576547	0.003808162	9	9	0.99958843	-0.6285928	0.9358007	1.7732996	1.1937023	4.1845407	0	15	0	1	0	0	876.9692793	1751.924006	91.926636	-.SPQENLVPC[+57.0214635]DVLLLR.-	sp|Q9EPE9|AT131_MOUSE	0.026332644681203	0.026332644681203	0.026332644681203
2023_05_31_mouse_tcell_100FC+PRTC_100fmol_100ng_60k_PRM_50cm_wtrap_01.mzml:5524.7964:ALTVPELTQQMFDSK+2	1	40955	9.055981	1.3895212	1.8487481	5.35355	5.054686	0.022598004	0.011355497	7	6	1.1200424	-0.213157	0.9988262	2.03872	1.7892097	-2.4111524	0	15	0	1	0	0	854.4347388	1706.854925	92.07994	-.ALTVPELTQQMFDSK.-	sp|Q7TMM9|TBB2A_MOUSE;sp|Q9CWF2|TBB2B_MOUSE	0.011391761311995	0.013592642554652456	0.013592642554652456
2023_05_31_mouse_tcell_100FC+PRTC_100fmol_100ng_60k_PRM_50cm_wtrap_01.mzml:5532.132:GLPLVDDGGWNTVPISK+2	1	41009	7.4553757	1.2628646	1.1742258	5.376194	5.0789475	0.05482672	0.027653227	5	5	1.3279084	-0.9959313	0.8997681	6.450221	-1.4635365	-2.0097425	0	17	0	1	0	0	884.4674268	1766.920301	92.202194	-.GLPLVDDGGWNTVPISK.-	sp|Q6NZJ6|IF4G1_MOUSE	0.005176911447441	0.006902548596588001	0.006902548596588001
2023_05_31_mouse_tcell_100FC+PRTC_100fmol_100ng_60k_PRM_50cm_wtrap_01.mzml:5533.333:YFSSGPDRTVQFWEQDGIPVLSK+3	1	41018	4.1560583	0.12462362	0.35761884	4.1560583	3.8560045	0.61424655	0.30427584	1	1	0.05908181	0.04431136	0.0	10.0	10.0	-2.226226	1	23	0	0	1	0	886.1062464	2655.29691	92.22221	-.YFSSGPDRTVQFWEQDGIPVLSK.-	sp|Q60837|I12R1_MOUSE	-0.0560219920975699	-0.18482469187745285	1e-20
2023_05_31_mouse_tcell_100FC+PRTC_100fmol_100ng_60k_PRM_50cm_wtrap_01.mzml:5533.5996:decoyGSIPVTNWGGDDVLPLK+2	0	41020	4.2579765	0.12693061	0.120456815	4.2579765	4.26176	0.95024836	0.958563	1	1	0.90015215	-0.6751141	0.6694289	6.2575703	-6.2575703	-2.4355059	0	17	0	1	0	0	884.4674268	1766.920301	92.22666	-.GSIPVTNWGGDDVLPLK.-	DECOY_DECOY_sp|Q6NZJ6|IF4G1_MOUSE	-0.130070026974015	-5.57855893466331	1e-20
2023_05_31_mouse_tcell_100FC+PRTC_100fmol_100ng_60k_PRM_50cm_wtrap_01.mzml:5543.524:decoyLEC[+57.0214635]NGEIEFDMPTFK+2	0	41093	0.0	-0.003060258	-0.01236195	0.0	0.0	0.13375571	0.13462514	0	0	0.0	0.0	0.0	10.0	10.0	-3.0	0	15	0	1	0	0	915.4078628	1828.801173	92.39207	-.LEC[+57.0214635]NGEIEFDMPTFK.-	DECOY_DECOY_sp|O35892|SP100_MOUSE	-0.0214381990117059	-0.034124308529973106	1e-20
2023_05_31_mouse_tcell_100FC+PRTC_100fmol_100ng_60k_PRM_50cm_wtrap_01.mzml:5595.613:EAVGDLLDAFK+2	1	41477	11.060577	1.8389828	2.3278322	5.500814	5.201842	0.003338029	0.001676942	9	9	0.7338593	0.28770024	0.9800906	4.467777	4.467777	-1.7370677	0	11	0	1	0	0	589.3086038	1176.602655	93.260216	-.EAVGDLLDAFK.-	sp|Q6NZJ6|IF4G1_MOUSE	0.011748876558265	0.013868704438808225	0.013868704438808225
2023_05_31_mouse_tcell_100FC+PRTC_100fmol_100ng_60k_PRM_50cm_wtrap_01.mzml:5600.2383:decoyAQTQEDTGTVINGIK+2	0	41511	5.0315557	0.04001664	0.28146607	4.7305255	4.7342014	0.45792815	0.4618205	2	0	2.6677153	-2.0007865	0.0	10.0	10.0	-2.2421112	0	15	0	1	0	0	787.9046603	1573.794768	93.3373	-.AQTQEDTGTVINGIK.-	DECOY_DECOY_sp|P52293|IMA1_MOUSE	-0.0634877378232799	-0.25264192577099015	1e-20
2023_05_31_mouse_tcell_100FC+PRTC_100fmol_100ng_60k_PRM_50cm_wtrap_01.mzml:5600.2383:decoyAQTQEDTGTVINGIK+2	0	41511	5.0315557	0.04001664	0.28146607	4.7305255	4.7342014	0.45792815	0.4618205	2	0	2.6677153	-2.0007865	0.0	10.0	10.0	-2.2421112	0	15	0	1	0	0	787.9046603	1573.794768	93.3373	-.AQTQEDTGTVINGIK.-	DECOY_DECOY_sp|P52293|IMA1_MOUSE	-0.0634877378232799	-0.25134632615165176	1e-20
2023_05_31_mouse_tcell_100FC+PRTC_100fmol_100ng_60k_PRM_50cm_wtrap_01.mzml:5603.2173:AIGNIVTGTDEQTQK+2	1	41533	5.3164473	0.20919317	0.39957395	5.015417	4.718063	0.60871065	0.3069423	2	0	3.0739248	2.1567504	0.0	10.0	10.0	-3.0	0	15	0	1	0	0	787.9046603	1573.794768	93.386955	-.AIGNIVTGTDEQTQK.-	sp|P52293|IMA1_MOUSE	-0.06406475311771	-0.26030520740459007	1e-20
2023_05_31_mouse_tcell_100FC+PRTC_100fmol_100ng_60k_PRM_50cm_wtrap_01.mzml:5603.2173:AIGNIVTGTDEQTQK+2	1	41533	5.3164473	0.20919317	0.39957395	5.015417	4.718063	0.60871065	0.3069423	2	0	3.0739248	2.1567504	0.0	10.0	10.0	-3.0	0	15	0	1	0	0	787.9046603	1573.794768	93.386955	-.AIGNIVTGTDEQTQK.-	sp|P52293|IMA1_MOUSE	-0.06406475311771	-0.25894235291556084	1e-20
2023_05_31_mouse_tcell_100FC+PRTC_100fmol_100ng_60k_PRM_50cm_wtrap_01.mzml:5622.7485:VLEVPPIVYLR+2	1	41677	10.578521	2.0515394	2.307834	5.973	5.673812	0.002446757	0.001228578	8	8	0.8521754	-0.63913155	0.99711204	3.4870358	2.703108	-1.317666	0	11	0	1	0	0	649.3975518	1296.780551	93.71248	-.VLEVPPIVYLR.-	sp|Q91V12|BACH_MOUSE	0.014162971597831	0.015985108294627973	0.015985108294627973
2023_05_31_mouse_tcell_100FC+PRTC_100fmol_100ng_60k_PRM_50cm_wtrap_01.mzml:5624.795:decoyVLYVIPPVELR+2	0	41692	5.7211175	0.7747664	0.57952106	5.4200873	5.120899	0.38833955	0.25743586	2	2	0.24841167	0.13866033	0.99711204	3.4870358	2.703108	-2.8285596	0	11	0	1	0	0	649.3975518	1296.780551	93.74658	-.VLYVIPPVELR.-	DECOY_DECOY_sp|Q91V12|BACH_MOUSE	-0.04535647271718	-0.10976550764157667	1e-20
2023_05_31_mouse_tcell_100FC+PRTC_100fmol_100ng_60k_PRM_50cm_wtrap_01.mzml:5658.0366:LLGATELPIVTPALR+2	1	41937	12.590219	1.9521283	3.2227597	6.030455	5.715967	0.00334787	0.001625271	10	9	0.27236453	-0.14667778	0.99783385	3.9015121	3.6031578	-1.2448764	0	15	0	1	0	0	782.4770668	1562.939581	94.30061	-.LLGATELPIVTPALR.-	sp|P52293|IMA1_MOUSE	0.018767799836783	0.019685790046190862	0.019685790046190862
2023_05_31_mouse_tcell_100FC+PRTC_100fmol_100ng_60k_PRM_50cm_wtrap_01.mzml:5660.0854:decoyLLAPTVIPLETAGLR+2	0	41952	4.8705854	0.24748766	0.8604351	4.8705854	4.5726924	0.95244086	0.5401563	1	1	0.11104333	-0.08328249	0.99783385	3.9015121	3.6031578	-2.2610765	0	15	0	1	0	0	782.4770668	1562.939581	94.334755	-.LLAPTVIPLETAGLR.-	DECOY_DECOY_sp|P52293|IMA1_MOUSE	-0.1015022339534299	-0.9918952482537707	1e-20
2023_05_31_mouse_tcell_100FC+PRTC_100fmol_100ng_60k_PRM_50cm_wtrap_01.mzml:5661.287:EAVGDLLDAFK+2	1	41961	4.1500835	0.14813545	0.4779895	4.1500835	3.851112	0.83516634	0.41956675	1	1	0.34269318	0.25701988	0.0	10.0	10.0	-3.0	0	11	0	1	0	0	589.3086038	1176.602655	94.35478	-.EAVGDLLDAFK.-	sp|Q6NZJ6|IF4G1_MOUSE	-0.0907776924980399	-0.6674321772236838	1e-20
2023_05_31_mouse_tcell_100FC+PRTC_100fmol_100ng_60k_PRM_50cm_wtrap_01.mzml:5673.7773:decoySAWNNGAGSQGFVFNDPRFIQGFPGK+3	0	42053	4.5887375	0.19243085	0.47321084	4.5887375	4.5949893	0.9492151	0.9629786	1	1	0.8468484	-0.6351363	0.0	10.0	10.0	-2.3528156	1	26	0	0	1	0	933.4526424	2797.336098	94.56296	-.SAWNNGAGSQGFVFNDPRFIQGFPGK.-	DECOY_DECOY_sp|P68372|TBB4B_MOUSE;DECOY_DECOY_sp|P99024|TBB5_MOUSE;DECOY_DECOY_sp|Q7TMM9|TBB2A_MOUSE;DECOY_DECOY_sp|Q9CWF2|TBB2B_MOUSE;DECOY_DECOY_sp|Q9D6F9|TBB4A_MOUSE	-0.12259449289247	-2.0136797555954646	1e-20
2023_05_31_mouse_tcell_100FC+PRTC_100fmol_100ng_60k_PRM_50cm_wtrap_01.mzml:5676.489:VLEVPPIVYLR+2	1	42073	4.5115013	-0.004830964	0.23835869	4.5115013	4.212313	0.8470187	0.42530927	1	1	0.50899106	-0.3817433	0.0	10.0	10.0	-2.9688702	0	11	0	1	0	0	649.3975518	1296.780551	94.60815	-.VLEVPPIVYLR.-	sp|Q91V12|BACH_MOUSE	-0.0906947128775479	-0.6605313051081791	1e-20
2023_05_31_mouse_tcell_100FC+PRTC_100fmol_100ng_60k_PRM_50cm_wtrap_01.mzml:5676.489:decoyVLYVIPPVELR+2	0	42073	4.5115013	-0.004568296	0.23910002	4.5115013	4.212313	0.8470187	0.4877501	1	1	0.50899106	-0.3817433	0.0	10.0	10.0	-3.0	0	11	0	1	0	0	649.3975518	1296.780551	94.60815	-.VLYVIPPVELR.-	DECOY_DECOY_sp|Q91V12|BACH_MOUSE	-0.0953334703296919	-0.766639990567939	1e-20
2023_05_31_mouse_tcell_100FC+PRTC_100fmol_100ng_60k_PRM_50cm_wtrap_01.mzml:5685.6924:WASSLENLLEDPEGVQR+2	1	42141	3.7480834	0.25	0.24204783	3.7480834	3.4484625	0.72875416	0.36556134	1	1	1.2603033	-0.94522744	0.0	10.0	10.0	-2.5629792	0	17	0	1	0	0	971.9788863	1941.94322	94.76154	-.WASSLENLLEDPEGVQR.-	sp|Q9CQE5|RGS10_MOUSE	-0.06980289524587	-0.3169872654694802	1e-20
2023_05_31_mouse_tcell_100FC+PRTC_100fmol_100ng_60k_PRM_50cm_wtrap_01.mzml:5689.9165:decoyEFADLLDGVAK+2	0	42172	0.0	-0.001229195	0.079316415	0.0	0.0	0.12804681	0.12363723	0	0	0.0	0.0	0.19854987	1.254248	1.254248	-3.0	0	11	0	1	0	0	589.3086038	1176.602655	94.83194	-.EFADLLDGVAK.-	DECOY_DECOY_sp|Q6NZJ6|IF4G1_MOUSE	-0.02962638728126	-0.053942384389463964	1e-20
2023_05_31_mouse_tcell_100FC+PRTC_100fmol_100ng_60k_PRM_50cm_wtrap_01.mzml:5740.2236:decoyEFADLLDGVAK+2	0	42543	4.306471	0.17528608	0.15785065	4.306471	4.308529	0.6956019	0.6938882	1	1	0.115203954	-0.08640297	0.0	10.0	10.0	-2.4233823	0	11	0	1	0	0	589.3086038	1176.602655	95.670395	-.EFADLLDGVAK.-	DECOY_DECOY_sp|Q6NZJ6|IF4G1_MOUSE	-0.1003508097092599	-0.9564299394512179	1e-20
2023_05_31_mouse_tcell_100FC+PRTC_100fmol_100ng_60k_PRM_50cm_wtrap_01.mzml:5766.3027:LLGATELPIVTPALR+2	1	42735	4.0513644	0.16931179	0.26306173	4.0513644	3.7534714	1.0023454	0.50260943	1	1	0.3942373	-0.295678	0.0	10.0	10.0	-3.0	0	15	0	1	0	0	782.4770668	1562.939581	96.10505	-.LLGATELPIVTPALR.-	sp|P52293|IMA1_MOUSE	-0.1019098332452699	-1.0351893587545837	1e-20
2023_05_31_mouse_tcell_100FC+PRTC_100fmol_100ng_60k_PRM_50cm_wtrap_01.mzml:5766.837:decoyWQVGEPDELLNELSSAR+2	0	42739	3.4749343	0.2247243	0.22004035	3.4749343	3.4763434	0.9317168	0.9347449	1	1	2.4026515	-1.8019886	0.6651869	6.3425107	6.3425107	-2.6312664	0	17	0	1	0	0	971.9788863	1941.94322	96.113945	-.WQVGEPDELLNELSSAR.-	DECOY_DECOY_sp|Q9CQE5|RGS10_MOUSE	-0.12403813454335	-2.455318970960672	1e-20
2023_05_31_mouse_tcell_100FC+PRTC_100fmol_100ng_60k_PRM_50cm_wtrap_01.mzml:5771.3345:WASSLENLLEDPEGVQR+2	1	42772	3.6909177	0.24288107	0.22389328	3.6909177	3.3912969	0.79065037	0.39661	1	1	2.1491575	1.6118681	0.7650615	5.335472	5.335472	-2.5772705	0	17	0	1	0	0	971.9788863	1941.94322	96.18891	-.WASSLENLLEDPEGVQR.-	sp|Q9CQE5|RGS10_MOUSE	-0.07832836097088	-0.422863599087548	1e-20
2023_05_31_mouse_tcell_100FC+PRTC_100fmol_100ng_60k_PRM_50cm_wtrap_01.mzml:5790.865:ATLWYVPLSLK+2	1	42916	11.192419	1.8362899	2.024512	5.632655	5.33777	0.01036864	0.005258197	9	8	0.7821336	0.2887301	0.9797043	3.8935578	2.6836226	-0.897027	0	11	0	1	0	0	645.8764523	1289.738352	96.51442	-.ATLWYVPLSLK.-	sp|Q91V12|BACH_MOUSE	0.013028927103971	0.014791664300390606	0.014791664300390606
2023_05_31_mouse_tcell_100FC+PRTC_100fmol_100ng_60k_PRM_50cm_wtrap_01.mzml:5790.865:ATLWYVPLSLK+2	1	42916	11.192419	1.8362899	2.024512	5.632655	5.3326836	0.01036864	0.005282652	9	8	0.7821336	0.2887301	0.9797043	3.8935578	2.6836226	-1.0184026	0	11	0	1	0	0	645.8764523	1289.738352	96.51442	-.ATLWYVPLSLK.-	sp|Q91V12|BACH_MOUSE	0.012895519000736	0.014705082228313428	0.014705082228313428
2023_05_31_mouse_tcell_100FC+PRTC_100fmol_100ng_60k_PRM_50cm_wtrap_01.mzml:5790.865:ATLWYVPLSLK+2	1	42916	11.192419	1.8362899	2.024512	5.632655	5.3326836	0.01036864	0.005282652	9	8	0.7821336	0.2887301	0.9797043	3.8935578	2.6836226	-1.0184026	0	11	0	1	0	0	645.8764523	1289.738352	96.51442	-.ATLWYVPLSLK.-	sp|Q91V12|BACH_MOUSE	0.012895519000736	0.014726835308532827	0.014726835308532827
2023_05_31_mouse_tcell_100FC+PRTC_100fmol_100ng_60k_PRM_50cm_wtrap_01.mzml:5790.865:ATLWYVPLSLK+2	1	42916	11.192419	1.8362899	2.024512	5.632655	5.3311915	0.01036864	0.005264535	9	8	0.7821336	0.2887301	0.9797043	3.8935578	2.6836226	-1.0965929	0	11	0	1	0	0	645.8764523	1289.738352	96.51442	-.ATLWYVPLSLK.-	sp|Q91V12|BACH_MOUSE	0.012821075622345	0.014663511674741243	0.014663511674741243
2023_05_31_mouse_tcell_100FC+PRTC_100fmol_100ng_60k_PRM_50cm_wtrap_01.mzml:5793.979:SGPFGQIFRPDNFVFGQSGAGNNWAK+3	1	42939	9.407276	1.1756678	1.268525	5.704845	5.3774767	0.033538006	0.016135631	7	7	1.8922979	-0.56006753	0.573458	5.1228104	5.1228104	0.32421494	0	26	0	0	1	0	933.4526424	2797.336098	96.566315	-.SGPFGQIFRPDNFVFGQSGAGNNWAK.-	sp|P68372|TBB4B_MOUSE;sp|P99024|TBB5_MOUSE;sp|Q7TMM9|TBB2A_MOUSE;sp|Q9CWF2|TBB2B_MOUSE;sp|Q9D6F9|TBB4A_MOUSE	0.017446083192209	0.018836889824315174	0.018836889824315174
2023_05_31_mouse_tcell_100FC+PRTC_100fmol_100ng_60k_PRM_50cm_wtrap_01.mzml:5803.3784:decoyLLAPTVIPLETAGLR+2	0	43008	0.0	0.0	-0.003333334	0.0	0.0	0.12778212	0.12483759	0	0	0.0	0.0	0.0	10.0	10.0	-3.0	0	15	0	1	0	0	782.4770668	1562.939581	96.72298	-.LLAPTVIPLETAGLR.-	DECOY_DECOY_sp|P52293|IMA1_MOUSE	-0.024684907594548	-0.04046018824414237	1e-20
2023_05_31_mouse_tcell_100FC+PRTC_100fmol_100ng_60k_PRM_50cm_wtrap_01.mzml:5804.0474:LALGIPLPELR+2	1	43013	6.591877	0.5839638	0.69996005	5.2116656	4.9158163	0.047345996	0.023957074	4	4	1.4372544	0.03834319	0.0	10.0	10.0	-2.811072	0	11	0	1	0	0	596.3766238	1190.738695	96.73412	-.LALGIPLPELR.-	sp|B2RQC6|PYR1_MOUSE	-0.0060454614957019	-0.008532168692288605	1e-20
2023_05_31_mouse_tcell_100FC+PRTC_100fmol_100ng_60k_PRM_50cm_wtrap_01.mzml:5813.98:decoyWQVGEPDELLNELSSAR+2	0	43086	0.0	0.0	-0.006615982	0.0	0.0	0.13992512	0.14037989	0	0	0.0	0.0	0.0	10.0	10.0	-3.0	0	17	0	1	0	0	971.9788863	1941.94322	96.899666	-.WQVGEPDELLNELSSAR.-	DECOY_DECOY_sp|Q9CQE5|RGS10_MOUSE	-0.0212775998710839	-0.03372958336853546	1e-20
2023_05_31_mouse_tcell_100FC+PRTC_100fmol_100ng_60k_PRM_50cm_wtrap_01.mzml:5830.6577:LALGIPLPELR+2	1	43209	11.367228	1.76106	2.5579317	5.8074646	5.5116153	0.004396872	0.002224817	9	7	0.5468201	0.11534078	0.9927294	5.8873916	5.8873916	-0.52199507	0	11	0	1	0	0	596.3766238	1190.738695	97.17763	-.LALGIPLPELR.-	sp|B2RQC6|PYR1_MOUSE	0.0121786375667529	0.014245315456868543	0.014245315456868543
2023_05_31_mouse_tcell_100FC+PRTC_100fmol_100ng_60k_PRM_50cm_wtrap_01.mzml:5830.6577:LALGIPLPELR+2	1	43209	11.367228	1.76106	2.5579317	5.8074646	5.5116153	0.004396872	0.002224817	9	7	0.5468201	0.11534078	0.9927294	5.8873916	5.8873916	-0.52199507	0	11	0	1	0	0	596.3766238	1190.738695	97.17763	-.LALGIPLPELR.-	sp|B2RQC6|PYR1_MOUSE	0.0121786375667529	0.014223764298839998	0.014223764298839998
2023_05_31_mouse_tcell_100FC+PRTC_100fmol_100ng_60k_PRM_50cm_wtrap_01.mzml:5867.6387:YGC[+57.0214635]EGPSHGGLPGASSEK+3	1	43482	3.8333712	0.3771625	0.26985613	3.8333712	3.5375216	0.9431019	0.47720954	1	1	2.2562354	-1.6921765	0.0	10.0	10.0	-2.5416572	0	18	0	0	1	0	597.265178	1788.773705	97.793976	-.YGC[+57.0214635]EGPSHGGLPGASSEK.-	sp|Q9WTK5|NFKB2_MOUSE	-0.0970677215682699	-0.8234756159418062	1e-20
2023_05_31_mouse_tcell_100FC+PRTC_100fmol_100ng_60k_PRM_50cm_wtrap_01.mzml:5877.419:LALGIPLPELR+2	1	43554	5.0270557	0.37239507	0.5327544	4.7260256	4.430176	0.30547234	0.154569	2	2	0.47309455	-0.045799106	0.0	10.0	10.0	-3.0	0	11	0	1	0	0	596.3766238	1190.738695	97.956985	-.LALGIPLPELR.-	sp|B2RQC6|PYR1_MOUSE	-0.035782913088224	-0.07175171143924396	1e-20
2023_05_31_mouse_tcell_100FC+PRTC_100fmol_100ng_60k_PRM_50cm_wtrap_01.mzml:5893.5464:SGPFGQIFRPDNFVFGQSGAGNNWAK+3	1	43673	0.0	-0.001037965	0.23442075	0.0	0.0	0.10484109	0.050648805	0	0	0.0	0.0	0.0	10.0	10.0	-3.0	0	26	0	0	1	0	933.4526424	2797.336098	98.22578	-.SGPFGQIFRPDNFVFGQSGAGNNWAK.-	sp|P68372|TBB4B_MOUSE;sp|P99024|TBB5_MOUSE;sp|Q7TMM9|TBB2A_MOUSE;sp|Q9CWF2|TBB2B_MOUSE;sp|Q9D6F9|TBB4A_MOUSE	-0.0097962902144499	-0.014242440763757669	1e-20
2023_05_31_mouse_tcell_100FC+PRTC_100fmol_100ng_60k_PRM_50cm_wtrap_01.mzml:5893.5464:decoySAWNNGAGSQGFVFNDPRFIQGFPGK+3	0	43673	0.0	-0.001660916	0.29220545	0.0	0.0	0.104841076	0.106361285	0	0	0.0	0.0	0.0	10.0	10.0	-3.0	1	26	0	0	1	0	933.4526424	2797.336098	98.22578	-.SAWNNGAGSQGFVFNDPRFIQGFPGK.-	DECOY_DECOY_sp|P68372|TBB4B_MOUSE;DECOY_DECOY_sp|P99024|TBB5_MOUSE;DECOY_DECOY_sp|Q7TMM9|TBB2A_MOUSE;DECOY_DECOY_sp|Q9CWF2|TBB2B_MOUSE;DECOY_DECOY_sp|Q9D6F9|TBB4A_MOUSE	-0.013978991882151	-0.020753426409654944	1e-20
2023_05_31_mouse_tcell_100FC+PRTC_100fmol_100ng_60k_PRM_50cm_wtrap_01.mzml:5894.3477:decoyYESSAGPLGGHSPGEC[+57.0214635]GK+3	0	43679	4.580884	0.26044533	0.10434748	4.279854	4.285034	0.38797095	0.3771016	2	2	6.1588917	4.6191688	0.0	10.0	10.0	-2.1200166	0	18	0	0	1	0	597.2651777	1788.773704	98.23913	-.YESSAGPLGGHSPGEC[+57.0214635]GK.-	DECOY_DECOY_sp|Q9WTK5|NFKB2_MOUSE	-0.05778190816088	-0.20462217018440074	1e-20
2023_05_31_mouse_tcell_100FC+PRTC_100fmol_100ng_60k_PRM_50cm_wtrap_01.mzml:5894.3477:decoyYESSAGPLGGHSPGEC[+57.0214635]GK+3	0	43679	4.580884	0.26044533	0.10434748	4.279854	4.285034	0.38797095	0.3771016	2	2	6.1588917	4.6191688	0.0	10.0	10.0	-2.1200166	0	18	0	0	1	0	597.2651777	1788.773704	98.23913	-.YESSAGPLGGHSPGEC[+57.0214635]GK.-	DECOY_DECOY_sp|Q9WTK5|NFKB2_MOUSE	-0.05778190816088	-0.20368782237533953	1e-20
2023_05_31_mouse_tcell_100FC+PRTC_100fmol_100ng_60k_PRM_50cm_wtrap_01.mzml:5906.167:decoyIPWDEEGPLGIIDLR+2	0	43766	4.101052	0.21612202	0.51986724	4.101052	4.103542	0.8154134	0.820102	1	1	2.4284666	1.8213499	0.0	10.0	10.0	-2.4747372	0	15	0	1	0	0	861.9566948	1721.898837	98.43612	-.IPWDEEGPLGIIDLR.-	DECOY_DECOY_sp|Q64261|CDK6_MOUSE	-0.1119192929120799	-1.3714554623512014	1e-20
2023_05_31_mouse_tcell_100FC+PRTC_100fmol_100ng_60k_PRM_50cm_wtrap_01.mzml:5917.8076:ATLWYVPLSLK+2	1	43852	5.708211	0.16732046	0.3695701	4.9300594	4.6351743	0.5105271	0.25890106	3	0	3.7067468	1.0827861	0.0	10.0	10.0	-3.0	0	11	0	1	0	0	645.8764523	1289.738352	98.63013	-.ATLWYVPLSLK.-	sp|Q91V12|BACH_MOUSE	-0.0564773950901	-0.18874696540933852	1e-20
2023_05_31_mouse_tcell_100FC+PRTC_100fmol_100ng_60k_PRM_50cm_wtrap_01.mzml:5917.8076:ATLWYVPLSLK+2	1	43852	5.708211	0.16732046	0.3695701	4.9300594	4.637842	0.5105271	0.2593875	3	0	3.7067468	1.0827861	0.0	10.0	10.0	-3.0	0	11	0	1	0	0	645.8764523	1289.738352	98.63013	-.ATLWYVPLSLK.-	sp|Q91V12|BACH_MOUSE	-0.05649988394228	-0.18964308871060936	1e-20
2023_05_31_mouse_tcell_100FC+PRTC_100fmol_100ng_60k_PRM_50cm_wtrap_01.mzml:5917.8076:ATLWYVPLSLK+2	1	43852	5.708211	0.16732046	0.3695701	4.9300594	4.637842	0.5105271	0.2593875	3	0	3.7067468	1.0827861	0.0	10.0	10.0	-3.0	0	11	0	1	0	0	645.8764523	1289.738352	98.63013	-.ATLWYVPLSLK.-	sp|Q91V12|BACH_MOUSE	-0.05649988394228	-0.19047122446917097	1e-20
2023_05_31_mouse_tcell_100FC+PRTC_100fmol_100ng_60k_PRM_50cm_wtrap_01.mzml:5917.8076:ATLWYVPLSLK+2	1	43852	5.708211	0.16732046	0.3695701	4.9300594	4.63635	0.5105271	0.2584979	3	0	3.7067468	1.0827861	0.0	10.0	10.0	-3.0	0	11	0	1	0	0	645.8764523	1289.738352	98.63013	-.ATLWYVPLSLK.-	sp|Q91V12|BACH_MOUSE	-0.05644168413508	-0.18781456962190413	1e-20
2023_05_31_mouse_tcell_100FC+PRTC_100fmol_100ng_60k_PRM_50cm_wtrap_01.mzml:5918.208:decoyALSLPVYWLTK+2	0	43855	6.051235	0.24951911	0.98819983	5.2730837	5.2792287	0.3801808	0.38403025	3	0	0.50257015	0.11019703	0.0	10.0	10.0	-2.8698845	0	11	0	1	0	0	645.8764523	1289.738352	98.6368	-.ALSLPVYWLTK.-	DECOY_DECOY_sp|Q91V12|BACH_MOUSE	-0.0530804580781999	-0.15821665496668078	1e-20
2023_05_31_mouse_tcell_100FC+PRTC_100fmol_100ng_60k_PRM_50cm_wtrap_01.mzml:5918.208:decoyALSLPVYWLTK+2	0	43855	6.051235	0.24951911	0.98819983	5.2730837	5.2818966	0.3801808	0.3863967	3	0	0.50257015	0.11019703	0.0	10.0	10.0	-2.9490418	0	11	0	1	0	0	645.8764523	1289.738352	98.6368	-.ALSLPVYWLTK.-	DECOY_DECOY_sp|Q91V12|BACH_MOUSE	-0.0533109397438499	-0.15951955613276017	1e-20
2023_05_31_mouse_tcell_100FC+PRTC_100fmol_100ng_60k_PRM_50cm_wtrap_01.mzml:5918.208:decoyALSLPVYWLTK+2	0	43855	6.051235	0.24951911	0.98819983	5.2730837	5.2818966	0.3801808	0.3863967	3	0	0.50257015	0.11019703	0.0	10.0	10.0	-2.9490418	0	11	0	1	0	0	645.8764523	1289.738352	98.6368	-.ALSLPVYWLTK.-	DECOY_DECOY_sp|Q91V12|BACH_MOUSE	-0.0533109397438499	-0.16014025479475535	1e-20
2023_05_31_mouse_tcell_100FC+PRTC_100fmol_100ng_60k_PRM_50cm_wtrap_01.mzml:5918.208:decoyALSLPVYWLTK+2	0	43855	6.051235	0.24951911	0.98819983	5.2730837	5.2804046	0.3801808	0.38664383	3	0	0.50257015	0.11019703	0.0	10.0	10.0	-2.11767	0	11	0	1	0	0	645.8764523	1289.738352	98.6368	-.ALSLPVYWLTK.-	DECOY_DECOY_sp|Q91V12|BACH_MOUSE	-0.0526109305574599	-0.15326655996361901	1e-20
2023_05_31_mouse_tcell_100FC+PRTC_100fmol_100ng_60k_PRM_50cm_wtrap_01.mzml:5929.84:decoyLLEPLPIGLAR+2	0	43941	4.4826355	0.0672581	0.6363075	4.4826355	4.4878163	0.980547	0.9923137	1	0	0.6200195	-0.46501464	0.0	10.0	10.0	-2.4709797	0	11	0	1	0	0	596.3766238	1190.738695	98.830666	-.LLEPLPIGLAR.-	DECOY_DECOY_sp|B2RQC6|PYR1_MOUSE	-0.14031062760376	-36.10660150336758	1e-20
2023_05_31_mouse_tcell_100FC+PRTC_100fmol_100ng_60k_PRM_50cm_wtrap_01.mzml:5929.84:decoyLLEPLPIGLAR+2	0	43941	4.4826355	0.0672581	0.6363075	4.4826355	4.4878163	0.980547	0.9923137	1	0	0.6200195	-0.46501464	0.0	10.0	10.0	-2.4709797	0	11	0	1	0	0	596.3766238	1190.738695	98.830666	-.LLEPLPIGLAR.-	DECOY_DECOY_sp|B2RQC6|PYR1_MOUSE	-0.14031062760376	-27.079951127525682	1e-20
2023_05_31_mouse_tcell_100FC+PRTC_100fmol_100ng_60k_PRM_50cm_wtrap_01.mzml:5945.0264:ILDIIGLPGEEDWPR+2	1	44053	6.8004913	0.8853223	1.1211983	4.7213097	4.4227695	0.055493414	0.02790625	5	5	1.0632758	-0.46206045	0.0	10.0	10.0	0.75532866	0	15	0	1	0	0	861.9566948	1721.898837	99.08377	-.ILDIIGLPGEEDWPR.-	sp|Q64261|CDK6_MOUSE	0.006866981220654	0.008970066839839067	0.008970066839839067
2023_05_31_mouse_tcell_100FC+PRTC_100fmol_100ng_60k_PRM_50cm_wtrap_01.mzml:5959.6484:decoyLLEPLPIGLAR+2	0	44161	4.243769	0.1701664	0.38367826	4.243769	4.2489495	0.980547	0.9923137	1	1	0.5080738	-0.38105536	0.0	10.0	10.0	-2.7021408	0	11	0	1	0	0	596.3766238	1190.738695	99.32748	-.LLEPLPIGLAR.-	DECOY_DECOY_sp|B2RQC6|PYR1_MOUSE	-0.13979358443242	-17.986774530304704	1e-20
2023_05_31_mouse_tcell_100FC+PRTC_100fmol_100ng_60k_PRM_50cm_wtrap_01.mzml:5959.6484:decoyLLEPLPIGLAR+2	0	44161	4.243769	0.1701664	0.38367826	4.243769	4.2489495	0.980547	0.9923137	1	1	0.5080738	-0.38105536	0.0	10.0	10.0	-2.7021408	0	11	0	1	0	0	596.3766238	1190.738695	99.32748	-.LLEPLPIGLAR.-	DECOY_DECOY_sp|B2RQC6|PYR1_MOUSE	-0.13979358443242	-21.584129436365647	1e-20
2023_05_31_mouse_tcell_100FC+PRTC_100fmol_100ng_60k_PRM_50cm_wtrap_01.mzml:5986.4663:ILDIIGLPGEEDWPR+2	1	44359	4.1377873	-0.003318607	0.1133628	4.1377873	3.8392475	0.7003145	0.3521706	1	1	2.9495554	-2.2121665	0.0	10.0	10.0	-2.4140935	0	15	0	1	0	0	861.9566948	1721.898837	99.77444	-.ILDIIGLPGEEDWPR.-	sp|Q64261|CDK6_MOUSE	-0.0721637090274189	-0.329647238870813	1e-20
2023_05_31_mouse_tcell_100FC+PRTC_100fmol_100ng_60k_PRM_50cm_wtrap_01.mzml:5993.117:decoyIPWDEEGPLGIIDLR+2	0	44408	4.6120877	0.31602457	0.43202648	4.3110576	4.3135476	0.34488824	0.34687135	2	2	4.51959	3.3896923	0.0	10.0	10.0	-2.3469782	0	15	0	1	0	0	861.9566948	1721.898837	99.885284	-.IPWDEEGPLGIIDLR.-	DECOY_DECOY_sp|Q64261|CDK6_MOUSE	-0.0478694482446599	-0.1261270103920732	1e-20
